#ifdef __has_include
    #if __has_include("lvgl.h")
        #ifndef LV_LVGL_H_INCLUDE_SIMPLE
            #define LV_LVGL_H_INCLUDE_SIMPLE
        #endif
    #endif
#endif

#if defined(LV_LVGL_H_INCLUDE_SIMPLE)
    #include "lvgl.h"
#else
    #include "lvgl/lvgl.h"
#endif


#ifndef LV_ATTRIBUTE_MEM_ALIGN
#define LV_ATTRIBUTE_MEM_ALIGN
#endif

#ifndef LV_ATTRIBUTE_IMAGE_BATHWATER
#define LV_ATTRIBUTE_IMAGE_BATHWATER
#endif

const LV_ATTRIBUTE_MEM_ALIGN LV_ATTRIBUTE_LARGE_CONST LV_ATTRIBUTE_IMAGE_BATHWATER uint8_t bathwater_map[] = {
  0xe5, 0x18, 0xa5, 0x10, 0xa5, 0x10, 0xa5, 0x10, 0xa5, 0x10, 0xa5, 0x10, 0xa5, 0x10, 0xa5, 0x10, 0xa5, 0x10, 0xa5, 0x10, 0xa5, 0x10, 0xa5, 0x10, 0xa5, 0x10, 0xa5, 0x10, 0xa5, 0x10, 0xa5, 0x10,
  0xa5, 0x10, 0xa5, 0x10, 0xa5, 0x10, 0xa5, 0x10, 0xa5, 0x10, 0xa5, 0x10, 0xa5, 0x10, 0xa5, 0x10, 0xa5, 0x10, 0xa5, 0x10, 0xa5, 0x10, 0xa5, 0x10, 0xa5, 0x10, 0xa5, 0x10, 0xa5, 0x10, 0xa5, 0x10,
  0xe5, 0x18, 0xa5, 0x10, 0xa5, 0x10, 0xa5, 0x10, 0xa5, 0x10, 0xa5, 0x10, 0xa5, 0x10, 0xa5, 0x10, 0xa5, 0x10, 0xa5, 0x10, 0x68, 0x21, 0x68, 0x21, 0x68, 0x21, 0xa5, 0x10, 0xa5, 0x10, 0xa5, 0x10,
  0xa5, 0x10, 0xa5, 0x10, 0xa5, 0x10, 0xa5, 0x10, 0xa5, 0x10, 0xa5, 0x10, 0xa5, 0x10, 0xa5, 0x10, 0xa5, 0x10, 0xa5, 0x10, 0xa5, 0x10, 0xa5, 0x10, 0xa5, 0x10, 0xa5, 0x10, 0xa5, 0x10, 0xa5, 0x10,
  0xe5, 0x18, 0xa5, 0x10, 0xa5, 0x10, 0xa5, 0x10, 0xa5, 0x10, 0xa5, 0x10, 0xa5, 0x10, 0xa5, 0x10, 0xa5, 0x10, 0xa5, 0x10, 0xa5, 0x10, 0x88, 0x21, 0xa5, 0x10, 0xa5, 0x10, 0xa5, 0x10, 0xa5, 0x10,
  0xa5, 0x10, 0xa5, 0x10, 0xa5, 0x10, 0xa5, 0x10, 0xa5, 0x10, 0xa5, 0x10, 0xa5, 0x10, 0xa5, 0x10, 0xa5, 0x10, 0xa5, 0x10, 0xa5, 0x10, 0xa5, 0x10, 0xa5, 0x10, 0xa5, 0x10, 0xa5, 0x10, 0xa5, 0x10,
  0xe5, 0x18, 0xa5, 0x10, 0xa5, 0x10, 0xa5, 0x10, 0xa5, 0x10, 0xa5, 0x10, 0xa5, 0x10, 0xa5, 0x10, 0xa5, 0x10, 0xa5, 0x10, 0xa5, 0x10, 0xa5, 0x10, 0xa5, 0x10, 0xa5, 0x10, 0xa5, 0x10, 0xa5, 0x10,
  0xa5, 0x10, 0xa5, 0x10, 0xa5, 0x10, 0xa5, 0x10, 0xa5, 0x10, 0xa5, 0x10, 0xa5, 0x10, 0xa5, 0x10, 0xa5, 0x10, 0xa5, 0x10, 0xa5, 0x10, 0xa5, 0x10, 0xa5, 0x10, 0xa5, 0x10, 0xa5, 0x10, 0xa5, 0x10,
  0xe5, 0x18, 0xa5, 0x10, 0xa5, 0x10, 0xa5, 0x10, 0xa5, 0x10, 0xa5, 0x10, 0xa5, 0x10, 0xa5, 0x10, 0xa5, 0x10, 0xa5, 0x10, 0xa5, 0x10, 0xa5, 0x10, 0xa5, 0x10, 0xa5, 0x10, 0xa5, 0x10, 0xa5, 0x10,
  0xa5, 0x10, 0xa5, 0x10, 0xa5, 0x10, 0xa5, 0x10, 0xa5, 0x10, 0xa5, 0x10, 0xa5, 0x10, 0xa5, 0x10, 0xa5, 0x10, 0xa5, 0x10, 0xa5, 0x10, 0xa5, 0x10, 0xa5, 0x10, 0xa5, 0x10, 0xa5, 0x10, 0xa5, 0x10,
  0xe5, 0x18, 0xa5, 0x10, 0xa5, 0x10, 0xa5, 0x10, 0xa5, 0x10, 0xa5, 0x10, 0xa5, 0x10, 0xa5, 0x10, 0xa5, 0x10, 0xa5, 0x10, 0xa5, 0x10, 0xa5, 0x10, 0xa5, 0x10, 0xa5, 0x10, 0xa5, 0x10, 0xa5, 0x10,
  0xa5, 0x10, 0xa5, 0x10, 0xa5, 0x10, 0xa5, 0x10, 0xa5, 0x10, 0xa5, 0x10, 0xa5, 0x10, 0xa5, 0x10, 0xa5, 0x10, 0xa5, 0x10, 0xa5, 0x10, 0xa5, 0x10, 0xa5, 0x10, 0xa5, 0x10, 0xa5, 0x10, 0xa5, 0x10,
  0xe5, 0x18, 0xa5, 0x10, 0xa5, 0x10, 0xa5, 0x10, 0xa5, 0x10, 0xa5, 0x10, 0xa5, 0x10, 0xa5, 0x10, 0xa5, 0x10, 0xa5, 0x10, 0xa5, 0x10, 0xa5, 0x10, 0xa5, 0x10, 0xa5, 0x10, 0xa5, 0x10, 0xa5, 0x10,
  0xa5, 0x10, 0xa5, 0x10, 0xa5, 0x10, 0xa5, 0x10, 0xa5, 0x10, 0xa5, 0x10, 0xa5, 0x10, 0xa5, 0x10, 0xa5, 0x10, 0xa5, 0x10, 0xa5, 0x10, 0xa5, 0x10, 0xa5, 0x10, 0xa5, 0x10, 0xa5, 0x10, 0xa5, 0x10,
  0xe5, 0x18, 0xa5, 0x10, 0xa5, 0x10, 0xa5, 0x10, 0xa5, 0x10, 0xa5, 0x10, 0xa5, 0x10, 0xa5, 0x10, 0xa5, 0x10, 0xa5, 0x10, 0xa5, 0x10, 0xa5, 0x10, 0xa5, 0x10, 0xa5, 0x10, 0xa5, 0x10, 0xa5, 0x10,
  0xa5, 0x10, 0xa5, 0x10, 0xa5, 0x10, 0xa5, 0x10, 0xa5, 0x10, 0xa5, 0x10, 0xa5, 0x10, 0xa5, 0x10, 0xa5, 0x10, 0xa5, 0x10, 0xa5, 0x10, 0xa5, 0x10, 0xa5, 0x10, 0xa5, 0x10, 0xa5, 0x10, 0xa5, 0x10,
  0xe5, 0x18, 0xa5, 0x10, 0xa5, 0x10, 0xa5, 0x10, 0xa5, 0x10, 0xa5, 0x10, 0xa5, 0x10, 0xa5, 0x10, 0xa5, 0x10, 0xa5, 0x10, 0xa5, 0x10, 0xa5, 0x10, 0xa5, 0x10, 0xa5, 0x10, 0xa5, 0x10, 0xa5, 0x10,
  0xa5, 0x10, 0xa5, 0x10, 0xa5, 0x10, 0xa5, 0x10, 0xa5, 0x10, 0xa5, 0x10, 0xa5, 0x10, 0x68, 0x21, 0xa5, 0x10, 0xa5, 0x10, 0xa5, 0x10, 0xa5, 0x10, 0xa5, 0x10, 0xa5, 0x10, 0xa5, 0x10, 0xa5, 0x10,
  0xe5, 0x18, 0xa5, 0x10, 0xa5, 0x10, 0xa5, 0x10, 0xa5, 0x10, 0xa5, 0x10, 0xa5, 0x10, 0xa5, 0x10, 0xa5, 0x10, 0xa5, 0x10, 0xa5, 0x10, 0xa5, 0x10, 0xa5, 0x10, 0xa5, 0x10, 0xa5, 0x10, 0xa5, 0x10,
  0xa5, 0x10, 0xa5, 0x10, 0xa5, 0x10, 0xa5, 0x10, 0xa5, 0x10, 0xa5, 0x10, 0xa5, 0x10, 0xa5, 0x10, 0xa5, 0x10, 0xa5, 0x10, 0xa5, 0x10, 0xa5, 0x10, 0xa5, 0x10, 0xa5, 0x10, 0xa5, 0x10, 0xa5, 0x10,
  0xa5, 0x10, 0x84, 0x08, 0x84, 0x08, 0x84, 0x08, 0x84, 0x08, 0x84, 0x08, 0x84, 0x08, 0x84, 0x08, 0x84, 0x08, 0x84, 0x08, 0x84, 0x08, 0x84, 0x08, 0x84, 0x08, 0x84, 0x08, 0x84, 0x08, 0x84, 0x08,
  0x84, 0x08, 0x84, 0x08, 0x84, 0x08, 0x84, 0x08, 0x84, 0x08, 0x84, 0x08, 0x84, 0x08, 0x84, 0x08, 0x84, 0x08, 0x84, 0x08, 0x84, 0x08, 0x84, 0x08, 0x84, 0x08, 0x84, 0x08, 0x84, 0x08, 0x84, 0x08,
  0xa5, 0x10, 0x84, 0x08, 0x84, 0x08, 0x84, 0x08, 0x84, 0x08, 0x84, 0x08, 0x84, 0x08, 0x84, 0x08, 0x84, 0x08, 0x84, 0x08, 0x84, 0x08, 0x27, 0x19, 0x84, 0x08, 0x84, 0x08, 0x84, 0x08, 0x84, 0x08,
  0x84, 0x08, 0x84, 0x08, 0x84, 0x08, 0x84, 0x08, 0x84, 0x08, 0x84, 0x08, 0x84, 0x08, 0x84, 0x08, 0x84, 0x08, 0x84, 0x08, 0x84, 0x08, 0x84, 0x08, 0x84, 0x08, 0x84, 0x08, 0x84, 0x08, 0x84, 0x08,
  0xa5, 0x10, 0x84, 0x08, 0x84, 0x08, 0x84, 0x08, 0x84, 0x08, 0x84, 0x08, 0x84, 0x08, 0x84, 0x08, 0x84, 0x08, 0x84, 0x08, 0x84, 0x08, 0x48, 0x19, 0x84, 0x08, 0x84, 0x08, 0x84, 0x08, 0x84, 0x08,
  0x84, 0x08, 0x84, 0x08, 0x84, 0x08, 0x84, 0x08, 0x84, 0x08, 0x84, 0x08, 0x84, 0x08, 0x84, 0x08, 0x84, 0x08, 0x84, 0x08, 0x84, 0x08, 0x84, 0x08, 0x84, 0x08, 0x84, 0x08, 0x84, 0x08, 0x84, 0x08,
  0xa5, 0x10, 0x84, 0x08, 0x84, 0x08, 0x84, 0x08, 0x84, 0x08, 0x84, 0x08, 0x84, 0x08, 0x84, 0x08, 0x84, 0x08, 0x84, 0x08, 0x84, 0x08, 0x84, 0x08, 0x84, 0x08, 0x84, 0x08, 0x84, 0x08, 0x84, 0x08,
  0x84, 0x08, 0x84, 0x08, 0x84, 0x08, 0x84, 0x08, 0x84, 0x08, 0x84, 0x08, 0x84, 0x08, 0x84, 0x08, 0x84, 0x08, 0x84, 0x08, 0x84, 0x08, 0x84, 0x08, 0x84, 0x08, 0x84, 0x08, 0x84, 0x08, 0x84, 0x08,
  0xa5, 0x10, 0x84, 0x08, 0x84, 0x08, 0x84, 0x08, 0x84, 0x08, 0x84, 0x08, 0x84, 0x08, 0x84, 0x08, 0x84, 0x08, 0x84, 0x08, 0x84, 0x08, 0x84, 0x08, 0x84, 0x08, 0x84, 0x08, 0x84, 0x08, 0x84, 0x08,
  0x84, 0x08, 0x84, 0x08, 0x84, 0x08, 0x84, 0x08, 0x84, 0x08, 0x84, 0x08, 0x84, 0x08, 0x84, 0x08, 0x84, 0x08, 0x84, 0x08, 0x84, 0x08, 0x84, 0x08, 0x84, 0x08, 0x84, 0x08, 0x84, 0x08, 0x84, 0x08,
  0xa5, 0x10, 0x84, 0x08, 0x84, 0x08, 0x84, 0x08, 0x84, 0x08, 0x84, 0x08, 0x84, 0x08, 0x84, 0x08, 0x84, 0x08, 0x84, 0x08, 0x84, 0x08, 0x84, 0x08, 0x84, 0x08, 0x84, 0x08, 0x84, 0x08, 0x84, 0x08,
  0x84, 0x08, 0x84, 0x08, 0x84, 0x08, 0x84, 0x08, 0x84, 0x08, 0x84, 0x08, 0x84, 0x08, 0x84, 0x08, 0x84, 0x08, 0x84, 0x08, 0x84, 0x08, 0x84, 0x08, 0x84, 0x08, 0x84, 0x08, 0x84, 0x08, 0x84, 0x08,
  0xa5, 0x10, 0x84, 0x08, 0x84, 0x08, 0x84, 0x08, 0x84, 0x08, 0x84, 0x08, 0x84, 0x08, 0x84, 0x08, 0x84, 0x08, 0x84, 0x08, 0x84, 0x08, 0x84, 0x08, 0x84, 0x08, 0x84, 0x08, 0x84, 0x08, 0x84, 0x08,
  0x84, 0x08, 0x84, 0x08, 0x84, 0x08, 0x84, 0x08, 0x84, 0x08, 0x84, 0x08, 0x84, 0x08, 0x84, 0x08, 0x84, 0x08, 0x84, 0x08, 0x84, 0x08, 0x84, 0x08, 0x84, 0x08, 0x84, 0x08, 0x84, 0x08, 0x84, 0x08,
  0xa5, 0x10, 0x84, 0x08, 0x84, 0x08, 0x84, 0x08, 0x84, 0x08, 0x84, 0x08, 0x84, 0x08, 0x84, 0x08, 0x84, 0x08, 0x84, 0x08, 0x84, 0x08, 0x84, 0x08, 0x84, 0x08, 0x84, 0x08, 0x84, 0x08, 0x84, 0x08,
  0x84, 0x08, 0x84, 0x08, 0x84, 0x08, 0x84, 0x08, 0x84, 0x08, 0x84, 0x08, 0x84, 0x08, 0x84, 0x08, 0x84, 0x08, 0x84, 0x08, 0x84, 0x08, 0x84, 0x08, 0x84, 0x08, 0x84, 0x08, 0x84, 0x08, 0x84, 0x08,
  0xa5, 0x10, 0x84, 0x08, 0x84, 0x08, 0x84, 0x08, 0x84, 0x08, 0x84, 0x08, 0x84, 0x08, 0x84, 0x08, 0x84, 0x08, 0x84, 0x08, 0x84, 0x08, 0x84, 0x08, 0x84, 0x08, 0x84, 0x08, 0x84, 0x08, 0x84, 0x08,
  0x84, 0x08, 0x84, 0x08, 0x84, 0x08, 0x84, 0x08, 0x84, 0x08, 0x84, 0x08, 0x84, 0x08, 0x27, 0x19, 0x84, 0x08, 0x84, 0x08, 0x84, 0x08, 0x84, 0x08, 0x84, 0x08, 0x84, 0x08, 0x84, 0x08, 0x84, 0x08,
  0xa5, 0x10, 0x84, 0x08, 0x84, 0x08, 0x84, 0x08, 0x84, 0x08, 0x84, 0x08, 0x84, 0x08, 0x84, 0x08, 0x84, 0x08, 0x84, 0x08, 0x84, 0x08, 0x84, 0x08, 0x84, 0x08, 0x84, 0x08, 0x84, 0x08, 0x84, 0x08,
  0x84, 0x08, 0x84, 0x08, 0x84, 0x08, 0x84, 0x08, 0x84, 0x08, 0x84, 0x08, 0x84, 0x08, 0x84, 0x08, 0x84, 0x08, 0x84, 0x08, 0x84, 0x08, 0x84, 0x08, 0x84, 0x08, 0x84, 0x08, 0x84, 0x08, 0x84, 0x08,
  0xa5, 0x10, 0x84, 0x08, 0x84, 0x08, 0x84, 0x08, 0x84, 0x08, 0x84, 0x08, 0x84, 0x08, 0x84, 0x08, 0x84, 0x08, 0x84, 0x08, 0x84, 0x08, 0x84, 0x08, 0x84, 0x08, 0x84, 0x08, 0x84, 0x08, 0x84, 0x08,
  0x84, 0x08, 0x84, 0x08, 0x84, 0x08, 0x84, 0x08, 0x84, 0x08, 0x84, 0x08, 0x84, 0x08, 0x84, 0x08, 0x84, 0x08, 0x84, 0x08, 0x84, 0x08, 0x84, 0x08, 0x84, 0x08, 0x84, 0x08, 0x84, 0x08, 0x84, 0x08,
  0xa5, 0x10, 0x84, 0x08, 0x84, 0x08, 0x84, 0x08, 0x84, 0x08, 0x84, 0x08, 0x84, 0x08, 0x84, 0x08, 0x84, 0x08, 0x84, 0x08, 0x84, 0x08, 0x27, 0x19, 0x84, 0x08, 0x84, 0x08, 0x84, 0x08, 0x84, 0x08,
  0x84, 0x08, 0x84, 0x08, 0x84, 0x08, 0x84, 0x08, 0x84, 0x08, 0x84, 0x08, 0x84, 0x08, 0x84, 0x08, 0x84, 0x08, 0x84, 0x08, 0x84, 0x08, 0x84, 0x08, 0x84, 0x08, 0x84, 0x08, 0x84, 0x08, 0x84, 0x08,
  0xa5, 0x10, 0x84, 0x08, 0x84, 0x08, 0x84, 0x08, 0x84, 0x08, 0x84, 0x08, 0x84, 0x08, 0x84, 0x08, 0x84, 0x08, 0x84, 0x08, 0x84, 0x08, 0x48, 0x19, 0x84, 0x08, 0x84, 0x08, 0x84, 0x08, 0x84, 0x08,
  0x84, 0x08, 0x84, 0x08, 0x84, 0x08, 0x84, 0x08, 0x84, 0x08, 0x84, 0x08, 0x84, 0x08, 0x84, 0x08, 0x84, 0x08, 0x84, 0x08, 0x84, 0x08, 0x84, 0x08, 0x84, 0x08, 0x84, 0x08, 0x84, 0x08, 0x84, 0x08,
  0xa5, 0x10, 0x84, 0x08, 0x84, 0x08, 0x84, 0x08, 0x84, 0x08, 0x84, 0x08, 0x84, 0x08, 0x84, 0x08, 0x84, 0x08, 0x84, 0x08, 0x84, 0x08, 0x84, 0x08, 0x84, 0x08, 0x84, 0x08, 0x84, 0x08, 0x84, 0x08,
  0x84, 0x08, 0x84, 0x08, 0x84, 0x08, 0x84, 0x08, 0x84, 0x08, 0x84, 0x08, 0x84, 0x08, 0x84, 0x08, 0x84, 0x08, 0x84, 0x08, 0x84, 0x08, 0x84, 0x08, 0x84, 0x08, 0x84, 0x08, 0x84, 0x08, 0x84, 0x08,
  0xa5, 0x10, 0x84, 0x08, 0x84, 0x08, 0x84, 0x08, 0x84, 0x08, 0x84, 0x08, 0x84, 0x08, 0x84, 0x08, 0x84, 0x08, 0x84, 0x08, 0x84, 0x08, 0x84, 0x08, 0x84, 0x08, 0x84, 0x08, 0x84, 0x08, 0x84, 0x08,
  0x84, 0x08, 0x84, 0x08, 0x84, 0x08, 0x84, 0x08, 0x84, 0x08, 0x84, 0x08, 0x84, 0x08, 0x84, 0x08, 0x84, 0x08, 0x84, 0x08, 0x84, 0x08, 0x84, 0x08, 0x84, 0x08, 0x84, 0x08, 0x84, 0x08, 0x84, 0x08,
  0xa5, 0x10, 0x84, 0x08, 0x84, 0x08, 0x84, 0x08, 0x84, 0x08, 0x84, 0x08, 0x84, 0x08, 0x84, 0x08, 0x84, 0x08, 0x84, 0x08, 0x84, 0x08, 0x84, 0x08, 0x84, 0x08, 0x84, 0x08, 0x84, 0x08, 0x84, 0x08,
  0x84, 0x08, 0x84, 0x08, 0x84, 0x08, 0x84, 0x08, 0x84, 0x08, 0x84, 0x08, 0x84, 0x08, 0x84, 0x08, 0x84, 0x08, 0x84, 0x08, 0x84, 0x08, 0x84, 0x08, 0x84, 0x08, 0x84, 0x08, 0x84, 0x08, 0x84, 0x08,
  0xa5, 0x10, 0x84, 0x08, 0x84, 0x08, 0x84, 0x08, 0x84, 0x08, 0x84, 0x08, 0x84, 0x08, 0x84, 0x08, 0x84, 0x08, 0x84, 0x08, 0x84, 0x08, 0x84, 0x08, 0x84, 0x08, 0x84, 0x08, 0x84, 0x08, 0x84, 0x08,
  0x84, 0x08, 0x84, 0x08, 0x84, 0x08, 0x84, 0x08, 0x84, 0x08, 0x84, 0x08, 0x84, 0x08, 0x84, 0x08, 0x84, 0x08, 0x84, 0x08, 0x84, 0x08, 0x84, 0x08, 0x84, 0x08, 0x84, 0x08, 0x84, 0x08, 0x84, 0x08,
  0xa5, 0x10, 0x84, 0x08, 0x84, 0x08, 0x84, 0x08, 0x84, 0x08, 0x84, 0x08, 0x84, 0x08, 0x84, 0x08, 0x84, 0x08, 0x84, 0x08, 0x84, 0x08, 0x84, 0x08, 0x84, 0x08, 0x84, 0x08, 0x84, 0x08, 0x84, 0x08,
  0x84, 0x08, 0x84, 0x08, 0x84, 0x08, 0x84, 0x08, 0x84, 0x08, 0x84, 0x08, 0x84, 0x08, 0x84, 0x08, 0x84, 0x08, 0x84, 0x08, 0x84, 0x08, 0x84, 0x08, 0x84, 0x08, 0x84, 0x08, 0x84, 0x08, 0x84, 0x08,
  0xa5, 0x10, 0x84, 0x08, 0x84, 0x08, 0x84, 0x08, 0x84, 0x08, 0x84, 0x08, 0x84, 0x08, 0x84, 0x08, 0x84, 0x08, 0x84, 0x08, 0x84, 0x08, 0x84, 0x08, 0x84, 0x08, 0x84, 0x08, 0x84, 0x08, 0x84, 0x08,
  0x84, 0x08, 0x84, 0x08, 0x84, 0x08, 0x84, 0x08, 0x84, 0x08, 0x84, 0x08, 0x84, 0x08, 0x27, 0x19, 0x84, 0x08, 0x84, 0x08, 0x84, 0x08, 0x84, 0x08, 0x84, 0x08, 0x84, 0x08, 0x84, 0x08, 0x84, 0x08,
  0xa5, 0x10, 0x84, 0x08, 0x84, 0x08, 0x84, 0x08, 0x84, 0x08, 0x84, 0x08, 0x84, 0x08, 0x84, 0x08, 0x84, 0x08, 0x84, 0x08, 0x84, 0x08, 0x84, 0x08, 0x84, 0x08, 0x84, 0x08, 0x84, 0x08, 0x84, 0x08,
  0x84, 0x08, 0x84, 0x08, 0x84, 0x08, 0x84, 0x08, 0x84, 0x08, 0x84, 0x08, 0x84, 0x08, 0x84, 0x08, 0x84, 0x08, 0x84, 0x08, 0x84, 0x08, 0x84, 0x08, 0x84, 0x08, 0x84, 0x08, 0x84, 0x08, 0x84, 0x08,
  0xa5, 0x10, 0x84, 0x08, 0x84, 0x08, 0x84, 0x08, 0x84, 0x08, 0x84, 0x08, 0x84, 0x08, 0x84, 0x08, 0x84, 0x08, 0x84, 0x08, 0x84, 0x08, 0x84, 0x08, 0x84, 0x08, 0x84, 0x08, 0x84, 0x08, 0x84, 0x08,
  0x84, 0x08, 0x84, 0x08, 0x84, 0x08, 0x84, 0x08, 0x84, 0x08, 0x84, 0x08, 0x84, 0x08, 0x84, 0x08, 0x84, 0x08, 0x84, 0x08, 0x84, 0x08, 0x84, 0x08, 0x84, 0x08, 0x84, 0x08, 0x84, 0x08, 0x84, 0x08,
  0xa5, 0x10, 0x84, 0x08, 0x84, 0x08, 0x84, 0x08, 0x84, 0x08, 0x84, 0x08, 0x84, 0x08, 0x84, 0x08, 0x84, 0x08, 0x84, 0x08, 0x84, 0x08, 0x27, 0x19, 0x84, 0x08, 0x84, 0x08, 0x84, 0x08, 0x84, 0x08,
  0x84, 0x08, 0x84, 0x08, 0x84, 0x08, 0x84, 0x08, 0x84, 0x08, 0x84, 0x08, 0x84, 0x08, 0x84, 0x08, 0x84, 0x08, 0x84, 0x08, 0x84, 0x08, 0x84, 0x08, 0x84, 0x08, 0x84, 0x08, 0x84, 0x08, 0x84, 0x08,
  0xa5, 0x10, 0x84, 0x08, 0x84, 0x08, 0x84, 0x08, 0x84, 0x08, 0x84, 0x08, 0x84, 0x08, 0x84, 0x08, 0x84, 0x08, 0x84, 0x08, 0x84, 0x08, 0x48, 0x19, 0x84, 0x08, 0x84, 0x08, 0x84, 0x08, 0x84, 0x08,
  0x84, 0x08, 0x84, 0x08, 0x84, 0x08, 0x84, 0x08, 0x84, 0x08, 0x84, 0x08, 0x84, 0x08, 0x84, 0x08, 0x84, 0x08, 0x84, 0x08, 0x84, 0x08, 0x84, 0x08, 0x84, 0x08, 0x84, 0x08, 0x84, 0x08, 0x84, 0x08,
  0xa5, 0x10, 0x84, 0x08, 0x84, 0x08, 0x84, 0x08, 0x84, 0x08, 0x84, 0x08, 0x84, 0x08, 0x84, 0x08, 0x84, 0x08, 0x84, 0x08, 0x84, 0x08, 0x84, 0x08, 0x84, 0x08, 0x84, 0x08, 0x84, 0x08, 0x84, 0x08,
  0x84, 0x08, 0x84, 0x08, 0x84, 0x08, 0x84, 0x08, 0x84, 0x08, 0x84, 0x08, 0x84, 0x08, 0x84, 0x08, 0x84, 0x08, 0x84, 0x08, 0x84, 0x08, 0x84, 0x08, 0x84, 0x08, 0x84, 0x08, 0x84, 0x08, 0x84, 0x08,
  0xa5, 0x10, 0x84, 0x08, 0x84, 0x08, 0x84, 0x08, 0x84, 0x08, 0x84, 0x08, 0x84, 0x08, 0x84, 0x08, 0x84, 0x08, 0x84, 0x08, 0x84, 0x08, 0x84, 0x08, 0x84, 0x08, 0x84, 0x08, 0x84, 0x08, 0x84, 0x08,
  0x84, 0x08, 0x84, 0x08, 0x84, 0x08, 0x84, 0x08, 0x84, 0x08, 0x84, 0x08, 0x84, 0x08, 0x84, 0x08, 0x84, 0x08, 0x84, 0x08, 0x84, 0x08, 0x84, 0x08, 0x84, 0x08, 0x84, 0x08, 0x84, 0x08, 0x84, 0x08,
  0xa5, 0x10, 0x84, 0x08, 0x84, 0x08, 0x84, 0x08, 0x84, 0x08, 0x84, 0x08, 0x84, 0x08, 0x84, 0x08, 0x84, 0x08, 0x84, 0x08, 0x84, 0x08, 0x84, 0x08, 0x84, 0x08, 0x84, 0x08, 0x84, 0x08, 0x84, 0x08,
  0x84, 0x08, 0x84, 0x08, 0x84, 0x08, 0x84, 0x08, 0x84, 0x08, 0x84, 0x08, 0x84, 0x08, 0x84, 0x08, 0x84, 0x08, 0x84, 0x08, 0x84, 0x08, 0x84, 0x08, 0x84, 0x08, 0x84, 0x08, 0x84, 0x08, 0x84, 0x08,
  0xa5, 0x10, 0x84, 0x08, 0x84, 0x08, 0x84, 0x08, 0x84, 0x08, 0x84, 0x08, 0x84, 0x08, 0x84, 0x08, 0x84, 0x08, 0x84, 0x08, 0x84, 0x08, 0x84, 0x08, 0x84, 0x08, 0x84, 0x08, 0x84, 0x08, 0x84, 0x08,
  0x84, 0x08, 0x84, 0x08, 0x84, 0x08, 0x84, 0x08, 0x84, 0x08, 0x84, 0x08, 0x84, 0x08, 0x84, 0x08, 0x84, 0x08, 0x84, 0x08, 0x84, 0x08, 0x84, 0x08, 0x84, 0x08, 0x84, 0x08, 0x84, 0x08, 0x84, 0x08,
  0xa5, 0x10, 0x84, 0x08, 0x84, 0x08, 0x84, 0x08, 0x84, 0x08, 0x84, 0x08, 0x84, 0x08, 0x84, 0x08, 0x84, 0x08, 0x84, 0x08, 0x84, 0x08, 0x84, 0x08, 0x84, 0x08, 0x84, 0x08, 0x84, 0x08, 0x84, 0x08,
  0x84, 0x08, 0x84, 0x08, 0x84, 0x08, 0x84, 0x08, 0x84, 0x08, 0x84, 0x08, 0x84, 0x08, 0x84, 0x08, 0x84, 0x08, 0x84, 0x08, 0x84, 0x08, 0x84, 0x08, 0x84, 0x08, 0x84, 0x08, 0x84, 0x08, 0x84, 0x08,
  0xa5, 0x10, 0x84, 0x08, 0x84, 0x08, 0x84, 0x08, 0x84, 0x08, 0x84, 0x08, 0x84, 0x08, 0x84, 0x08, 0x84, 0x08, 0x84, 0x08, 0x84, 0x08, 0x84, 0x08, 0x84, 0x08, 0x84, 0x08, 0x84, 0x08, 0x84, 0x08,
  0x84, 0x08, 0x84, 0x08, 0x84, 0x08, 0x84, 0x08, 0x84, 0x08, 0x84, 0x08, 0x84, 0x08, 0x27, 0x19, 0x84, 0x08, 0x84, 0x08, 0x84, 0x08, 0x84, 0x08, 0x84, 0x08, 0x84, 0x08, 0x84, 0x08, 0x84, 0x08,
  0xa5, 0x10, 0x84, 0x08, 0x84, 0x08, 0x84, 0x08, 0x84, 0x08, 0x84, 0x08, 0x84, 0x08, 0x84, 0x08, 0x84, 0x08, 0x84, 0x08, 0x84, 0x08, 0x84, 0x08, 0x84, 0x08, 0x84, 0x08, 0x84, 0x08, 0x84, 0x08,
  0x84, 0x08, 0x84, 0x08, 0x84, 0x08, 0x84, 0x08, 0x84, 0x08, 0x84, 0x08, 0x84, 0x08, 0x84, 0x08, 0x84, 0x08, 0x84, 0x08, 0x84, 0x08, 0x84, 0x08, 0x84, 0x08, 0x84, 0x08, 0x84, 0x08, 0x84, 0x08,
  0xa5, 0x10, 0x84, 0x08, 0x84, 0x08, 0x84, 0x08, 0x84, 0x08, 0x84, 0x08, 0x84, 0x08, 0x84, 0x08, 0x84, 0x08, 0x84, 0x08, 0x84, 0x08, 0x84, 0x08, 0x84, 0x08, 0x84, 0x08, 0x84, 0x08, 0x84, 0x08,
  0x84, 0x08, 0x84, 0x08, 0x84, 0x08, 0x84, 0x08, 0x84, 0x08, 0x84, 0x08, 0x84, 0x08, 0x84, 0x08, 0x84, 0x08, 0x84, 0x08, 0x84, 0x08, 0x84, 0x08, 0x84, 0x08, 0x84, 0x08, 0x84, 0x08, 0x84, 0x08,
  0xa5, 0x10, 0x84, 0x08, 0x84, 0x08, 0x84, 0x08, 0x84, 0x08, 0x84, 0x08, 0x84, 0x08, 0x84, 0x08, 0x84, 0x08, 0x84, 0x08, 0x84, 0x08, 0x27, 0x19, 0x84, 0x08, 0x84, 0x08, 0x84, 0x08, 0x84, 0x08,
  0x84, 0x08, 0x84, 0x08, 0x84, 0x08, 0x84, 0x08, 0x84, 0x08, 0x84, 0x08, 0x84, 0x08, 0x84, 0x08, 0x84, 0x08, 0x84, 0x08, 0x84, 0x08, 0x84, 0x08, 0x84, 0x08, 0x84, 0x08, 0x84, 0x08, 0x84, 0x08,
  0xa5, 0x10, 0x84, 0x08, 0x84, 0x08, 0x84, 0x08, 0x84, 0x08, 0x84, 0x08, 0x84, 0x08, 0x84, 0x08, 0x84, 0x08, 0x84, 0x08, 0x84, 0x08, 0x48, 0x19, 0x84, 0x08, 0x84, 0x08, 0x84, 0x08, 0x84, 0x08,
  0x84, 0x08, 0x84, 0x08, 0x84, 0x08, 0x84, 0x08, 0x84, 0x08, 0x84, 0x08, 0x84, 0x08, 0x84, 0x08, 0x84, 0x08, 0x84, 0x08, 0x84, 0x08, 0x84, 0x08, 0x84, 0x08, 0x84, 0x08, 0x84, 0x08, 0x84, 0x08,
  0xa5, 0x10, 0x84, 0x08, 0x84, 0x08, 0x84, 0x08, 0x84, 0x08, 0x84, 0x08, 0x84, 0x08, 0x84, 0x08, 0x84, 0x08, 0x84, 0x08, 0x84, 0x08, 0x84, 0x08, 0x84, 0x08, 0x84, 0x08, 0x84, 0x08, 0x84, 0x08,
  0x84, 0x08, 0x84, 0x08, 0x84, 0x08, 0x84, 0x08, 0x84, 0x08, 0x84, 0x08, 0x84, 0x08, 0x84, 0x08, 0x84, 0x08, 0x84, 0x08, 0x84, 0x08, 0x84, 0x08, 0x84, 0x08, 0x84, 0x08, 0x84, 0x08, 0x84, 0x08,
  0xa5, 0x10, 0x84, 0x08, 0x84, 0x08, 0x84, 0x08, 0x84, 0x08, 0x84, 0x08, 0x84, 0x08, 0x84, 0x08, 0x84, 0x08, 0x84, 0x08, 0x84, 0x08, 0x84, 0x08, 0x84, 0x08, 0x84, 0x08, 0x84, 0x08, 0x84, 0x08,
  0x84, 0x08, 0x84, 0x08, 0x84, 0x08, 0x84, 0x08, 0x84, 0x08, 0x84, 0x08, 0x84, 0x08, 0x84, 0x08, 0x84, 0x08, 0x84, 0x08, 0x84, 0x08, 0x84, 0x08, 0x84, 0x08, 0x84, 0x08, 0x84, 0x08, 0x84, 0x08,
  0xa5, 0x10, 0x84, 0x08, 0x84, 0x08, 0x84, 0x08, 0x84, 0x08, 0x84, 0x08, 0x84, 0x08, 0x84, 0x08, 0x84, 0x08, 0x84, 0x08, 0x84, 0x08, 0x84, 0x08, 0x84, 0x08, 0x84, 0x08, 0x84, 0x08, 0x84, 0x08,
  0x84, 0x08, 0x84, 0x08, 0x84, 0x08, 0x84, 0x08, 0x84, 0x08, 0x84, 0x08, 0x84, 0x08, 0x84, 0x08, 0x84, 0x08, 0x84, 0x08, 0x84, 0x08, 0x84, 0x08, 0x84, 0x08, 0x84, 0x08, 0x84, 0x08, 0x84, 0x08,
  0xa5, 0x10, 0x84, 0x08, 0x84, 0x08, 0x84, 0x08, 0x84, 0x08, 0x84, 0x08, 0x84, 0x08, 0x84, 0x08, 0x84, 0x08, 0x84, 0x08, 0x84, 0x08, 0x84, 0x08, 0x84, 0x08, 0x84, 0x08, 0x84, 0x08, 0x84, 0x08,
  0x84, 0x08, 0x84, 0x08, 0x84, 0x08, 0x84, 0x08, 0x84, 0x08, 0x84, 0x08, 0x84, 0x08, 0x84, 0x08, 0x84, 0x08, 0x84, 0x08, 0x84, 0x08, 0x84, 0x08, 0x84, 0x08, 0x84, 0x08, 0x84, 0x08, 0x84, 0x08,
  0xa5, 0x10, 0x84, 0x08, 0x84, 0x08, 0x84, 0x08, 0x84, 0x08, 0x84, 0x08, 0x84, 0x08, 0x84, 0x08, 0x84, 0x08, 0x84, 0x08, 0x84, 0x08, 0x84, 0x08, 0x84, 0x08, 0x84, 0x08, 0x84, 0x08, 0x84, 0x08,
  0x84, 0x08, 0x84, 0x08, 0x84, 0x08, 0x84, 0x08, 0x84, 0x08, 0x84, 0x08, 0x84, 0x08, 0x84, 0x08, 0x84, 0x08, 0x84, 0x08, 0x84, 0x08, 0x84, 0x08, 0x84, 0x08, 0x84, 0x08, 0x84, 0x08, 0x84, 0x08,
  0xa5, 0x10, 0x84, 0x08, 0x84, 0x08, 0x84, 0x08, 0x84, 0x08, 0x84, 0x08, 0x84, 0x08, 0x84, 0x08, 0x84, 0x08, 0x84, 0x08, 0x84, 0x08, 0x84, 0x08, 0x84, 0x08, 0x84, 0x08, 0x84, 0x08, 0x84, 0x08,
  0x84, 0x08, 0x84, 0x08, 0x84, 0x08, 0x84, 0x08, 0x84, 0x08, 0x84, 0x08, 0x84, 0x08, 0x27, 0x19, 0x84, 0x08, 0x84, 0x08, 0x84, 0x08, 0x84, 0x08, 0x84, 0x08, 0x84, 0x08, 0x84, 0x08, 0x84, 0x08,
  0xa5, 0x10, 0x84, 0x08, 0x84, 0x08, 0x84, 0x08, 0x84, 0x08, 0x84, 0x08, 0x84, 0x08, 0x84, 0x08, 0x84, 0x08, 0x84, 0x08, 0x84, 0x08, 0x84, 0x08, 0x84, 0x08, 0x84, 0x08, 0x84, 0x08, 0x84, 0x08,
  0x84, 0x08, 0x84, 0x08, 0x84, 0x08, 0x84, 0x08, 0x84, 0x08, 0x84, 0x08, 0x84, 0x08, 0x84, 0x08, 0x84, 0x08, 0x84, 0x08, 0x84, 0x08, 0x84, 0x08, 0x84, 0x08, 0x84, 0x08, 0x84, 0x08, 0x84, 0x08,
  0xa5, 0x10, 0x84, 0x08, 0x84, 0x08, 0x84, 0x08, 0x84, 0x08, 0x84, 0x08, 0x84, 0x08, 0x84, 0x08, 0x84, 0x08, 0x84, 0x08, 0x84, 0x08, 0x84, 0x08, 0x84, 0x08, 0x84, 0x08, 0x84, 0x08, 0x84, 0x08,
  0x84, 0x08, 0x84, 0x08, 0x84, 0x08, 0x84, 0x08, 0x84, 0x08, 0x84, 0x08, 0x84, 0x08, 0x84, 0x08, 0x84, 0x08, 0x84, 0x08, 0x84, 0x08, 0x84, 0x08, 0x84, 0x08, 0x84, 0x08, 0x84, 0x08, 0x84, 0x08,
  0xa5, 0x10, 0x84, 0x08, 0x84, 0x08, 0x84, 0x08, 0x84, 0x08, 0x84, 0x08, 0x84, 0x08, 0x84, 0x08, 0x84, 0x08, 0x84, 0x08, 0x84, 0x08, 0x27, 0x19, 0x84, 0x08, 0x84, 0x08, 0x84, 0x08, 0x84, 0x08,
  0x84, 0x08, 0x84, 0x08, 0x84, 0x08, 0x84, 0x08, 0x84, 0x08, 0x84, 0x08, 0x84, 0x08, 0x84, 0x08, 0x84, 0x08, 0x84, 0x08, 0x84, 0x08, 0x84, 0x08, 0x84, 0x08, 0x84, 0x08, 0x84, 0x08, 0x84, 0x08,
  0xa5, 0x10, 0x84, 0x08, 0x84, 0x08, 0x84, 0x08, 0x84, 0x08, 0x84, 0x08, 0x84, 0x08, 0x84, 0x08, 0x84, 0x08, 0x84, 0x08, 0x84, 0x08, 0x48, 0x19, 0x84, 0x08, 0x84, 0x08, 0x84, 0x08, 0x84, 0x08,
  0x84, 0x08, 0x84, 0x08, 0x84, 0x08, 0x84, 0x08, 0x84, 0x08, 0x84, 0x08, 0x84, 0x08, 0x84, 0x08, 0x84, 0x08, 0x84, 0x08, 0x84, 0x08, 0x84, 0x08, 0x84, 0x08, 0x84, 0x08, 0x84, 0x08, 0x84, 0x08,
  0xa5, 0x10, 0x84, 0x08, 0x84, 0x08, 0x84, 0x08, 0x84, 0x08, 0x84, 0x08, 0x84, 0x08, 0x84, 0x08, 0x84, 0x08, 0x84, 0x08, 0x84, 0x08, 0x84, 0x08, 0x84, 0x08, 0x84, 0x08, 0x84, 0x08, 0x84, 0x08,
  0x84, 0x08, 0x84, 0x08, 0x84, 0x08, 0x84, 0x08, 0x84, 0x08, 0x84, 0x08, 0x84, 0x08, 0x84, 0x08, 0x84, 0x08, 0x84, 0x08, 0x84, 0x08, 0x84, 0x08, 0x84, 0x08, 0x84, 0x08, 0x84, 0x08, 0x84, 0x08,
  0xa5, 0x10, 0x84, 0x08, 0x84, 0x08, 0x84, 0x08, 0x84, 0x08, 0x84, 0x08, 0x84, 0x08, 0x84, 0x08, 0x84, 0x08, 0x84, 0x08, 0x84, 0x08, 0x84, 0x08, 0x84, 0x08, 0x84, 0x08, 0x84, 0x08, 0x84, 0x08,
  0x84, 0x08, 0x84, 0x08, 0x84, 0x08, 0x84, 0x08, 0x84, 0x08, 0x84, 0x08, 0x84, 0x08, 0x84, 0x08, 0x84, 0x08, 0x84, 0x08, 0x84, 0x08, 0x84, 0x08, 0x84, 0x08, 0x84, 0x08, 0x84, 0x08, 0x84, 0x08,
  0xa5, 0x10, 0x84, 0x08, 0x84, 0x08, 0x84, 0x08, 0x84, 0x08, 0x84, 0x08, 0x84, 0x08, 0x84, 0x08, 0x84, 0x08, 0x84, 0x08, 0x84, 0x08, 0x84, 0x08, 0x84, 0x08, 0x84, 0x08, 0x84, 0x08, 0x84, 0x08,
  0x84, 0x08, 0x84, 0x08, 0x84, 0x08, 0x84, 0x08, 0x84, 0x08, 0x84, 0x08, 0x84, 0x08, 0x84, 0x08, 0x84, 0x08, 0x84, 0x08, 0x84, 0x08, 0x84, 0x08, 0x84, 0x08, 0x84, 0x08, 0x84, 0x08, 0x84, 0x08,
  0xa5, 0x10, 0x84, 0x08, 0x84, 0x08, 0x84, 0x08, 0x84, 0x08, 0x84, 0x08, 0x84, 0x08, 0x84, 0x08, 0x84, 0x08, 0x84, 0x08, 0x84, 0x08, 0x84, 0x08, 0x84, 0x08, 0x84, 0x08, 0x84, 0x08, 0x84, 0x08,
  0x84, 0x08, 0x84, 0x08, 0x84, 0x08, 0x84, 0x08, 0x84, 0x08, 0x84, 0x08, 0x84, 0x08, 0x84, 0x08, 0x84, 0x08, 0x84, 0x08, 0x84, 0x08, 0x84, 0x08, 0x84, 0x08, 0x84, 0x08, 0x84, 0x08, 0x84, 0x08,
  0xa5, 0x10, 0x84, 0x08, 0x84, 0x08, 0x84, 0x08, 0x84, 0x08, 0x84, 0x08, 0x84, 0x08, 0x84, 0x08, 0x84, 0x08, 0x84, 0x08, 0x84, 0x08, 0x84, 0x08, 0x84, 0x08, 0x84, 0x08, 0x84, 0x08, 0x84, 0x08,
  0x84, 0x08, 0x84, 0x08, 0x84, 0x08, 0x84, 0x08, 0x84, 0x08, 0x84, 0x08, 0x84, 0x08, 0x84, 0x08, 0x84, 0x08, 0x84, 0x08, 0x84, 0x08, 0x84, 0x08, 0x84, 0x08, 0x84, 0x08, 0x84, 0x08, 0x84, 0x08,
  0xa5, 0x10, 0x84, 0x08, 0x84, 0x08, 0x84, 0x08, 0x84, 0x08, 0x84, 0x08, 0x84, 0x08, 0x84, 0x08, 0x84, 0x08, 0x84, 0x08, 0x84, 0x08, 0x84, 0x08, 0x84, 0x08, 0x84, 0x08, 0x84, 0x08, 0x84, 0x08,
  0x84, 0x08, 0x84, 0x08, 0x84, 0x08, 0x84, 0x08, 0x84, 0x08, 0x84, 0x08, 0x84, 0x08, 0x27, 0x19, 0x84, 0x08, 0x84, 0x08, 0x84, 0x08, 0x84, 0x08, 0x84, 0x08, 0x84, 0x08, 0x84, 0x08, 0x84, 0x08,
  0xa5, 0x10, 0x84, 0x08, 0x84, 0x08, 0x84, 0x08, 0x84, 0x08, 0x84, 0x08, 0x84, 0x08, 0x84, 0x08, 0x84, 0x08, 0x84, 0x08, 0x84, 0x08, 0x84, 0x08, 0x84, 0x08, 0x84, 0x08, 0x84, 0x08, 0x84, 0x08,
  0x84, 0x08, 0x84, 0x08, 0x84, 0x08, 0x84, 0x08, 0x84, 0x08, 0x84, 0x08, 0x84, 0x08, 0x84, 0x08, 0x84, 0x08, 0x84, 0x08, 0x84, 0x08, 0x84, 0x08, 0x84, 0x08, 0x84, 0x08, 0x84, 0x08, 0x84, 0x08,
  0xa5, 0x10, 0x84, 0x08, 0x84, 0x08, 0x84, 0x08, 0x84, 0x08, 0x84, 0x08, 0x84, 0x08, 0x84, 0x08, 0x84, 0x08, 0x84, 0x08, 0x84, 0x08, 0x84, 0x08, 0x84, 0x08, 0x84, 0x08, 0x84, 0x08, 0x84, 0x08,
  0x84, 0x08, 0x84, 0x08, 0x84, 0x08, 0x84, 0x08, 0x84, 0x08, 0x84, 0x08, 0x84, 0x08, 0x84, 0x08, 0x84, 0x08, 0xa4, 0x08, 0xe5, 0x10, 0xe5, 0x10, 0xc4, 0x10, 0xa4, 0x10, 0x83, 0x10, 0x63, 0x08,
  0xa4, 0x18, 0xc4, 0x18, 0xc4, 0x20, 0xa4, 0x20, 0xa3, 0x20, 0x83, 0x20, 0x83, 0x20, 0xa3, 0x28, 0xe4, 0x28, 0x04, 0x31, 0xe4, 0x38, 0x04, 0x39, 0xc3, 0x30, 0xc3, 0x30, 0xa3, 0x30, 0xa3, 0x30,
  0xa3, 0x30, 0x82, 0x30, 0x82, 0x28, 0x82, 0x28, 0x82, 0x28, 0x82, 0x28, 0x82, 0x28, 0x82, 0x28, 0x82, 0x28, 0x82, 0x28, 0x82, 0x28, 0x82, 0x28, 0x82, 0x28, 0x82, 0x28, 0x82, 0x28, 0x82, 0x28,
  0xa3, 0x30, 0xa3, 0x30, 0xa3, 0x30, 0xc3, 0x30, 0xc3, 0x30, 0xc3, 0x30, 0xc4, 0x30, 0xc3, 0x28, 0xc3, 0x28, 0xa3, 0x20, 0x83, 0x20, 0xe5, 0x20, 0x83, 0x18, 0xa3, 0x20, 0xe4, 0x20, 0xc4, 0x18,
  0xa4, 0x10, 0x83, 0x08, 0x83, 0x08, 0xa4, 0x10, 0xc5, 0x10, 0xc5, 0x10, 0x84, 0x08, 0x84, 0x08, 0x84, 0x08, 0x84, 0x08, 0x84, 0x08, 0x84, 0x08, 0x84, 0x08, 0x84, 0x08, 0x84, 0x08, 0x84, 0x08,
  0xa5, 0x10, 0x84, 0x08, 0x84, 0x08, 0x84, 0x08, 0x84, 0x08, 0x84, 0x08, 0x84, 0x08, 0x84, 0x08, 0x84, 0x08, 0x84, 0x08, 0x84, 0x08, 0x84, 0x08, 0x84, 0x08, 0x84, 0x08, 0x84, 0x08, 0x84, 0x08,
  0x84, 0x08, 0x84, 0x08, 0x84, 0x08, 0x84, 0x08, 0x84, 0x08, 0x84, 0x08, 0x84, 0x08, 0x84, 0x08, 0x84, 0x08, 0x84, 0x08, 0x84, 0x08, 0x84, 0x08, 0x84, 0x08, 0x84, 0x08, 0x84, 0x08, 0x84, 0x08,
  0xa5, 0x10, 0x84, 0x08, 0x84, 0x08, 0x84, 0x08, 0x84, 0x08, 0x84, 0x08, 0x84, 0x08, 0x84, 0x08, 0x84, 0x08, 0x84, 0x08, 0x84, 0x08, 0x84, 0x08, 0x84, 0x08, 0x84, 0x08, 0x84, 0x08, 0x84, 0x08,
  0x84, 0x08, 0x84, 0x08, 0x84, 0x08, 0x84, 0x08, 0x84, 0x08, 0x84, 0x08, 0x84, 0x08, 0x84, 0x08, 0x84, 0x08, 0x84, 0x08, 0x84, 0x08, 0x84, 0x08, 0x84, 0x08, 0x84, 0x08, 0x84, 0x08, 0x84, 0x08,
  0xa5, 0x10, 0x84, 0x08, 0x84, 0x08, 0x84, 0x08, 0x84, 0x08, 0x84, 0x08, 0x84, 0x08, 0x84, 0x08, 0x84, 0x08, 0x84, 0x08, 0x84, 0x08, 0x84, 0x08, 0x84, 0x08, 0x84, 0x08, 0x84, 0x08, 0x84, 0x08,
  0x84, 0x08, 0x84, 0x08, 0x84, 0x08, 0x84, 0x08, 0x84, 0x08, 0x84, 0x08, 0x84, 0x08, 0x84, 0x08, 0x84, 0x08, 0x84, 0x08, 0x84, 0x08, 0x84, 0x08, 0x84, 0x08, 0x84, 0x08, 0x84, 0x08, 0x84, 0x08,
  0xa5, 0x10, 0x84, 0x08, 0x84, 0x08, 0x84, 0x08, 0x84, 0x08, 0x84, 0x08, 0x84, 0x08, 0x84, 0x08, 0x84, 0x08, 0x84, 0x08, 0x84, 0x08, 0x84, 0x08, 0x84, 0x08, 0x84, 0x08, 0x84, 0x08, 0x84, 0x08,
  0x84, 0x08, 0x84, 0x08, 0x84, 0x08, 0x84, 0x08, 0x84, 0x08, 0x84, 0x08, 0x84, 0x08, 0x84, 0x08, 0x84, 0x08, 0x84, 0x08, 0x84, 0x08, 0x84, 0x08, 0x84, 0x08, 0x84, 0x08, 0x84, 0x08, 0x84, 0x08,
  0xa5, 0x10, 0x84, 0x08, 0x84, 0x08, 0x84, 0x08, 0x84, 0x08, 0x84, 0x08, 0x84, 0x08, 0x84, 0x08, 0x84, 0x08, 0x84, 0x08, 0x84, 0x08, 0x84, 0x08, 0x84, 0x08, 0x84, 0x08, 0x84, 0x08, 0x84, 0x08,
  0x84, 0x08, 0x84, 0x08, 0x84, 0x08, 0x84, 0x08, 0x84, 0x08, 0x84, 0x08, 0x84, 0x08, 0x84, 0x08, 0x84, 0x08, 0x84, 0x08, 0x84, 0x08, 0x84, 0x08, 0x84, 0x08, 0x84, 0x08, 0x84, 0x08, 0x84, 0x08,
  0xa5, 0x10, 0x84, 0x08, 0x84, 0x08, 0x84, 0x08, 0x84, 0x08, 0x84, 0x08, 0x84, 0x08, 0x84, 0x08, 0x84, 0x08, 0x84, 0x08, 0x84, 0x08, 0x84, 0x08, 0x84, 0x08, 0x84, 0x08, 0x84, 0x08, 0x84, 0x08,
  0x84, 0x08, 0x84, 0x08, 0x84, 0x08, 0x84, 0x08, 0x84, 0x08, 0x84, 0x08, 0x84, 0x08, 0x27, 0x19, 0x84, 0x08, 0x84, 0x08, 0x84, 0x08, 0x84, 0x08, 0x84, 0x08, 0x84, 0x08, 0x84, 0x08, 0x84, 0x08,
  0xa5, 0x10, 0x84, 0x08, 0x84, 0x08, 0x84, 0x08, 0x84, 0x08, 0x84, 0x08, 0x84, 0x08, 0x84, 0x08, 0x84, 0x08, 0x84, 0x08, 0x84, 0x08, 0x84, 0x08, 0x84, 0x08, 0x84, 0x08, 0x84, 0x08, 0x84, 0x08,
  0x84, 0x08, 0x84, 0x08, 0x84, 0x08, 0x84, 0x08, 0x84, 0x08, 0x84, 0x08, 0x84, 0x08, 0x84, 0x08, 0x84, 0x08, 0x84, 0x08, 0x84, 0x08, 0x84, 0x08, 0x84, 0x08, 0x84, 0x08, 0x84, 0x08, 0x84, 0x08,
  0xa5, 0x10, 0x84, 0x08, 0x84, 0x08, 0x84, 0x08, 0x84, 0x08, 0x84, 0x08, 0x84, 0x08, 0x84, 0x08, 0x84, 0x08, 0x84, 0x08, 0x84, 0x08, 0x84, 0x08, 0x84, 0x08, 0x84, 0x08, 0x84, 0x08, 0x84, 0x08,
  0x84, 0x08, 0x84, 0x08, 0x84, 0x08, 0x83, 0x10, 0x83, 0x10, 0xa3, 0x18, 0x62, 0x18, 0x83, 0x20, 0x82, 0x28, 0x62, 0x28, 0x62, 0x28, 0x41, 0x30, 0x20, 0x28, 0x00, 0x28, 0x00, 0x28, 0x00, 0x20,
  0x00, 0x28, 0x00, 0x20, 0x00, 0x20, 0x00, 0x20, 0x00, 0x20, 0x00, 0x20, 0x00, 0x20, 0x00, 0x20, 0x00, 0x20, 0x00, 0x20, 0x00, 0x18, 0x00, 0x18, 0x00, 0x18, 0x00, 0x18, 0x00, 0x18, 0x00, 0x18,
  0x00, 0x18, 0x00, 0x18, 0x00, 0x18, 0x00, 0x18, 0x00, 0x18, 0x00, 0x18, 0x00, 0x18, 0x00, 0x18, 0x00, 0x18, 0x00, 0x18, 0x00, 0x20, 0x00, 0x20, 0x00, 0x20, 0x00, 0x20, 0x00, 0x20, 0x00, 0x20,
  0x00, 0x20, 0x00, 0x20, 0x00, 0x20, 0x00, 0x20, 0x00, 0x20, 0x00, 0x20, 0x00, 0x20, 0x00, 0x20, 0x00, 0x20, 0x00, 0x20, 0x00, 0x20, 0x00, 0x20, 0x00, 0x20, 0x00, 0x28, 0x00, 0x28, 0x00, 0x28,
  0x00, 0x20, 0x00, 0x20, 0x00, 0x20, 0x00, 0x28, 0x20, 0x28, 0x41, 0x28, 0x21, 0x28, 0x41, 0x28, 0x83, 0x28, 0x62, 0x20, 0x83, 0x18, 0xa4, 0x18, 0x83, 0x10, 0xa4, 0x10, 0x84, 0x08, 0x84, 0x08,
  0xa5, 0x10, 0x84, 0x08, 0x84, 0x08, 0x84, 0x08, 0x84, 0x08, 0x84, 0x08, 0x84, 0x08, 0x84, 0x08, 0x84, 0x08, 0x84, 0x08, 0x84, 0x08, 0x84, 0x08, 0x84, 0x08, 0x84, 0x08, 0x84, 0x08, 0x84, 0x08,
  0x84, 0x08, 0x84, 0x08, 0x84, 0x08, 0x84, 0x08, 0x84, 0x08, 0x84, 0x08, 0x84, 0x08, 0x84, 0x08, 0x84, 0x08, 0x84, 0x08, 0x84, 0x08, 0x84, 0x08, 0x84, 0x08, 0x84, 0x08, 0x84, 0x08, 0x84, 0x08,
  0xa5, 0x10, 0x84, 0x08, 0x84, 0x08, 0x84, 0x08, 0x84, 0x08, 0x84, 0x08, 0x84, 0x08, 0x84, 0x08, 0x84, 0x08, 0x84, 0x08, 0x84, 0x08, 0x84, 0x08, 0x84, 0x08, 0x84, 0x08, 0x84, 0x08, 0x84, 0x08,
  0x84, 0x08, 0x84, 0x08, 0x84, 0x08, 0x84, 0x08, 0x84, 0x08, 0x84, 0x08, 0x84, 0x08, 0x84, 0x08, 0x84, 0x08, 0x84, 0x08, 0x84, 0x08, 0x84, 0x08, 0x84, 0x08, 0x84, 0x08, 0x84, 0x08, 0x84, 0x08,
  0xa5, 0x10, 0x84, 0x08, 0x84, 0x08, 0x84, 0x08, 0x84, 0x08, 0x84, 0x08, 0x84, 0x08, 0x84, 0x08, 0x84, 0x08, 0x84, 0x08, 0x84, 0x08, 0x84, 0x08, 0x84, 0x08, 0x84, 0x08, 0x84, 0x08, 0x84, 0x08,
  0x84, 0x08, 0x84, 0x08, 0x84, 0x08, 0x84, 0x08, 0x84, 0x08, 0x84, 0x08, 0x84, 0x08, 0x84, 0x08, 0x84, 0x08, 0x84, 0x08, 0x84, 0x08, 0x84, 0x08, 0x84, 0x08, 0x84, 0x08, 0x84, 0x08, 0x84, 0x08,
  0xa5, 0x10, 0x84, 0x08, 0x84, 0x08, 0x84, 0x08, 0x84, 0x08, 0x84, 0x08, 0x84, 0x08, 0x84, 0x08, 0x84, 0x08, 0x84, 0x08, 0x84, 0x08, 0x84, 0x08, 0x84, 0x08, 0x84, 0x08, 0x84, 0x08, 0x84, 0x08,
  0x84, 0x08, 0x84, 0x08, 0x84, 0x08, 0x84, 0x08, 0x84, 0x08, 0x84, 0x08, 0x84, 0x08, 0x84, 0x08, 0x84, 0x08, 0x84, 0x08, 0x84, 0x08, 0x84, 0x08, 0x84, 0x08, 0x84, 0x08, 0x84, 0x08, 0x84, 0x08,
  0xa5, 0x10, 0x84, 0x08, 0x84, 0x08, 0x84, 0x08, 0x84, 0x08, 0x84, 0x08, 0x84, 0x08, 0x84, 0x08, 0x84, 0x08, 0x84, 0x08, 0x84, 0x08, 0x84, 0x08, 0x84, 0x08, 0x84, 0x08, 0x84, 0x08, 0x84, 0x08,
  0x84, 0x08, 0x84, 0x08, 0x84, 0x08, 0x84, 0x08, 0x84, 0x08, 0x84, 0x08, 0x84, 0x08, 0x84, 0x08, 0x84, 0x08, 0x84, 0x08, 0x84, 0x08, 0x84, 0x08, 0x84, 0x08, 0x84, 0x08, 0x84, 0x08, 0x84, 0x08,
  0xa5, 0x10, 0x84, 0x08, 0x84, 0x08, 0x84, 0x08, 0x84, 0x08, 0x84, 0x08, 0x84, 0x08, 0x84, 0x08, 0x84, 0x08, 0x84, 0x08, 0x84, 0x08, 0x84, 0x08, 0x84, 0x08, 0x84, 0x08, 0x84, 0x08, 0x84, 0x08,
  0x84, 0x08, 0x84, 0x08, 0x84, 0x08, 0x84, 0x08, 0x84, 0x08, 0x84, 0x08, 0x84, 0x08, 0x27, 0x19, 0x84, 0x08, 0x84, 0x08, 0x84, 0x08, 0x84, 0x08, 0x84, 0x08, 0x84, 0x08, 0x84, 0x08, 0x84, 0x08,
  0xa5, 0x10, 0x84, 0x08, 0x84, 0x08, 0x84, 0x08, 0x84, 0x08, 0x84, 0x08, 0x84, 0x08, 0x84, 0x08, 0x84, 0x08, 0x84, 0x08, 0x84, 0x08, 0x84, 0x08, 0x84, 0x08, 0x84, 0x08, 0x84, 0x08, 0x84, 0x08,
  0x84, 0x08, 0x84, 0x08, 0x84, 0x08, 0x84, 0x08, 0x84, 0x08, 0x84, 0x08, 0x84, 0x08, 0x84, 0x08, 0x84, 0x08, 0x84, 0x08, 0x84, 0x08, 0x84, 0x08, 0x84, 0x08, 0x84, 0x08, 0x84, 0x08, 0x84, 0x08,
  0xa5, 0x10, 0x84, 0x08, 0x84, 0x08, 0x84, 0x08, 0x84, 0x08, 0x84, 0x08, 0x84, 0x08, 0x84, 0x08, 0x84, 0x08, 0x84, 0x08, 0x64, 0x08, 0x64, 0x08, 0x64, 0x08, 0x64, 0x08, 0x64, 0x08, 0x64, 0x08,
  0x63, 0x10, 0x83, 0x28, 0x21, 0x28, 0x00, 0x28, 0x00, 0x20, 0x00, 0x20, 0x00, 0x20, 0x00, 0x20, 0x00, 0x20, 0x00, 0x20, 0x00, 0x20, 0x00, 0x28, 0x00, 0x28, 0x20, 0x30, 0x62, 0x38, 0xc3, 0x40,
  0x04, 0x49, 0x45, 0x49, 0x86, 0x51, 0xc7, 0x59, 0x08, 0x62, 0x49, 0x62, 0x8a, 0x6a, 0xab, 0x72, 0xeb, 0x7a, 0x0c, 0x7b, 0x2d, 0x7b, 0x6e, 0x83, 0xae, 0x8b, 0xae, 0x8b, 0xcf, 0x8b, 0xef, 0x93,
  0xf0, 0x93, 0x10, 0x94, 0xf0, 0x93, 0xf0, 0x93, 0xef, 0x93, 0xf0, 0x93, 0x10, 0x94, 0x10, 0x94, 0xf0, 0x93, 0xef, 0x93, 0xaf, 0x8b, 0x6d, 0x83, 0x6d, 0x83, 0x4d, 0x7b, 0x2c, 0x7b, 0xeb, 0x72,
  0xeb, 0x6a, 0xcb, 0x6a, 0xab, 0x6a, 0xab, 0x6a, 0x8b, 0x62, 0x8a, 0x62, 0x6a, 0x62, 0x49, 0x62, 0x49, 0x5a, 0x08, 0x5a, 0xe8, 0x59, 0xc7, 0x51, 0xa7, 0x51, 0xa6, 0x51, 0x66, 0x49, 0x65, 0x49,
  0x25, 0x49, 0x04, 0x41, 0xc3, 0x40, 0x82, 0x38, 0x41, 0x30, 0x00, 0x30, 0x00, 0x28, 0x00, 0x28, 0x00, 0x20, 0x00, 0x28, 0x00, 0x20, 0x00, 0x20, 0x00, 0x28, 0x00, 0x28, 0x21, 0x28, 0x82, 0x28,
  0xc5, 0x18, 0x84, 0x08, 0x84, 0x08, 0x84, 0x08, 0x84, 0x08, 0x84, 0x08, 0x84, 0x08, 0x84, 0x08, 0x84, 0x08, 0x84, 0x08, 0x84, 0x08, 0x84, 0x08, 0x84, 0x08, 0x84, 0x08, 0x84, 0x08, 0x84, 0x08,
  0x84, 0x08, 0x84, 0x08, 0x84, 0x08, 0x84, 0x08, 0x84, 0x08, 0x84, 0x08, 0x84, 0x08, 0x84, 0x08, 0x84, 0x08, 0x84, 0x08, 0x84, 0x08, 0x84, 0x08, 0x84, 0x08, 0x84, 0x08, 0x84, 0x08, 0x84, 0x08,
  0xa5, 0x10, 0x84, 0x08, 0x84, 0x08, 0x84, 0x08, 0x84, 0x08, 0x84, 0x08, 0x84, 0x08, 0x84, 0x08, 0x84, 0x08, 0x84, 0x08, 0x84, 0x08, 0x84, 0x08, 0x84, 0x08, 0x84, 0x08, 0x84, 0x08, 0x84, 0x08,
  0x84, 0x08, 0x84, 0x08, 0x84, 0x08, 0x84, 0x08, 0x84, 0x08, 0x84, 0x08, 0x84, 0x08, 0x84, 0x08, 0x84, 0x08, 0x84, 0x08, 0x84, 0x08, 0x84, 0x08, 0x84, 0x08, 0x84, 0x08, 0x84, 0x08, 0x84, 0x08,
  0xa5, 0x10, 0x84, 0x08, 0x84, 0x08, 0x84, 0x08, 0x84, 0x08, 0x84, 0x08, 0x84, 0x08, 0x84, 0x08, 0x84, 0x08, 0x84, 0x08, 0x84, 0x08, 0x84, 0x08, 0x84, 0x08, 0x84, 0x08, 0x84, 0x08, 0x84, 0x08,
  0x84, 0x08, 0x84, 0x08, 0x84, 0x08, 0x84, 0x08, 0x84, 0x08, 0x84, 0x08, 0x84, 0x08, 0x84, 0x08, 0x84, 0x08, 0x84, 0x08, 0x84, 0x08, 0x84, 0x08, 0x84, 0x08, 0x84, 0x08, 0x84, 0x08, 0x84, 0x08,
  0xa5, 0x10, 0x84, 0x08, 0x84, 0x08, 0x84, 0x08, 0x84, 0x08, 0x84, 0x08, 0x84, 0x08, 0x84, 0x08, 0x84, 0x08, 0x84, 0x08, 0x84, 0x08, 0x84, 0x08, 0x84, 0x08, 0x84, 0x08, 0x84, 0x08, 0x84, 0x08,
  0x84, 0x08, 0x84, 0x08, 0x84, 0x08, 0x84, 0x08, 0x84, 0x08, 0x84, 0x08, 0x84, 0x08, 0x84, 0x08, 0x84, 0x08, 0x84, 0x08, 0x84, 0x08, 0x84, 0x08, 0x84, 0x08, 0x84, 0x08, 0x84, 0x08, 0x84, 0x08,
  0xa5, 0x10, 0x84, 0x08, 0x84, 0x08, 0x84, 0x08, 0x84, 0x08, 0x84, 0x08, 0x84, 0x08, 0x84, 0x08, 0x84, 0x08, 0x84, 0x08, 0x84, 0x08, 0x84, 0x08, 0x84, 0x08, 0x84, 0x08, 0x84, 0x08, 0x84, 0x08,
  0x84, 0x08, 0x84, 0x08, 0x84, 0x08, 0x84, 0x08, 0x84, 0x08, 0x84, 0x08, 0x84, 0x08, 0x84, 0x08, 0x84, 0x08, 0x84, 0x08, 0x84, 0x08, 0x84, 0x08, 0x84, 0x08, 0x84, 0x08, 0x84, 0x08, 0x84, 0x08,
  0xa5, 0x10, 0x84, 0x08, 0x84, 0x08, 0x84, 0x08, 0x84, 0x08, 0x84, 0x08, 0x84, 0x08, 0x84, 0x08, 0x84, 0x08, 0x84, 0x08, 0x84, 0x08, 0x84, 0x08, 0x84, 0x08, 0x84, 0x08, 0x84, 0x08, 0x84, 0x08,
  0x84, 0x08, 0x84, 0x08, 0x84, 0x08, 0x84, 0x08, 0x84, 0x08, 0x84, 0x08, 0x84, 0x08, 0x27, 0x19, 0x84, 0x08, 0x84, 0x08, 0x84, 0x08, 0x84, 0x08, 0x84, 0x08, 0x84, 0x08, 0x84, 0x08, 0x84, 0x08,
  0xa5, 0x10, 0x84, 0x08, 0x84, 0x08, 0x84, 0x08, 0x84, 0x08, 0x84, 0x08, 0x84, 0x08, 0x84, 0x08, 0x84, 0x08, 0x84, 0x08, 0x84, 0x08, 0x84, 0x08, 0x84, 0x08, 0x84, 0x08, 0x84, 0x08, 0x84, 0x08,
  0x84, 0x08, 0x84, 0x08, 0x84, 0x08, 0x84, 0x08, 0x84, 0x08, 0x84, 0x08, 0x84, 0x08, 0x84, 0x08, 0x84, 0x08, 0x84, 0x08, 0x84, 0x08, 0x84, 0x08, 0x84, 0x08, 0x84, 0x08, 0x84, 0x08, 0x84, 0x08,
  0xa5, 0x10, 0x84, 0x08, 0x84, 0x08, 0x84, 0x08, 0x84, 0x08, 0x84, 0x08, 0x84, 0x08, 0x84, 0x08, 0x84, 0x08, 0x84, 0x08, 0x64, 0x08, 0x64, 0x08, 0x64, 0x08, 0x64, 0x08, 0x64, 0x08, 0x42, 0x18,
  0x00, 0x28, 0x00, 0x20, 0x00, 0x28, 0x82, 0x38, 0x45, 0x51, 0x08, 0x62, 0xeb, 0x7a, 0x8e, 0x8b, 0x31, 0x9c, 0x14, 0xb5, 0xb6, 0xc5, 0xf7, 0xc5, 0x39, 0xce, 0x79, 0xd6, 0xdb, 0xde, 0xfb, 0xe6,
  0x7e, 0xf7, 0xff, 0xff, 0xff, 0xff, 0xff, 0xff, 0xff, 0xff, 0xff, 0xff, 0xff, 0xff, 0xff, 0xff, 0xff, 0xff, 0xff, 0xff, 0xff, 0xff, 0xbf, 0xf7, 0x7d, 0xef, 0x5d, 0xe7, 0x5d, 0xe7, 0x1c, 0xe7,
  0x1c, 0xe7, 0xdb, 0xd6, 0xba, 0xd6, 0x79, 0xce, 0x9a, 0xce, 0x79, 0xce, 0x59, 0xce, 0x39, 0xc6, 0x38, 0xc6, 0x18, 0xbe, 0xd7, 0xbd, 0x96, 0xb5, 0x35, 0xa5, 0x35, 0xa5, 0xf4, 0x9c, 0xb3, 0x94,
  0xcb, 0x6a, 0x6a, 0x62, 0x08, 0x52, 0x08, 0x52, 0x08, 0x52, 0x28, 0x5a, 0x29, 0x5a, 0x49, 0x5a, 0x6a, 0x62, 0x6a, 0x62, 0xab, 0x6a, 0xab, 0x6a, 0xec, 0x6a, 0xcc, 0x6a, 0x0c, 0x73, 0x0d, 0x73,
  0x6e, 0x7b, 0x8e, 0x83, 0xcf, 0x8b, 0xef, 0x8b, 0xf0, 0x8b, 0x30, 0x94, 0x10, 0x94, 0xcf, 0x8b, 0x8e, 0x83, 0x2c, 0x7b, 0xaa, 0x72, 0x08, 0x62, 0x24, 0x49, 0x41, 0x30, 0x00, 0x20, 0x00, 0x20,
  0x20, 0x30, 0xc4, 0x20, 0x84, 0x08, 0x84, 0x08, 0x84, 0x08, 0x84, 0x08, 0x84, 0x08, 0x84, 0x08, 0x84, 0x08, 0x84, 0x08, 0x84, 0x08, 0x84, 0x08, 0x84, 0x08, 0x84, 0x08, 0x84, 0x08, 0x84, 0x08,
  0x84, 0x08, 0x84, 0x08, 0x84, 0x08, 0x84, 0x08, 0x84, 0x08, 0x84, 0x08, 0x84, 0x08, 0x84, 0x08, 0x84, 0x08, 0x84, 0x08, 0x84, 0x08, 0x84, 0x08, 0x84, 0x08, 0x84, 0x08, 0x84, 0x08, 0x84, 0x08,
  0xa5, 0x10, 0x84, 0x08, 0x84, 0x08, 0x84, 0x08, 0x84, 0x08, 0x84, 0x08, 0x84, 0x08, 0x84, 0x08, 0x84, 0x08, 0x84, 0x08, 0x84, 0x08, 0x84, 0x08, 0x84, 0x08, 0x84, 0x08, 0x84, 0x08, 0x84, 0x08,
  0x84, 0x08, 0x84, 0x08, 0x84, 0x08, 0x84, 0x08, 0x84, 0x08, 0x84, 0x08, 0x84, 0x08, 0x84, 0x08, 0x84, 0x08, 0x84, 0x08, 0x84, 0x08, 0x84, 0x08, 0x84, 0x08, 0x84, 0x08, 0x84, 0x08, 0x84, 0x08,
  0xa5, 0x10, 0x84, 0x08, 0x84, 0x08, 0x84, 0x08, 0x84, 0x08, 0x84, 0x08, 0x84, 0x08, 0x84, 0x08, 0x84, 0x08, 0x84, 0x08, 0x84, 0x08, 0x84, 0x08, 0x84, 0x08, 0x84, 0x08, 0x84, 0x08, 0x84, 0x08,
  0x84, 0x08, 0x84, 0x08, 0x84, 0x08, 0x84, 0x08, 0x84, 0x08, 0x84, 0x08, 0x84, 0x08, 0x84, 0x08, 0x84, 0x08, 0x84, 0x08, 0x84, 0x08, 0x84, 0x08, 0x84, 0x08, 0x84, 0x08, 0x84, 0x08, 0x84, 0x08,
  0xa5, 0x10, 0x84, 0x08, 0x84, 0x08, 0x84, 0x08, 0x84, 0x08, 0x84, 0x08, 0x84, 0x08, 0x84, 0x08, 0x84, 0x08, 0x84, 0x08, 0x84, 0x08, 0x84, 0x08, 0x84, 0x08, 0x84, 0x08, 0x84, 0x08, 0x84, 0x08,
  0x84, 0x08, 0x84, 0x08, 0x84, 0x08, 0x84, 0x08, 0x84, 0x08, 0x84, 0x08, 0x84, 0x08, 0x84, 0x08, 0x84, 0x08, 0x84, 0x08, 0x84, 0x08, 0x84, 0x08, 0x84, 0x08, 0x84, 0x08, 0x84, 0x08, 0x84, 0x08,
  0xa5, 0x10, 0x84, 0x08, 0x84, 0x08, 0x84, 0x08, 0x84, 0x08, 0x84, 0x08, 0x84, 0x08, 0x84, 0x08, 0x84, 0x08, 0x84, 0x08, 0x84, 0x08, 0x84, 0x08, 0x84, 0x08, 0x84, 0x08, 0x84, 0x08, 0x84, 0x08,
  0x84, 0x08, 0x84, 0x08, 0x48, 0x19, 0x48, 0x19, 0x48, 0x19, 0x84, 0x08, 0x84, 0x08, 0x84, 0x08, 0x84, 0x08, 0x84, 0x08, 0x84, 0x08, 0x84, 0x08, 0x84, 0x08, 0x84, 0x08, 0x84, 0x08, 0x84, 0x08,
  0xa5, 0x10, 0x84, 0x08, 0x84, 0x08, 0x84, 0x08, 0x84, 0x08, 0x84, 0x08, 0x84, 0x08, 0x84, 0x08, 0x84, 0x08, 0x84, 0x08, 0x84, 0x08, 0x84, 0x08, 0x84, 0x08, 0x84, 0x08, 0x84, 0x08, 0x84, 0x08,
  0x84, 0x08, 0x84, 0x08, 0x84, 0x08, 0x84, 0x08, 0x84, 0x08, 0x84, 0x08, 0x84, 0x08, 0x27, 0x19, 0x84, 0x08, 0x84, 0x08, 0x84, 0x08, 0x84, 0x08, 0x84, 0x08, 0x84, 0x08, 0x84, 0x08, 0x84, 0x08,
  0xa5, 0x10, 0x84, 0x08, 0x84, 0x08, 0x84, 0x08, 0x84, 0x08, 0x84, 0x08, 0x84, 0x08, 0x84, 0x08, 0x84, 0x08, 0x84, 0x08, 0x84, 0x08, 0x84, 0x08, 0x84, 0x08, 0x84, 0x08, 0x84, 0x08, 0x84, 0x08,
  0x84, 0x08, 0x84, 0x08, 0x84, 0x08, 0x84, 0x08, 0x84, 0x08, 0x84, 0x08, 0x84, 0x08, 0x84, 0x08, 0x84, 0x08, 0x84, 0x08, 0x84, 0x08, 0x84, 0x08, 0x84, 0x08, 0x84, 0x08, 0x84, 0x08, 0x84, 0x08,
  0xa5, 0x10, 0x84, 0x08, 0x84, 0x08, 0x84, 0x08, 0x84, 0x08, 0x84, 0x08, 0x84, 0x08, 0x84, 0x08, 0x84, 0x08, 0x84, 0x08, 0x64, 0x08, 0x64, 0x08, 0x64, 0x08, 0x64, 0x08, 0x63, 0x10, 0x00, 0x28,
  0x41, 0x30, 0xae, 0x8b, 0x96, 0xbd, 0x38, 0xce, 0x7a, 0xd6, 0x9a, 0xd6, 0x79, 0xce, 0x59, 0xce, 0x39, 0xc6, 0xf7, 0xc5, 0xd7, 0xbd, 0x18, 0xbe, 0x96, 0xb5, 0xf8, 0xc5, 0x55, 0xad, 0xf7, 0xbd,
  0x18, 0xc6, 0xdb, 0xde, 0x1c, 0xe7, 0xdb, 0xe6, 0x5d, 0xef, 0x9a, 0xde, 0x5d, 0xef, 0x38, 0xc6, 0x3c, 0xef, 0x18, 0xc6, 0x9a, 0xd6, 0x38, 0xce, 0x34, 0xad, 0x79, 0xd6, 0x31, 0x94, 0x1c, 0xe7,
  0x8e, 0x7b, 0x1c, 0xe7, 0x6d, 0x73, 0xf7, 0xc5, 0x30, 0x8c, 0xd3, 0xa4, 0x75, 0xad, 0x8e, 0x73, 0x79, 0xce, 0x8a, 0x5a, 0x59, 0xce, 0xeb, 0x6a, 0x55, 0xad, 0x6d, 0x7b, 0x71, 0x94, 0x31, 0x8c,
  0xaa, 0x62, 0x72, 0x94, 0x65, 0x41, 0xaf, 0x7b, 0xc3, 0x38, 0x6e, 0x73, 0x41, 0x30, 0xec, 0x6a, 0x41, 0x30, 0x8a, 0x62, 0x20, 0x28, 0x08, 0x52, 0x20, 0x28, 0xc7, 0x49, 0x21, 0x30, 0x86, 0x49,
  0x21, 0x28, 0xc3, 0x38, 0x21, 0x28, 0x61, 0x30, 0x61, 0x30, 0x62, 0x30, 0xc3, 0x38, 0xe3, 0x38, 0x66, 0x49, 0x29, 0x5a, 0x6d, 0x73, 0x72, 0x94, 0xf8, 0xc5, 0x38, 0xce, 0x75, 0xbd, 0x8a, 0x6a,
  0x00, 0x28, 0x61, 0x30, 0x05, 0x19, 0x84, 0x08, 0x84, 0x08, 0x84, 0x08, 0x84, 0x08, 0x84, 0x08, 0x84, 0x08, 0x84, 0x08, 0x84, 0x08, 0x84, 0x08, 0x84, 0x08, 0x84, 0x08, 0x84, 0x08, 0x84, 0x08,
  0x84, 0x08, 0x84, 0x08, 0x84, 0x08, 0x84, 0x08, 0x84, 0x08, 0x84, 0x08, 0x84, 0x08, 0x84, 0x08, 0x84, 0x08, 0x84, 0x08, 0x84, 0x08, 0x84, 0x08, 0x84, 0x08, 0x84, 0x08, 0x84, 0x08, 0x84, 0x08,
  0xa5, 0x10, 0x84, 0x08, 0x84, 0x08, 0x84, 0x08, 0x84, 0x08, 0x84, 0x08, 0x84, 0x08, 0x84, 0x08, 0x84, 0x08, 0x84, 0x08, 0x84, 0x08, 0x84, 0x08, 0x84, 0x08, 0x84, 0x08, 0x84, 0x08, 0x84, 0x08,
  0x84, 0x08, 0x84, 0x08, 0x84, 0x08, 0x84, 0x08, 0x84, 0x08, 0x84, 0x08, 0x84, 0x08, 0x84, 0x08, 0x84, 0x08, 0x84, 0x08, 0x84, 0x08, 0x84, 0x08, 0x84, 0x08, 0x84, 0x08, 0x84, 0x08, 0x84, 0x08,
  0xa5, 0x10, 0x84, 0x08, 0x84, 0x08, 0x84, 0x08, 0x84, 0x08, 0x84, 0x08, 0x84, 0x08, 0x84, 0x08, 0x84, 0x08, 0x84, 0x08, 0x84, 0x08, 0x84, 0x08, 0x84, 0x08, 0x84, 0x08, 0x84, 0x08, 0x84, 0x08,
  0x84, 0x08, 0x84, 0x08, 0x84, 0x08, 0x84, 0x08, 0x84, 0x08, 0x84, 0x08, 0x84, 0x08, 0x84, 0x08, 0x84, 0x08, 0x84, 0x08, 0x84, 0x08, 0x84, 0x08, 0x84, 0x08, 0x84, 0x08, 0x84, 0x08, 0x84, 0x08,
  0xa5, 0x10, 0x84, 0x08, 0x84, 0x08, 0x84, 0x08, 0x84, 0x08, 0x84, 0x08, 0x84, 0x08, 0x84, 0x08, 0x84, 0x08, 0x84, 0x08, 0x84, 0x08, 0x84, 0x08, 0x84, 0x08, 0x84, 0x08, 0x84, 0x08, 0x84, 0x08,
  0x84, 0x08, 0x84, 0x08, 0x84, 0x08, 0x84, 0x08, 0x84, 0x08, 0x84, 0x08, 0x84, 0x08, 0x84, 0x08, 0x84, 0x08, 0x84, 0x08, 0x84, 0x08, 0x84, 0x08, 0x84, 0x08, 0x84, 0x08, 0x84, 0x08, 0x84, 0x08,
  0xa5, 0x10, 0x84, 0x08, 0x84, 0x08, 0x84, 0x08, 0x84, 0x08, 0x84, 0x08, 0x84, 0x08, 0x84, 0x08, 0x84, 0x08, 0x84, 0x08, 0x84, 0x08, 0x84, 0x08, 0x84, 0x08, 0x84, 0x08, 0x84, 0x08, 0x84, 0x08,
  0x84, 0x08, 0x48, 0x19, 0x84, 0x08, 0x84, 0x08, 0x84, 0x08, 0x48, 0x19, 0x84, 0x08, 0x84, 0x08, 0x84, 0x08, 0x84, 0x08, 0x84, 0x08, 0x84, 0x08, 0x84, 0x08, 0x84, 0x08, 0x84, 0x08, 0x84, 0x08,
  0xa5, 0x10, 0x84, 0x08, 0x84, 0x08, 0x84, 0x08, 0x84, 0x08, 0x84, 0x08, 0x84, 0x08, 0x84, 0x08, 0x84, 0x08, 0x84, 0x08, 0x84, 0x08, 0x84, 0x08, 0x84, 0x08, 0x84, 0x08, 0x84, 0x08, 0x84, 0x08,
  0x84, 0x08, 0x84, 0x08, 0x84, 0x08, 0x84, 0x08, 0x84, 0x08, 0x84, 0x08, 0x84, 0x08, 0x27, 0x19, 0x84, 0x08, 0x84, 0x08, 0x84, 0x08, 0x84, 0x08, 0x84, 0x08, 0x84, 0x08, 0x84, 0x08, 0x84, 0x08,
  0xa5, 0x10, 0x84, 0x08, 0x84, 0x08, 0x84, 0x08, 0x84, 0x08, 0x84, 0x08, 0x84, 0x08, 0x84, 0x08, 0x84, 0x08, 0x84, 0x08, 0x84, 0x08, 0x84, 0x08, 0x84, 0x08, 0x84, 0x08, 0x84, 0x08, 0x84, 0x08,
  0x84, 0x08, 0x84, 0x08, 0x84, 0x08, 0x84, 0x08, 0x84, 0x08, 0x84, 0x08, 0x84, 0x08, 0x84, 0x08, 0x84, 0x08, 0x84, 0x08, 0x84, 0x08, 0x84, 0x08, 0x84, 0x08, 0x84, 0x08, 0x84, 0x08, 0x84, 0x08,
  0xa4, 0x10, 0x84, 0x08, 0x84, 0x08, 0x84, 0x08, 0x84, 0x08, 0x84, 0x08, 0x84, 0x08, 0x84, 0x08, 0x84, 0x08, 0x84, 0x08, 0x64, 0x08, 0x64, 0x08, 0x63, 0x08, 0x64, 0x08, 0x63, 0x18, 0x00, 0x20,
  0x69, 0x62, 0xf7, 0xbd, 0x51, 0x94, 0xef, 0x83, 0xaf, 0x83, 0xae, 0x7b, 0xae, 0x7b, 0x10, 0x8c, 0xb2, 0x9c, 0xcf, 0x8b, 0x71, 0x94, 0xf3, 0xa4, 0xef, 0x8b, 0xb6, 0xbd, 0x10, 0x94, 0xd7, 0xbd,
  0xd3, 0x9c, 0xb6, 0xbd, 0x75, 0xb5, 0x75, 0xbd, 0x38, 0xce, 0xf3, 0xac, 0xbb, 0xde, 0x91, 0x9c, 0x9a, 0xd6, 0xd3, 0x9c, 0xd7, 0xbd, 0xd7, 0xbd, 0xb2, 0x9c, 0x79, 0xd6, 0x8e, 0x7b, 0x9e, 0xf7,
  0x8a, 0x62, 0xdf, 0xff, 0xeb, 0x62, 0x9a, 0xd6, 0xf0, 0x83, 0xf3, 0xa4, 0xd7, 0xbd, 0x4d, 0x73, 0x3c, 0xe7, 0x08, 0x4a, 0x7d, 0xef, 0x8a, 0x62, 0x18, 0xc6, 0x4d, 0x7b, 0xf3, 0xac, 0x35, 0xad,
  0x6d, 0x7b, 0xb7, 0xb5, 0xcb, 0x6a, 0x35, 0xa5, 0x08, 0x5a, 0x14, 0x9d, 0xc7, 0x51, 0xd4, 0x94, 0xa7, 0x49, 0x51, 0x8c, 0x66, 0x49, 0x10, 0x84, 0x86, 0x49, 0xf0, 0x83, 0xa7, 0x51, 0xef, 0x83,
  0xa7, 0x49, 0x2d, 0x73, 0xa6, 0x49, 0x49, 0x5a, 0x08, 0x52, 0x66, 0x49, 0xa7, 0x49, 0x65, 0x41, 0x45, 0x41, 0x25, 0x41, 0x86, 0x41, 0x08, 0x52, 0x4e, 0x73, 0xf3, 0xa4, 0x59, 0xce, 0x5d, 0xef,
  0xa2, 0x38, 0x00, 0x28, 0x87, 0x31, 0x84, 0x08, 0x84, 0x08, 0x84, 0x08, 0x84, 0x08, 0x84, 0x08, 0x84, 0x08, 0x84, 0x08, 0x84, 0x08, 0x84, 0x08, 0x84, 0x08, 0x84, 0x08, 0x84, 0x08, 0x84, 0x08,
  0x84, 0x08, 0x84, 0x08, 0x84, 0x08, 0x84, 0x08, 0x84, 0x08, 0x84, 0x08, 0x84, 0x08, 0x84, 0x08, 0x84, 0x08, 0x84, 0x08, 0x84, 0x08, 0x84, 0x08, 0x84, 0x08, 0x84, 0x08, 0x84, 0x08, 0x84, 0x08,
  0xa4, 0x10, 0x84, 0x08, 0x84, 0x08, 0x84, 0x08, 0x84, 0x08, 0x84, 0x08, 0x84, 0x08, 0x84, 0x08, 0x84, 0x08, 0x84, 0x08, 0x84, 0x08, 0x84, 0x08, 0x84, 0x08, 0x84, 0x08, 0x84, 0x08, 0x84, 0x08,
  0x84, 0x08, 0x84, 0x08, 0x84, 0x08, 0x84, 0x08, 0x84, 0x08, 0x84, 0x08, 0x84, 0x08, 0x84, 0x08, 0x84, 0x08, 0x84, 0x08, 0x84, 0x08, 0x84, 0x08, 0x84, 0x08, 0x84, 0x08, 0x84, 0x08, 0x84, 0x08,
  0xa4, 0x10, 0x84, 0x08, 0x84, 0x08, 0x84, 0x08, 0x84, 0x08, 0x84, 0x08, 0x84, 0x08, 0x84, 0x08, 0x84, 0x08, 0x84, 0x08, 0x84, 0x08, 0x84, 0x08, 0x84, 0x08, 0x84, 0x08, 0x84, 0x08, 0x84, 0x08,
  0x84, 0x08, 0x84, 0x08, 0x84, 0x08, 0x84, 0x08, 0x84, 0x08, 0x84, 0x08, 0x84, 0x08, 0x84, 0x08, 0x84, 0x08, 0x84, 0x08, 0x84, 0x08, 0x84, 0x08, 0x84, 0x08, 0x84, 0x08, 0x84, 0x08, 0x84, 0x08,
  0xa4, 0x10, 0x84, 0x08, 0x84, 0x08, 0x84, 0x08, 0x84, 0x08, 0x84, 0x08, 0x84, 0x08, 0x84, 0x08, 0x84, 0x08, 0x84, 0x08, 0x84, 0x08, 0x84, 0x08, 0x84, 0x08, 0x84, 0x08, 0x84, 0x08, 0x84, 0x08,
  0x84, 0x08, 0x84, 0x08, 0x84, 0x08, 0x84, 0x08, 0x84, 0x08, 0x84, 0x08, 0x84, 0x08, 0x84, 0x08, 0x84, 0x08, 0x84, 0x08, 0x84, 0x08, 0x84, 0x08, 0x84, 0x08, 0x84, 0x08, 0x84, 0x08, 0x84, 0x08,
  0xa4, 0x10, 0x84, 0x08, 0x84, 0x08, 0x84, 0x08, 0x84, 0x08, 0x84, 0x08, 0x84, 0x08, 0x84, 0x08, 0x84, 0x08, 0x84, 0x08, 0x84, 0x08, 0x84, 0x08, 0x84, 0x08, 0x84, 0x08, 0x84, 0x08, 0x84, 0x08,
  0x84, 0x08, 0x84, 0x08, 0x84, 0x08, 0x84, 0x08, 0x84, 0x08, 0x84, 0x08, 0x84, 0x08, 0x84, 0x08, 0x84, 0x08, 0x84, 0x08, 0x84, 0x08, 0x84, 0x08, 0xa4, 0x10, 0x84, 0x08, 0x84, 0x08, 0x84, 0x08,
  0x84, 0x08, 0x84, 0x08, 0x84, 0x08, 0x84, 0x08, 0x84, 0x08, 0x84, 0x08, 0x84, 0x08, 0x27, 0x19, 0x84, 0x08, 0x84, 0x08, 0x84, 0x08, 0x84, 0x08, 0x84, 0x08, 0x84, 0x08, 0x84, 0x08, 0x84, 0x08,
  0x84, 0x08, 0x84, 0x08, 0x84, 0x08, 0x84, 0x08, 0x84, 0x08, 0x84, 0x08, 0x84, 0x08, 0x84, 0x08, 0x84, 0x08, 0x84, 0x08, 0x84, 0x08, 0x84, 0x08, 0xa4, 0x10, 0x84, 0x08, 0x84, 0x08, 0x84, 0x08,
  0x84, 0x08, 0x84, 0x08, 0x84, 0x08, 0x84, 0x08, 0x84, 0x08, 0x84, 0x08, 0x84, 0x08, 0x48, 0x19, 0x84, 0x08, 0x84, 0x08, 0x84, 0x08, 0x84, 0x08, 0x84, 0x08, 0x84, 0x08, 0x84, 0x08, 0x84, 0x08,
  0x84, 0x08, 0x84, 0x08, 0x84, 0x08, 0x84, 0x08, 0x84, 0x08, 0x84, 0x08, 0x84, 0x08, 0x84, 0x08, 0x84, 0x08, 0x84, 0x08, 0x84, 0x08, 0x84, 0x08, 0x84, 0x08, 0x84, 0x08, 0x84, 0x08, 0x84, 0x08,
  0xa4, 0x10, 0x84, 0x08, 0x84, 0x08, 0x84, 0x08, 0x84, 0x08, 0x84, 0x08, 0x84, 0x08, 0x84, 0x08, 0x84, 0x08, 0x84, 0x08, 0x64, 0x08, 0x64, 0x08, 0x63, 0x08, 0x64, 0x08, 0x62, 0x18, 0x00, 0x20,
  0x69, 0x6a, 0x2c, 0x73, 0xaa, 0x62, 0x0c, 0x6b, 0x4d, 0x73, 0x8e, 0x7b, 0xcf, 0x83, 0x31, 0x94, 0xd3, 0xa4, 0x51, 0x94, 0xf3, 0xa4, 0x34, 0xad, 0x10, 0x94, 0xb6, 0xbd, 0x51, 0x94, 0xd7, 0xbd,
  0xd3, 0xa4, 0x96, 0xb5, 0x34, 0xad, 0x34, 0xb5, 0x18, 0xc6, 0xd2, 0xa4, 0x7a, 0xd6, 0x71, 0x9c, 0x7a, 0xd6, 0x71, 0x94, 0x96, 0xb5, 0xb6, 0xbd, 0x72, 0x94, 0x59, 0xce, 0x6e, 0x7b, 0x5d, 0xef,
  0x8a, 0x5a, 0x9e, 0xf7, 0xeb, 0x62, 0x59, 0xd6, 0xef, 0x83, 0xd3, 0x9c, 0xb6, 0xb5, 0x4d, 0x73, 0x1c, 0xe7, 0x08, 0x4a, 0x1c, 0xe7, 0xab, 0x62, 0xd7, 0xbd, 0x2d, 0x73, 0xb2, 0x9c, 0xf4, 0xa4,
  0x0c, 0x73, 0x35, 0xad, 0x8a, 0x5a, 0xd3, 0x9c, 0xa7, 0x51, 0x72, 0x8c, 0xa6, 0x49, 0x92, 0x8c, 0x87, 0x49, 0xf0, 0x83, 0x66, 0x49, 0xaf, 0x7b, 0x86, 0x49, 0x6e, 0x73, 0x45, 0x41, 0x6e, 0x7b,
  0x66, 0x49, 0xeb, 0x6a, 0x86, 0x49, 0x49, 0x5a, 0x08, 0x52, 0xa7, 0x49, 0xe8, 0x51, 0x86, 0x49, 0xa7, 0x49, 0x86, 0x41, 0xa7, 0x49, 0x86, 0x49, 0x08, 0x52, 0xec, 0x6a, 0x6d, 0x7b, 0x96, 0xbd,
  0x04, 0x49, 0x00, 0x28, 0xa7, 0x39, 0x84, 0x08, 0x83, 0x08, 0x84, 0x08, 0x84, 0x08, 0x84, 0x08, 0x84, 0x08, 0x84, 0x08, 0x84, 0x08, 0x84, 0x08, 0x84, 0x08, 0x84, 0x08, 0x84, 0x08, 0x84, 0x08,
  0x84, 0x08, 0x84, 0x08, 0x84, 0x08, 0x84, 0x08, 0x84, 0x08, 0x84, 0x08, 0x84, 0x08, 0x84, 0x08, 0x84, 0x08, 0x84, 0x08, 0x84, 0x08, 0x84, 0x08, 0x84, 0x08, 0x84, 0x08, 0x84, 0x08, 0x84, 0x08,
  0xa4, 0x10, 0x84, 0x08, 0x84, 0x08, 0x84, 0x08, 0x84, 0x08, 0x84, 0x08, 0x84, 0x08, 0x84, 0x08, 0x84, 0x08, 0x84, 0x08, 0x84, 0x08, 0x84, 0x08, 0x84, 0x08, 0x84, 0x08, 0x84, 0x08, 0x84, 0x08,
  0x84, 0x08, 0x84, 0x08, 0x84, 0x08, 0x84, 0x08, 0x84, 0x08, 0x84, 0x08, 0x84, 0x08, 0x84, 0x08, 0x84, 0x08, 0x84, 0x08, 0x84, 0x08, 0x84, 0x08, 0x84, 0x08, 0x84, 0x08, 0x84, 0x08, 0x84, 0x08,
  0xa4, 0x10, 0x84, 0x08, 0x84, 0x08, 0x84, 0x08, 0x84, 0x08, 0x84, 0x08, 0x84, 0x08, 0x84, 0x08, 0x84, 0x08, 0x84, 0x08, 0x84, 0x08, 0x84, 0x08, 0x84, 0x08, 0x84, 0x08, 0x84, 0x08, 0x84, 0x08,
  0x84, 0x08, 0x84, 0x08, 0x84, 0x08, 0x84, 0x08, 0x84, 0x08, 0x84, 0x08, 0x84, 0x08, 0x84, 0x08, 0x84, 0x08, 0x84, 0x08, 0x84, 0x08, 0x84, 0x08, 0x84, 0x08, 0x84, 0x08, 0x84, 0x08, 0x84, 0x08,
  0xa4, 0x10, 0x84, 0x08, 0x84, 0x08, 0x84, 0x08, 0x84, 0x08, 0x84, 0x08, 0x84, 0x08, 0x84, 0x08, 0x84, 0x08, 0x84, 0x08, 0x84, 0x08, 0x84, 0x08, 0x84, 0x08, 0x84, 0x08, 0x84, 0x08, 0x84, 0x08,
  0x84, 0x08, 0x84, 0x08, 0x84, 0x08, 0x84, 0x08, 0x84, 0x08, 0x84, 0x08, 0x84, 0x08, 0x84, 0x08, 0x84, 0x08, 0x84, 0x08, 0x84, 0x08, 0x84, 0x08, 0x84, 0x08, 0x84, 0x08, 0x84, 0x08, 0x84, 0x08,
  0xa4, 0x10, 0x84, 0x08, 0x84, 0x08, 0x84, 0x08, 0x84, 0x08, 0x84, 0x08, 0x84, 0x08, 0x84, 0x08, 0x84, 0x08, 0x84, 0x08, 0x84, 0x08, 0x84, 0x08, 0x84, 0x08, 0x84, 0x08, 0x64, 0x08, 0x64, 0x08,
  0x64, 0x08, 0x64, 0x08, 0x64, 0x08, 0x84, 0x08, 0x84, 0x08, 0x84, 0x08, 0x84, 0x08, 0x64, 0x08, 0x64, 0x08, 0x64, 0x08, 0x64, 0x08, 0x64, 0x08, 0xa5, 0x10, 0x64, 0x08, 0x84, 0x08, 0x64, 0x08,
  0x64, 0x08, 0x64, 0x08, 0x64, 0x08, 0x64, 0x08, 0x64, 0x08, 0x64, 0x08, 0x84, 0x08, 0x27, 0x19, 0x84, 0x08, 0x64, 0x08, 0x64, 0x08, 0x64, 0x08, 0x64, 0x08, 0x64, 0x08, 0x64, 0x08, 0x64, 0x08,
  0x84, 0x08, 0x84, 0x08, 0x84, 0x08, 0x64, 0x08, 0x64, 0x08, 0x64, 0x08, 0x64, 0x08, 0x64, 0x08, 0x64, 0x08, 0x64, 0x08, 0x84, 0x08, 0x84, 0x08, 0xa4, 0x10, 0x84, 0x08, 0x84, 0x08, 0x84, 0x08,
  0x84, 0x08, 0x84, 0x08, 0x84, 0x08, 0x64, 0x08, 0x84, 0x08, 0x84, 0x08, 0x64, 0x08, 0x48, 0x19, 0x64, 0x08, 0x64, 0x08, 0x64, 0x08, 0x64, 0x08, 0x64, 0x08, 0x64, 0x08, 0x64, 0x08, 0x64, 0x08,
  0x84, 0x08, 0x84, 0x08, 0x84, 0x08, 0x84, 0x08, 0x84, 0x08, 0x64, 0x08, 0x64, 0x08, 0x84, 0x08, 0x84, 0x08, 0x84, 0x08, 0x84, 0x08, 0x84, 0x08, 0x84, 0x08, 0x84, 0x08, 0x84, 0x08, 0x84, 0x08,
  0xa4, 0x10, 0x84, 0x08, 0x84, 0x08, 0x84, 0x08, 0x84, 0x08, 0x84, 0x08, 0x84, 0x08, 0x84, 0x08, 0x84, 0x08, 0x84, 0x08, 0x64, 0x08, 0x64, 0x08, 0x63, 0x08, 0x64, 0x08, 0x62, 0x18, 0x00, 0x28,
  0x08, 0x5a, 0x2c, 0x73, 0x0c, 0x6b, 0x4d, 0x7b, 0x2d, 0x73, 0xae, 0x83, 0xcf, 0x83, 0x10, 0x8c, 0xd3, 0xa4, 0x72, 0x9c, 0xd3, 0xa4, 0x55, 0xad, 0x30, 0x94, 0xb7, 0xbd, 0x51, 0x94, 0xd7, 0xbd,
  0x14, 0xa5, 0x96, 0xb5, 0x35, 0xad, 0x13, 0xad, 0x18, 0xc6, 0x92, 0x9c, 0x39, 0xce, 0x31, 0x94, 0x7a, 0xd6, 0x30, 0x8c, 0x75, 0xad, 0xb6, 0xb5, 0x71, 0x94, 0x79, 0xce, 0x6d, 0x73, 0x5d, 0xef,
  0xaa, 0x5a, 0x7d, 0xef, 0xeb, 0x62, 0x59, 0xce, 0xef, 0x83, 0xd3, 0x9c, 0xb6, 0xbd, 0x4d, 0x73, 0x3c, 0xe7, 0x28, 0x4a, 0x1c, 0xe7, 0xaa, 0x5a, 0xd7, 0xbd, 0x4d, 0x73, 0xb2, 0x9c, 0xb3, 0x9c,
  0x0c, 0x6b, 0x14, 0xa5, 0x69, 0x5a, 0x92, 0x94, 0xc7, 0x51, 0x51, 0x8c, 0x86, 0x49, 0x93, 0x8c, 0xc7, 0x49, 0x10, 0x84, 0x86, 0x49, 0xaf, 0x7b, 0x86, 0x49, 0x6e, 0x73, 0x25, 0x41, 0x6d, 0x73,
  0x66, 0x41, 0xeb, 0x6a, 0x86, 0x49, 0x6a, 0x62, 0xe8, 0x51, 0x86, 0x49, 0xc7, 0x49, 0x86, 0x49, 0x86, 0x49, 0x45, 0x41, 0xa6, 0x49, 0x66, 0x41, 0x08, 0x52, 0xaa, 0x6a, 0xcb, 0x6a, 0x92, 0x9c,
  0x24, 0x49, 0x00, 0x28, 0xa7, 0x39, 0x84, 0x08, 0x83, 0x08, 0x84, 0x08, 0x84, 0x08, 0x84, 0x08, 0x84, 0x08, 0x84, 0x08, 0x84, 0x08, 0x84, 0x08, 0x84, 0x08, 0x84, 0x08, 0x84, 0x08, 0x84, 0x08,
  0x84, 0x08, 0x84, 0x08, 0x84, 0x08, 0x84, 0x08, 0x84, 0x08, 0x84, 0x08, 0x84, 0x08, 0x84, 0x08, 0x84, 0x08, 0x84, 0x08, 0x84, 0x08, 0x84, 0x08, 0x84, 0x08, 0x84, 0x08, 0x84, 0x08, 0x84, 0x08,
  0xa4, 0x10, 0x84, 0x08, 0x84, 0x08, 0x84, 0x08, 0x84, 0x08, 0x84, 0x08, 0x84, 0x08, 0x84, 0x08, 0x84, 0x08, 0x84, 0x08, 0x84, 0x08, 0x84, 0x08, 0x84, 0x08, 0x84, 0x08, 0x84, 0x08, 0x84, 0x08,
  0x84, 0x08, 0x84, 0x08, 0x84, 0x08, 0x84, 0x08, 0x84, 0x08, 0x84, 0x08, 0x84, 0x08, 0x84, 0x08, 0x84, 0x08, 0x84, 0x08, 0x84, 0x08, 0x84, 0x08, 0x84, 0x08, 0x84, 0x08, 0x84, 0x08, 0x84, 0x08,
  0xa4, 0x10, 0x84, 0x08, 0x84, 0x08, 0x84, 0x08, 0x84, 0x08, 0x84, 0x08, 0x84, 0x08, 0x84, 0x08, 0x84, 0x08, 0x84, 0x08, 0x84, 0x08, 0x84, 0x08, 0x84, 0x08, 0x84, 0x08, 0x84, 0x08, 0x84, 0x08,
  0x84, 0x08, 0x84, 0x08, 0x84, 0x08, 0x84, 0x08, 0x84, 0x08, 0x84, 0x08, 0x84, 0x08, 0x84, 0x08, 0x84, 0x08, 0x84, 0x08, 0x84, 0x08, 0x84, 0x08, 0x84, 0x08, 0x84, 0x08, 0x84, 0x08, 0x84, 0x08,
  0xa4, 0x10, 0x84, 0x08, 0x84, 0x08, 0x84, 0x08, 0x84, 0x08, 0x84, 0x08, 0x84, 0x08, 0x84, 0x08, 0x84, 0x08, 0x84, 0x08, 0x84, 0x08, 0x84, 0x08, 0x84, 0x08, 0x84, 0x08, 0x84, 0x08, 0x84, 0x08,
  0x84, 0x08, 0x84, 0x08, 0x84, 0x08, 0x84, 0x08, 0x84, 0x08, 0x84, 0x08, 0x84, 0x08, 0x84, 0x08, 0x84, 0x08, 0x84, 0x08, 0x84, 0x08, 0x84, 0x08, 0x84, 0x08, 0x84, 0x08, 0x84, 0x08, 0x84, 0x08,
  0xa4, 0x10, 0x84, 0x08, 0x84, 0x08, 0x84, 0x08, 0x84, 0x08, 0x84, 0x08, 0x84, 0x08, 0x84, 0x08, 0x84, 0x08, 0x84, 0x08, 0x84, 0x08, 0x84, 0x08, 0x84, 0x10, 0xa5, 0x6a, 0xa5, 0xc4, 0xc4, 0xcc,
  0xa4, 0xcc, 0xa4, 0xcc, 0x84, 0xc4, 0x45, 0xb4, 0x64, 0x31, 0x84, 0x08, 0xc5, 0x6a, 0xc5, 0xcc, 0x84, 0xc4, 0x84, 0xcc, 0xa4, 0xcc, 0xa4, 0xcc, 0xa4, 0xcc, 0x66, 0xbc, 0x64, 0x31, 0x05, 0xac,
  0x84, 0xc4, 0xa4, 0xcc, 0xa4, 0xcc, 0xa4, 0xcc, 0xa4, 0xc4, 0xa5, 0xc4, 0xa5, 0x72, 0x27, 0x19, 0x44, 0x29, 0x85, 0xc4, 0x84, 0xc4, 0xa4, 0xc4, 0xa4, 0xcc, 0xa4, 0xcc, 0x84, 0xc4, 0xa5, 0xc4,
  0x65, 0x5a, 0x84, 0x08, 0x25, 0x52, 0xa5, 0xcc, 0x84, 0xc4, 0xa4, 0xcc, 0xa4, 0xcc, 0xa4, 0xcc, 0x84, 0xcc, 0xa6, 0xcc, 0x85, 0x39, 0x65, 0x93, 0xe5, 0xcc, 0x66, 0x5a, 0x84, 0x08, 0x84, 0x08,
  0x84, 0x08, 0x84, 0x08, 0x45, 0x5a, 0xe5, 0xcc, 0x85, 0x93, 0x25, 0x8b, 0xc4, 0xd4, 0xa5, 0xcc, 0x84, 0xc4, 0x84, 0xc4, 0x84, 0xc4, 0xa4, 0xcc, 0xa4, 0xcc, 0x85, 0xc4, 0x44, 0xb4, 0xc5, 0xcc,
  0x86, 0x62, 0x84, 0x08, 0x84, 0x10, 0x84, 0x08, 0x84, 0x08, 0x05, 0xac, 0x66, 0xb4, 0xe5, 0x18, 0x84, 0x08, 0x84, 0x08, 0x84, 0x08, 0x84, 0x08, 0x84, 0x08, 0x84, 0x08, 0x84, 0x08, 0x84, 0x08,
  0xa4, 0x10, 0x84, 0x08, 0x84, 0x08, 0x84, 0x08, 0x84, 0x08, 0x84, 0x08, 0x84, 0x08, 0x84, 0x08, 0x84, 0x08, 0x84, 0x08, 0x64, 0x08, 0x64, 0x08, 0x63, 0x08, 0x64, 0x08, 0x42, 0x18, 0x00, 0x28,
  0x28, 0x5a, 0x2c, 0x73, 0x0c, 0x6b, 0x8e, 0x7b, 0x0c, 0x73, 0x8e, 0x7b, 0xae, 0x7b, 0xae, 0x83, 0xd3, 0xa4, 0x51, 0x94, 0xb2, 0x9c, 0x55, 0xad, 0xef, 0x8b, 0x96, 0xb5, 0x10, 0x8c, 0xd7, 0xbd,
  0x14, 0xa5, 0xf8, 0xc5, 0x55, 0xb5, 0x55, 0xb5, 0x18, 0xc6, 0x34, 0xad, 0x59, 0xce, 0xb2, 0x9c, 0x79, 0xce, 0xd3, 0x9c, 0xb6, 0xb5, 0xd7, 0xbd, 0xd3, 0x9c, 0x9a, 0xd6, 0x10, 0x8c, 0x3c, 0xe7,
  0x8e, 0x7b, 0x3c, 0xe7, 0x10, 0x84, 0x59, 0xce, 0x92, 0x94, 0x55, 0xad, 0xb7, 0xbd, 0xcf, 0x83, 0x1c, 0xe7, 0xcb, 0x62, 0xbb, 0xd6, 0xaa, 0x5a, 0x34, 0xa5, 0x4d, 0x73, 0x51, 0x94, 0x10, 0x8c,
  0x0c, 0x6b, 0x93, 0x94, 0x28, 0x52, 0x31, 0x8c, 0xc7, 0x51, 0xef, 0x7b, 0x25, 0x41, 0x72, 0x8c, 0xa7, 0x49, 0x2d, 0x73, 0xc7, 0x51, 0xcb, 0x62, 0x66, 0x49, 0x6a, 0x5a, 0xe4, 0x38, 0xaa, 0x62,
  0xe3, 0x38, 0x49, 0x5a, 0x66, 0x49, 0x08, 0x5a, 0xc7, 0x49, 0x25, 0x41, 0xc7, 0x49, 0x86, 0x49, 0x86, 0x41, 0x25, 0x39, 0xa7, 0x49, 0x66, 0x41, 0xc7, 0x51, 0x8a, 0x62, 0xaa, 0x6a, 0x30, 0x94,
  0x25, 0x49, 0x00, 0x28, 0xa7, 0x39, 0x84, 0x08, 0x83, 0x08, 0x84, 0x08, 0x84, 0x08, 0x84, 0x08, 0x84, 0x08, 0x84, 0x08, 0x84, 0x08, 0x84, 0x08, 0x84, 0x08, 0x84, 0x08, 0x84, 0x08, 0x84, 0x08,
  0x84, 0x08, 0x84, 0x08, 0x84, 0x08, 0x84, 0x08, 0x84, 0x08, 0x84, 0x08, 0x84, 0x08, 0x84, 0x08, 0x84, 0x08, 0x84, 0x08, 0x84, 0x08, 0x84, 0x08, 0x84, 0x08, 0x84, 0x08, 0x84, 0x08, 0x84, 0x08,
  0xa4, 0x10, 0x84, 0x08, 0x84, 0x08, 0x84, 0x08, 0x84, 0x08, 0x84, 0x08, 0x84, 0x08, 0x84, 0x08, 0x84, 0x08, 0x84, 0x08, 0x84, 0x08, 0x84, 0x08, 0x84, 0x08, 0x84, 0x08, 0x84, 0x08, 0x84, 0x08,
  0x84, 0x08, 0x84, 0x08, 0x84, 0x08, 0x84, 0x08, 0x84, 0x08, 0x84, 0x08, 0x84, 0x08, 0x84, 0x08, 0x84, 0x08, 0x84, 0x08, 0x84, 0x08, 0x84, 0x08, 0x84, 0x08, 0x84, 0x08, 0x84, 0x08, 0x84, 0x08,
  0xa4, 0x10, 0x84, 0x08, 0x84, 0x08, 0x84, 0x08, 0x84, 0x08, 0x84, 0x08, 0x84, 0x08, 0x84, 0x08, 0x84, 0x08, 0x84, 0x08, 0x84, 0x08, 0x84, 0x08, 0x84, 0x08, 0x84, 0x08, 0x84, 0x08, 0x84, 0x08,
  0x84, 0x08, 0x84, 0x08, 0x84, 0x08, 0x84, 0x08, 0x84, 0x08, 0x84, 0x08, 0x84, 0x08, 0x84, 0x08, 0x84, 0x08, 0x84, 0x08, 0x84, 0x08, 0x84, 0x08, 0x84, 0x08, 0x84, 0x08, 0x84, 0x08, 0x84, 0x08,
  0xa4, 0x10, 0x84, 0x08, 0x84, 0x08, 0x84, 0x08, 0x84, 0x08, 0x84, 0x08, 0x84, 0x08, 0x84, 0x08, 0x84, 0x08, 0x84, 0x08, 0x84, 0x08, 0x84, 0x08, 0x84, 0x08, 0x84, 0x08, 0x84, 0x08, 0x84, 0x08,
  0x84, 0x08, 0x84, 0x08, 0x84, 0x08, 0x84, 0x08, 0x84, 0x08, 0x84, 0x08, 0x84, 0x08, 0x84, 0x08, 0x84, 0x08, 0x84, 0x08, 0x84, 0x08, 0x84, 0x08, 0x84, 0x08, 0x84, 0x08, 0x84, 0x08, 0x84, 0x08,
  0xa4, 0x10, 0x84, 0x08, 0x84, 0x08, 0x84, 0x08, 0x84, 0x08, 0x84, 0x08, 0x84, 0x08, 0x84, 0x08, 0x84, 0x08, 0x84, 0x08, 0x84, 0x08, 0x84, 0x08, 0x05, 0x83, 0x04, 0xfe, 0x43, 0xed, 0x65, 0xbc,
  0x84, 0xc4, 0x64, 0xbc, 0x02, 0xe5, 0xe2, 0xfd, 0xe5, 0xa3, 0x64, 0x08, 0xc4, 0xd4, 0xe2, 0xfd, 0x43, 0xe5, 0x04, 0xdd, 0x04, 0xdd, 0x04, 0xdd, 0x44, 0xe5, 0x05, 0xac, 0x04, 0x52, 0xe3, 0xfd,
  0x82, 0xfd, 0xa4, 0xcc, 0x84, 0xc4, 0x64, 0xbc, 0xc3, 0xdc, 0xa2, 0xfd, 0xa4, 0xf5, 0x87, 0x29, 0x84, 0x6a, 0x02, 0xfe, 0x63, 0xfd, 0x04, 0xdd, 0x04, 0xdd, 0x04, 0xdd, 0x23, 0xed, 0xc1, 0xfd,
  0x25, 0xe5, 0xa4, 0x10, 0xe4, 0xab, 0x02, 0xfe, 0x43, 0xed, 0x04, 0xdd, 0x04, 0xdd, 0x04, 0xdd, 0x24, 0xe5, 0xa4, 0xc4, 0xc4, 0x41, 0x63, 0xf5, 0xe3, 0xfd, 0x04, 0x52, 0x84, 0x08, 0x84, 0x10,
  0x84, 0x08, 0x84, 0x08, 0x64, 0xbc, 0x22, 0xfe, 0x84, 0x9b, 0x45, 0xb4, 0x24, 0xe5, 0xe4, 0xdc, 0x82, 0xfd, 0xa2, 0xfd, 0x63, 0xf5, 0x04, 0xdd, 0xe4, 0xdc, 0x44, 0xe5, 0x82, 0xfd, 0xc3, 0xfd,
  0xa4, 0x39, 0x84, 0x08, 0x84, 0x08, 0x84, 0x08, 0xc4, 0x49, 0xe3, 0xfd, 0x84, 0xf5, 0x04, 0x21, 0x84, 0x08, 0x84, 0x08, 0x84, 0x08, 0x84, 0x08, 0x84, 0x08, 0x84, 0x08, 0x84, 0x08, 0x84, 0x08,
  0xa4, 0x10, 0x84, 0x08, 0x84, 0x08, 0x84, 0x08, 0x84, 0x08, 0x84, 0x08, 0x84, 0x08, 0x84, 0x08, 0x84, 0x08, 0x84, 0x08, 0x64, 0x08, 0x64, 0x08, 0x63, 0x08, 0x64, 0x08, 0x62, 0x18, 0x00, 0x28,
  0x49, 0x62, 0x8a, 0x6a, 0xec, 0x6a, 0xcf, 0x83, 0x6d, 0x7b, 0x8e, 0x7b, 0xef, 0x83, 0x30, 0x94, 0xf3, 0xa4, 0xf3, 0xa4, 0x55, 0xb5, 0x76, 0xb5, 0x14, 0xa5, 0xb6, 0xb5, 0x14, 0xa5, 0x59, 0xce,
  0xba, 0xd6, 0x9e, 0xf7, 0x3c, 0xe7, 0x7d, 0xef, 0x3c, 0xe7, 0x9e, 0xf7, 0xbe, 0xf7, 0x5d, 0xef, 0x7d, 0xef, 0x5d, 0xef, 0x7d, 0xef, 0x7d, 0xef, 0x3c, 0xe7, 0xdb, 0xde, 0x18, 0xc6, 0x59, 0xce,
  0x18, 0xc6, 0x38, 0xc6, 0x18, 0xc6, 0xf8, 0xc5, 0x96, 0xb5, 0xb7, 0xbd, 0xb6, 0xb5, 0xb6, 0xb5, 0xd7, 0xbd, 0x75, 0xb5, 0x76, 0xad, 0xaf, 0x73, 0xd0, 0x7b, 0xcf, 0x7b, 0xaf, 0x7b, 0xaf, 0x7b,
  0x8e, 0x73, 0xcf, 0x7b, 0x2d, 0x6b, 0xcf, 0x7b, 0x2c, 0x6b, 0xcf, 0x7b, 0x8a, 0x5a, 0xcf, 0x7b, 0xcb, 0x62, 0x8a, 0x62, 0xec, 0x62, 0xc7, 0x49, 0x4a, 0x5a, 0x45, 0x41, 0x08, 0x52, 0xe4, 0x38,
  0x65, 0x41, 0xc3, 0x38, 0xc3, 0x38, 0xa3, 0x38, 0xc3, 0x38, 0x82, 0x30, 0xe4, 0x38, 0xa3, 0x38, 0xe4, 0x38, 0xe4, 0x38, 0x66, 0x49, 0x86, 0x41, 0x29, 0x5a, 0xab, 0x6a, 0xaa, 0x6a, 0x51, 0x94,
  0x45, 0x49, 0x00, 0x28, 0xa7, 0x39, 0x84, 0x08, 0x83, 0x08, 0x84, 0x08, 0x84, 0x08, 0x84, 0x08, 0x84, 0x08, 0x84, 0x08, 0x84, 0x08, 0x84, 0x08, 0x84, 0x08, 0x84, 0x08, 0x84, 0x08, 0x84, 0x08,
  0x84, 0x08, 0x84, 0x08, 0x84, 0x08, 0x84, 0x08, 0x84, 0x08, 0x84, 0x08, 0x84, 0x08, 0x84, 0x08, 0x84, 0x08, 0x84, 0x08, 0x84, 0x08, 0x84, 0x08, 0x84, 0x08, 0x84, 0x08, 0x84, 0x08, 0x84, 0x08,
  0xa4, 0x10, 0x84, 0x08, 0x84, 0x08, 0x84, 0x08, 0x84, 0x08, 0x84, 0x08, 0x84, 0x08, 0x84, 0x08, 0x84, 0x08, 0x84, 0x08, 0x84, 0x08, 0x84, 0x08, 0x84, 0x08, 0x84, 0x08, 0x84, 0x08, 0x84, 0x08,
  0x84, 0x08, 0x84, 0x08, 0x84, 0x08, 0x84, 0x08, 0x84, 0x08, 0x84, 0x08, 0x84, 0x08, 0x84, 0x08, 0x84, 0x08, 0x84, 0x08, 0x84, 0x08, 0x84, 0x08, 0x84, 0x08, 0x84, 0x08, 0x84, 0x08, 0x84, 0x08,
  0xa4, 0x10, 0x84, 0x08, 0x84, 0x08, 0x84, 0x08, 0x84, 0x08, 0x84, 0x08, 0x84, 0x08, 0x84, 0x08, 0x84, 0x08, 0x84, 0x08, 0x84, 0x08, 0x84, 0x08, 0x84, 0x08, 0x84, 0x08, 0x84, 0x08, 0x84, 0x08,
  0x84, 0x08, 0x84, 0x08, 0x84, 0x08, 0x84, 0x08, 0x84, 0x08, 0x84, 0x08, 0x84, 0x08, 0x84, 0x08, 0x84, 0x08, 0x84, 0x08, 0x84, 0x08, 0x84, 0x08, 0x84, 0x08, 0x84, 0x08, 0x84, 0x08, 0x84, 0x08,
  0xa4, 0x10, 0x84, 0x08, 0x84, 0x08, 0x84, 0x08, 0x84, 0x08, 0x84, 0x08, 0x84, 0x08, 0x84, 0x08, 0x84, 0x08, 0x84, 0x08, 0x84, 0x08, 0x84, 0x08, 0x84, 0x08, 0x84, 0x08, 0x84, 0x08, 0x84, 0x08,
  0x84, 0x08, 0x84, 0x08, 0x84, 0x08, 0x84, 0x08, 0x84, 0x08, 0x84, 0x08, 0x84, 0x08, 0x84, 0x08, 0x84, 0x08, 0x84, 0x08, 0x84, 0x08, 0x84, 0x08, 0x84, 0x08, 0x84, 0x08, 0x84, 0x08, 0x84, 0x08,
  0xa4, 0x10, 0x84, 0x08, 0x84, 0x08, 0x84, 0x08, 0x84, 0x08, 0x84, 0x08, 0x84, 0x08, 0x84, 0x08, 0x84, 0x08, 0x84, 0x08, 0x84, 0x08, 0x84, 0x10, 0xa4, 0xd4, 0xc2, 0xfd, 0x64, 0x62, 0x84, 0x08,
  0x84, 0x08, 0x64, 0x08, 0xc4, 0xd4, 0x23, 0xfe, 0x84, 0x62, 0x04, 0x21, 0x63, 0xf5, 0x43, 0xed, 0x84, 0x39, 0x84, 0x08, 0xa4, 0x10, 0x84, 0x10, 0xe5, 0x18, 0x64, 0x08, 0x44, 0x8b, 0xc2, 0xfd,
  0x44, 0xbc, 0x64, 0x08, 0x64, 0x08, 0x84, 0x08, 0xa4, 0x72, 0xc2, 0xf5, 0x64, 0xbc, 0x06, 0x19, 0x24, 0xb4, 0xc2, 0xfd, 0x44, 0x8b, 0x84, 0x10, 0xa4, 0x10, 0x84, 0x08, 0x43, 0x93, 0xe2, 0xf5,
  0xc3, 0xa3, 0xa4, 0x10, 0xe3, 0xdc, 0xa2, 0xfd, 0x24, 0x5a, 0x84, 0x08, 0xa4, 0x10, 0x84, 0x10, 0xa4, 0x10, 0x84, 0x08, 0x84, 0x6a, 0x82, 0xfd, 0x41, 0xf5, 0xa4, 0xcc, 0xe4, 0x18, 0x84, 0x08,
  0x84, 0x08, 0x04, 0x29, 0x23, 0xed, 0x63, 0xf5, 0xa4, 0x41, 0xa4, 0x08, 0xa4, 0x10, 0xa7, 0x31, 0xe2, 0xe4, 0x83, 0xfd, 0x44, 0x5a, 0x84, 0x08, 0x84, 0x08, 0x84, 0x39, 0x24, 0xe5, 0x62, 0xfd,
  0x64, 0x93, 0x84, 0x08, 0x64, 0x08, 0xa4, 0x6a, 0x43, 0xed, 0x64, 0xf5, 0xc5, 0x72, 0x84, 0x10, 0x84, 0x08, 0x84, 0x08, 0x84, 0x08, 0x84, 0x08, 0x84, 0x08, 0x84, 0x08, 0x84, 0x08, 0x84, 0x08,
  0xa4, 0x10, 0x84, 0x08, 0x84, 0x08, 0x84, 0x08, 0x84, 0x08, 0x84, 0x08, 0x84, 0x08, 0x84, 0x08, 0x84, 0x08, 0x84, 0x08, 0x64, 0x08, 0x64, 0x08, 0x63, 0x08, 0x64, 0x08, 0x83, 0x20, 0x00, 0x20,
  0x8a, 0x6a, 0xc7, 0x51, 0x6a, 0x5a, 0xef, 0x83, 0xcf, 0x7b, 0x31, 0x8c, 0xd3, 0x9c, 0x34, 0xad, 0xb6, 0xb5, 0xd7, 0xbd, 0xd7, 0xbd, 0xd7, 0xbd, 0xf7, 0xbd, 0xf7, 0xbd, 0xf7, 0xbd, 0xdb, 0xde,
  0xff, 0xff, 0xff, 0xff, 0xff, 0xff, 0xff, 0xff, 0xff, 0xff, 0xff, 0xff, 0xff, 0xff, 0xff, 0xff, 0xff, 0xff, 0xff, 0xff, 0xff, 0xff, 0xff, 0xff, 0xff, 0xff, 0xdb, 0xde, 0x18, 0xc6, 0x18, 0xc6,
  0x18, 0xc6, 0x18, 0xc6, 0x18, 0xc6, 0xb6, 0xb5, 0xb6, 0xb5, 0xb6, 0xb5, 0xb6, 0xb5, 0xb6, 0xb5, 0xb6, 0xb5, 0xd7, 0xbd, 0x75, 0xad, 0x10, 0x84, 0xf0, 0x7b, 0xf0, 0x7b, 0xf0, 0x7b, 0xf0, 0x7b,
  0xf0, 0x7b, 0xcf, 0x7b, 0xf0, 0x7b, 0xcf, 0x7b, 0xf0, 0x7b, 0xcf, 0x7b, 0xf0, 0x7b, 0xcf, 0x7b, 0xcf, 0x7b, 0xcf, 0x7b, 0xaf, 0x73, 0x2d, 0x6b, 0xec, 0x62, 0xcb, 0x62, 0xab, 0x5a, 0x49, 0x52,
  0x49, 0x52, 0xe8, 0x49, 0x86, 0x41, 0x04, 0x39, 0x62, 0x30, 0x21, 0x28, 0x21, 0x28, 0x21, 0x28, 0x21, 0x30, 0x41, 0x30, 0x21, 0x28, 0x66, 0x41, 0x71, 0x8c, 0x34, 0xad, 0x51, 0x94, 0x38, 0xc6,
  0x65, 0x51, 0x00, 0x28, 0x87, 0x39, 0x84, 0x08, 0x83, 0x08, 0x84, 0x08, 0x84, 0x08, 0x84, 0x08, 0x84, 0x08, 0x84, 0x08, 0x84, 0x08, 0x84, 0x08, 0x84, 0x08, 0x84, 0x08, 0x84, 0x08, 0x84, 0x08,
  0x84, 0x08, 0x84, 0x08, 0x84, 0x08, 0x84, 0x08, 0x84, 0x08, 0x84, 0x08, 0x84, 0x08, 0x84, 0x08, 0x84, 0x08, 0x84, 0x08, 0x84, 0x08, 0x84, 0x08, 0x84, 0x08, 0x84, 0x08, 0x84, 0x08, 0x84, 0x08,
  0xa4, 0x10, 0x84, 0x08, 0x84, 0x08, 0x84, 0x08, 0x84, 0x08, 0x84, 0x08, 0x84, 0x08, 0x84, 0x08, 0x84, 0x08, 0x84, 0x08, 0x84, 0x08, 0x84, 0x08, 0x84, 0x08, 0x84, 0x08, 0x84, 0x08, 0x84, 0x08,
  0x84, 0x08, 0x84, 0x08, 0x84, 0x08, 0x84, 0x08, 0x84, 0x08, 0x84, 0x08, 0x84, 0x08, 0x84, 0x08, 0x84, 0x08, 0x84, 0x08, 0x84, 0x08, 0x84, 0x08, 0x84, 0x08, 0x84, 0x08, 0x84, 0x08, 0x84, 0x08,
  0xa4, 0x10, 0x84, 0x08, 0x84, 0x08, 0x84, 0x08, 0x84, 0x08, 0x84, 0x08, 0x84, 0x08, 0x84, 0x08, 0x84, 0x08, 0x84, 0x08, 0x84, 0x08, 0x84, 0x08, 0x84, 0x08, 0x84, 0x08, 0x84, 0x08, 0x84, 0x08,
  0x84, 0x08, 0x84, 0x08, 0x84, 0x08, 0x84, 0x08, 0x84, 0x08, 0x84, 0x08, 0x84, 0x08, 0x84, 0x08, 0x84, 0x08, 0x84, 0x08, 0x84, 0x08, 0x84, 0x08, 0x84, 0x08, 0x84, 0x08, 0x84, 0x08, 0x84, 0x08,
  0xa4, 0x10, 0x84, 0x08, 0x84, 0x08, 0x84, 0x08, 0x84, 0x08, 0x84, 0x08, 0x84, 0x08, 0x84, 0x08, 0x84, 0x08, 0x84, 0x08, 0x84, 0x08, 0x84, 0x08, 0x84, 0x08, 0x84, 0x08, 0x84, 0x08, 0x84, 0x08,
  0x84, 0x08, 0x84, 0x08, 0x84, 0x08, 0x84, 0x08, 0x84, 0x08, 0x84, 0x08, 0x84, 0x08, 0x84, 0x08, 0x84, 0x08, 0x84, 0x08, 0x84, 0x08, 0x84, 0x08, 0x84, 0x08, 0x84, 0x08, 0x84, 0x08, 0x84, 0x08,
  0xa4, 0x10, 0x84, 0x08, 0x84, 0x08, 0x84, 0x08, 0x84, 0x08, 0x84, 0x08, 0x84, 0x08, 0x84, 0x08, 0x84, 0x08, 0x84, 0x08, 0x84, 0x08, 0xa4, 0x41, 0x82, 0xfd, 0x22, 0xed, 0x24, 0x29, 0xa4, 0x08,
  0xa4, 0x10, 0x04, 0x19, 0x85, 0x62, 0x65, 0x62, 0xc4, 0x10, 0x04, 0x7b, 0xe2, 0xfd, 0x43, 0xbc, 0x84, 0x08, 0x84, 0x08, 0x84, 0x08, 0x84, 0x08, 0xa4, 0x10, 0xa4, 0x10, 0xc3, 0xd4, 0xc2, 0xfd,
  0xa5, 0x6a, 0x84, 0x08, 0x84, 0x08, 0x84, 0x08, 0x43, 0xbc, 0xe2, 0xfd, 0xe4, 0x7a, 0x46, 0x21, 0x22, 0xed, 0x82, 0xfd, 0xa4, 0x41, 0x84, 0x08, 0x84, 0x08, 0xa4, 0x10, 0xc3, 0xd4, 0xc2, 0xfd,
  0x24, 0x52, 0x04, 0x52, 0xc2, 0xfd, 0xe2, 0xdc, 0xc4, 0x18, 0x84, 0x08, 0x84, 0x08, 0x84, 0x08, 0x84, 0x08, 0x84, 0x08, 0x24, 0xbc, 0x81, 0xfd, 0x41, 0xf5, 0xa1, 0xfd, 0x24, 0xb4, 0xa4, 0x10,
  0x84, 0x08, 0xa4, 0x6a, 0xc2, 0xfd, 0xa3, 0xd4, 0xa4, 0x10, 0x84, 0x08, 0x84, 0x08, 0x86, 0x5a, 0xa2, 0xfd, 0x03, 0xe5, 0xe4, 0x18, 0x84, 0x08, 0x84, 0x08, 0x84, 0x08, 0x04, 0x52, 0x63, 0xf5,
  0xa2, 0xfd, 0x64, 0x93, 0x04, 0xb4, 0x04, 0xfe, 0xa3, 0xcc, 0xa4, 0x39, 0x84, 0x08, 0x84, 0x08, 0x84, 0x08, 0x84, 0x08, 0x84, 0x08, 0x84, 0x08, 0x84, 0x08, 0x84, 0x08, 0x84, 0x08, 0x84, 0x08,
  0xa4, 0x10, 0x84, 0x08, 0x84, 0x08, 0x84, 0x08, 0x84, 0x08, 0x84, 0x08, 0x84, 0x08, 0x84, 0x08, 0x84, 0x08, 0x84, 0x08, 0x64, 0x08, 0x64, 0x08, 0x64, 0x08, 0x64, 0x08, 0x83, 0x18, 0x00, 0x20,
  0xe7, 0x61, 0xab, 0x6a, 0x04, 0x39, 0x6d, 0x73, 0x8e, 0x7b, 0x10, 0x8c, 0x71, 0x94, 0xf3, 0xa4, 0x96, 0xb5, 0xd7, 0xbd, 0xd7, 0xbd, 0xd7, 0xbd, 0xd7, 0xbd, 0xd7, 0xbd, 0xd7, 0xbd, 0x5d, 0xef,
  0xff, 0xff, 0xff, 0xff, 0xff, 0xff, 0xff, 0xff, 0xff, 0xff, 0xff, 0xff, 0xff, 0xff, 0xff, 0xff, 0xff, 0xff, 0xff, 0xff, 0xff, 0xff, 0xdf, 0xff, 0xff, 0xff, 0x9a, 0xd6, 0xf7, 0xbd, 0x18, 0xc6,
  0xf7, 0xbd, 0xf7, 0xbd, 0xd7, 0xbd, 0x96, 0xb5, 0x96, 0xb5, 0x96, 0xb5, 0xb6, 0xb5, 0xb6, 0xb5, 0xb6, 0xb5, 0xb6, 0xb5, 0x96, 0xb5, 0x10, 0x84, 0xcf, 0x7b, 0xcf, 0x7b, 0xcf, 0x7b, 0xcf, 0x7b,
  0xaf, 0x7b, 0xcf, 0x7b, 0xaf, 0x7b, 0xaf, 0x7b, 0xaf, 0x73, 0xaf, 0x73, 0xaf, 0x73, 0xaf, 0x7b, 0xaf, 0x73, 0x6e, 0x73, 0x4d, 0x6b, 0x0d, 0x63, 0xec, 0x62, 0xab, 0x5a, 0x8a, 0x5a, 0x49, 0x52,
  0xc8, 0x49, 0xa7, 0x49, 0x86, 0x41, 0x25, 0x39, 0x62, 0x30, 0x41, 0x28, 0x42, 0x30, 0x41, 0x30, 0x42, 0x30, 0x42, 0x30, 0x21, 0x28, 0xe8, 0x51, 0x55, 0xad, 0xf7, 0xbd, 0xb6, 0xb5, 0x1c, 0xe7,
  0x86, 0x51, 0x00, 0x28, 0x87, 0x39, 0x84, 0x08, 0x83, 0x08, 0x84, 0x08, 0x84, 0x08, 0x84, 0x08, 0x84, 0x08, 0x84, 0x08, 0x84, 0x08, 0x84, 0x08, 0x84, 0x08, 0x84, 0x08, 0x84, 0x08, 0x84, 0x08,
  0x84, 0x08, 0x84, 0x08, 0x84, 0x08, 0x84, 0x08, 0x84, 0x08, 0x84, 0x08, 0x84, 0x08, 0x84, 0x08, 0x84, 0x08, 0x84, 0x08, 0x84, 0x08, 0x84, 0x08, 0x84, 0x08, 0x84, 0x08, 0x84, 0x08, 0x84, 0x08,
  0xa4, 0x10, 0x84, 0x08, 0x84, 0x08, 0x84, 0x08, 0x84, 0x08, 0x84, 0x08, 0x84, 0x08, 0x84, 0x08, 0x84, 0x08, 0x84, 0x08, 0x84, 0x08, 0x84, 0x08, 0x84, 0x08, 0x84, 0x08, 0x84, 0x08, 0x84, 0x08,
  0x84, 0x08, 0x84, 0x08, 0x84, 0x08, 0x84, 0x08, 0x84, 0x08, 0x84, 0x08, 0x84, 0x08, 0x84, 0x08, 0x84, 0x08, 0x84, 0x08, 0x84, 0x08, 0x84, 0x08, 0x84, 0x08, 0x84, 0x08, 0x84, 0x08, 0x84, 0x08,
  0xa4, 0x10, 0x84, 0x08, 0x84, 0x08, 0x84, 0x08, 0x84, 0x08, 0x84, 0x08, 0x84, 0x08, 0x84, 0x08, 0x84, 0x08, 0x84, 0x08, 0x84, 0x08, 0x84, 0x08, 0x84, 0x08, 0x84, 0x08, 0x84, 0x08, 0x84, 0x08,
  0x84, 0x08, 0x84, 0x08, 0x84, 0x08, 0x84, 0x08, 0x84, 0x08, 0x84, 0x08, 0x84, 0x08, 0x84, 0x08, 0x84, 0x08, 0x84, 0x08, 0x84, 0x08, 0x84, 0x08, 0x84, 0x08, 0x84, 0x08, 0x84, 0x08, 0x84, 0x08,
  0xa4, 0x10, 0x84, 0x08, 0x84, 0x08, 0x84, 0x08, 0x84, 0x08, 0x84, 0x08, 0x84, 0x08, 0x84, 0x08, 0x84, 0x08, 0x84, 0x08, 0x84, 0x08, 0x84, 0x08, 0x84, 0x08, 0x84, 0x08, 0x84, 0x08, 0x84, 0x08,
  0x84, 0x08, 0x84, 0x08, 0x84, 0x08, 0x84, 0x08, 0x84, 0x08, 0x84, 0x08, 0x84, 0x08, 0x84, 0x08, 0x84, 0x08, 0x84, 0x08, 0x84, 0x08, 0x84, 0x08, 0x84, 0x08, 0x84, 0x08, 0x84, 0x08, 0x84, 0x08,
  0xa4, 0x10, 0x84, 0x08, 0x84, 0x08, 0x84, 0x08, 0x84, 0x08, 0x84, 0x08, 0x84, 0x08, 0x84, 0x08, 0x84, 0x08, 0x84, 0x08, 0x84, 0x08, 0x85, 0x6a, 0xe3, 0xec, 0x42, 0xdc, 0xa4, 0xb3, 0x84, 0xab,
  0x84, 0xb3, 0xa4, 0xab, 0xa4, 0x82, 0x64, 0x08, 0x84, 0x08, 0xa3, 0xab, 0xa2, 0xe4, 0x03, 0xc4, 0x64, 0xa3, 0x64, 0xa3, 0x64, 0xab, 0x05, 0x93, 0xa5, 0x10, 0x44, 0x31, 0x83, 0xe4, 0x62, 0xdc,
  0x63, 0x41, 0xc4, 0x20, 0xc4, 0x20, 0x64, 0x41, 0x63, 0xdc, 0xa3, 0xe4, 0x04, 0x29, 0x26, 0x5a, 0xc3, 0xec, 0xe3, 0xbb, 0xc4, 0x18, 0x84, 0x08, 0x84, 0x08, 0xa4, 0x49, 0x83, 0xe4, 0x63, 0xdc,
  0xa4, 0x10, 0xe4, 0x8a, 0xa2, 0xe4, 0x03, 0xd4, 0x64, 0xa3, 0x64, 0xa3, 0x64, 0xab, 0x64, 0x9b, 0xe4, 0x18, 0xc4, 0x18, 0x43, 0xd4, 0x62, 0xdc, 0xc4, 0x7a, 0x42, 0xcc, 0xc3, 0xec, 0x84, 0x72,
  0x84, 0x08, 0x44, 0x9b, 0xe2, 0xec, 0xc3, 0x82, 0x84, 0x08, 0xa4, 0x10, 0x84, 0x08, 0x05, 0x8b, 0xe2, 0xec, 0x44, 0x9b, 0x84, 0x08, 0x84, 0x08, 0x84, 0x08, 0x84, 0x10, 0x84, 0x08, 0x64, 0x6a,
  0x82, 0xe4, 0x82, 0xe4, 0xa2, 0xe4, 0x04, 0x83, 0xa4, 0x10, 0x84, 0x08, 0x84, 0x08, 0x84, 0x08, 0x84, 0x08, 0x84, 0x08, 0x84, 0x08, 0x84, 0x08, 0x84, 0x08, 0x84, 0x08, 0x84, 0x08, 0x84, 0x08,
  0xa4, 0x10, 0x84, 0x08, 0x84, 0x08, 0x84, 0x08, 0x84, 0x08, 0x84, 0x08, 0x84, 0x08, 0x84, 0x08, 0x84, 0x08, 0x84, 0x08, 0x64, 0x08, 0x64, 0x08, 0x64, 0x08, 0x64, 0x08, 0x84, 0x10, 0x00, 0x28,
  0x45, 0x51, 0x2d, 0x7b, 0x82, 0x30, 0x6d, 0x7b, 0x10, 0x8c, 0x92, 0x94, 0x34, 0xad, 0x96, 0xb5, 0x96, 0xb5, 0xb6, 0xb5, 0xb6, 0xb5, 0xb6, 0xb5, 0xb6, 0xb5, 0xd7, 0xbd, 0xb6, 0xb5, 0x3c, 0xe7,
  0xff, 0xff, 0xff, 0xff, 0xff, 0xff, 0xff, 0xff, 0xff, 0xff, 0xff, 0xff, 0xff, 0xff, 0xff, 0xff, 0xff, 0xff, 0xff, 0xff, 0xff, 0xff, 0xff, 0xff, 0xff, 0xff, 0x1c, 0xe7, 0xdb, 0xde, 0xdb, 0xde,
  0xdb, 0xde, 0xdb, 0xde, 0xba, 0xd6, 0x9a, 0xd6, 0x79, 0xce, 0x59, 0xce, 0xf7, 0xbd, 0xf7, 0xbd, 0x18, 0xbe, 0x18, 0xc6, 0xd7, 0xbd, 0x31, 0x84, 0x10, 0x7c, 0x30, 0x84, 0x30, 0x84, 0x10, 0x84,
  0x10, 0x84, 0x10, 0x84, 0x10, 0x7c, 0x10, 0x84, 0x10, 0x7c, 0x10, 0x7c, 0x10, 0x7c, 0xf0, 0x7b, 0xf0, 0x7b, 0xaf, 0x73, 0x8e, 0x73, 0x6e, 0x6b, 0x4d, 0x6b, 0x0c, 0x63, 0xcb, 0x5a, 0x8a, 0x5a,
  0x49, 0x52, 0x08, 0x4a, 0x86, 0x41, 0xe4, 0x38, 0x41, 0x28, 0x21, 0x28, 0x41, 0x30, 0x41, 0x30, 0x42, 0x30, 0x21, 0x28, 0x04, 0x41, 0xcb, 0x6a, 0x14, 0xa5, 0x75, 0xb5, 0x96, 0xb5, 0x1c, 0xe7,
  0x04, 0x49, 0x00, 0x28, 0xa7, 0x39, 0x84, 0x08, 0x84, 0x08, 0x84, 0x08, 0x84, 0x08, 0x84, 0x08, 0x84, 0x08, 0x84, 0x08, 0x84, 0x08, 0x84, 0x08, 0x84, 0x08, 0x84, 0x08, 0x84, 0x08, 0x84, 0x08,
  0x84, 0x08, 0x84, 0x08, 0x84, 0x08, 0x84, 0x08, 0x84, 0x08, 0x84, 0x08, 0x84, 0x08, 0x84, 0x08, 0x84, 0x08, 0x84, 0x08, 0x84, 0x08, 0x84, 0x08, 0x84, 0x08, 0x84, 0x08, 0x84, 0x08, 0x84, 0x08,
  0xa4, 0x10, 0x84, 0x08, 0x84, 0x08, 0x84, 0x08, 0x84, 0x08, 0x84, 0x08, 0x84, 0x08, 0x84, 0x08, 0x84, 0x08, 0x84, 0x08, 0x84, 0x08, 0x84, 0x08, 0x84, 0x08, 0x84, 0x08, 0x84, 0x08, 0x84, 0x08,
  0x84, 0x08, 0x84, 0x08, 0x84, 0x08, 0x84, 0x08, 0x84, 0x08, 0x84, 0x08, 0x84, 0x08, 0x84, 0x08, 0x84, 0x08, 0x84, 0x08, 0x84, 0x08, 0x84, 0x08, 0x84, 0x08, 0x84, 0x08, 0x84, 0x08, 0x84, 0x08,
  0xa4, 0x10, 0x84, 0x08, 0x84, 0x08, 0x84, 0x08, 0x84, 0x08, 0x84, 0x08, 0x84, 0x08, 0x84, 0x08, 0x84, 0x08, 0x84, 0x08, 0x84, 0x08, 0x84, 0x08, 0x84, 0x08, 0x84, 0x08, 0x84, 0x08, 0x84, 0x08,
  0x84, 0x08, 0x84, 0x08, 0x84, 0x08, 0x84, 0x08, 0x84, 0x08, 0x84, 0x08, 0x84, 0x08, 0x84, 0x08, 0x84, 0x08, 0x84, 0x08, 0x84, 0x08, 0x84, 0x08, 0x84, 0x08, 0x84, 0x08, 0x84, 0x08, 0x84, 0x08,
  0xa4, 0x10, 0x84, 0x08, 0x84, 0x08, 0x84, 0x08, 0x84, 0x08, 0x84, 0x08, 0x84, 0x08, 0x84, 0x08, 0x84, 0x08, 0x84, 0x08, 0x84, 0x08, 0x84, 0x08, 0x84, 0x08, 0x84, 0x08, 0x84, 0x08, 0x84, 0x08,
  0x84, 0x08, 0x84, 0x08, 0x84, 0x08, 0x84, 0x08, 0x84, 0x08, 0x84, 0x08, 0x84, 0x08, 0x84, 0x08, 0x84, 0x08, 0x84, 0x08, 0x84, 0x08, 0x84, 0x08, 0x84, 0x08, 0x84, 0x08, 0x84, 0x08, 0x84, 0x08,
  0xa4, 0x10, 0x84, 0x08, 0x84, 0x08, 0x84, 0x08, 0x84, 0x08, 0x84, 0x08, 0x84, 0x08, 0x84, 0x08, 0x84, 0x08, 0x84, 0x08, 0x84, 0x08, 0x83, 0x10, 0x83, 0x61, 0xc2, 0x79, 0x02, 0x7a, 0xe1, 0x81,
  0xe2, 0x81, 0x21, 0x9a, 0x81, 0xaa, 0x63, 0x49, 0xa4, 0x18, 0x22, 0x92, 0x21, 0x9a, 0xe2, 0x79, 0xe2, 0x79, 0xe2, 0x79, 0x02, 0x7a, 0xa3, 0x59, 0xa4, 0x10, 0x83, 0x59, 0x41, 0xa2, 0x20, 0x9a,
  0x62, 0xa2, 0x62, 0xa2, 0x62, 0xa2, 0x61, 0xa2, 0x21, 0x92, 0x03, 0x39, 0x84, 0x08, 0xe3, 0x69, 0x41, 0xa2, 0x01, 0x92, 0x02, 0x8a, 0x02, 0x8a, 0x02, 0x8a, 0x61, 0xa2, 0x42, 0x9a, 0x43, 0x41,
  0x84, 0x10, 0x02, 0x8a, 0x21, 0xa2, 0xe2, 0x81, 0xe2, 0x79, 0xe2, 0x79, 0x02, 0x7a, 0xc3, 0x69, 0x84, 0x08, 0x23, 0x41, 0x61, 0xaa, 0x02, 0x82, 0xa4, 0x10, 0x23, 0x39, 0x41, 0x9a, 0x41, 0x9a,
  0x42, 0x49, 0x01, 0x8a, 0x42, 0xa2, 0x03, 0x31, 0x84, 0x08, 0x84, 0x08, 0x84, 0x10, 0x02, 0x82, 0x61, 0xa2, 0x23, 0x41, 0x84, 0x08, 0x84, 0x08, 0x84, 0x08, 0x84, 0x08, 0xc4, 0x20, 0x82, 0x69,
  0x42, 0xa2, 0x21, 0x9a, 0x01, 0x92, 0xc3, 0x28, 0x84, 0x08, 0x84, 0x10, 0x84, 0x08, 0x84, 0x08, 0x84, 0x08, 0x84, 0x08, 0x84, 0x08, 0x84, 0x08, 0x84, 0x08, 0x84, 0x08, 0x84, 0x08, 0x84, 0x08,
  0xa4, 0x10, 0x84, 0x08, 0x84, 0x08, 0x84, 0x08, 0x84, 0x08, 0x84, 0x08, 0x84, 0x08, 0x84, 0x08, 0x84, 0x08, 0x84, 0x08, 0x64, 0x08, 0x64, 0x08, 0x64, 0x08, 0x64, 0x08, 0x83, 0x10, 0x00, 0x20,
  0xe7, 0x59, 0xeb, 0x72, 0x04, 0x41, 0x14, 0xa5, 0x34, 0xad, 0x75, 0xad, 0x75, 0xad, 0x75, 0xb5, 0xb6, 0xb5, 0x18, 0xc6, 0x59, 0xce, 0x9a, 0xd6, 0xba, 0xd6, 0xdb, 0xde, 0xfb, 0xde, 0x5d, 0xef,
  0xff, 0xff, 0xff, 0xff, 0xff, 0xff, 0xff, 0xff, 0xdf, 0xff, 0xbe, 0xf7, 0x9e, 0xf7, 0x9e, 0xf7, 0x7d, 0xef, 0x5d, 0xef, 0x3c, 0xe7, 0x1c, 0xe7, 0x1c, 0xe7, 0xfb, 0xde, 0xdb, 0xde, 0x9a, 0xd6,
  0x59, 0xce, 0x18, 0xc6, 0xf7, 0xbd, 0x96, 0xb5, 0x55, 0xad, 0xf3, 0xa4, 0x92, 0x9c, 0x71, 0x94, 0x51, 0x94, 0x10, 0x8c, 0x4d, 0x73, 0x6a, 0x5a, 0x8a, 0x5a, 0x8a, 0x5a, 0x6a, 0x5a, 0x49, 0x52,
  0x29, 0x52, 0x08, 0x52, 0xe8, 0x51, 0xc7, 0x51, 0xa7, 0x49, 0x86, 0x49, 0x66, 0x41, 0x45, 0x41, 0x04, 0x41, 0xe4, 0x40, 0xc4, 0x38, 0xa3, 0x38, 0x83, 0x38, 0x82, 0x30, 0x62, 0x30, 0x62, 0x30,
  0x62, 0x30, 0x41, 0x30, 0x41, 0x30, 0x41, 0x30, 0x41, 0x30, 0x42, 0x30, 0x41, 0x30, 0x42, 0x30, 0x42, 0x30, 0x42, 0x30, 0x04, 0x39, 0xc7, 0x51, 0xaa, 0x62, 0x2c, 0x73, 0x38, 0xc6, 0x38, 0xce,
  0x00, 0x20, 0x61, 0x38, 0x67, 0x29, 0x84, 0x08, 0x84, 0x08, 0x84, 0x08, 0x84, 0x08, 0x84, 0x08, 0x84, 0x08, 0x84, 0x08, 0x84, 0x08, 0x84, 0x08, 0x84, 0x08, 0x84, 0x08, 0x84, 0x08, 0x84, 0x08,
  0x84, 0x08, 0x84, 0x08, 0x84, 0x08, 0x84, 0x08, 0x84, 0x08, 0x84, 0x08, 0x84, 0x08, 0x84, 0x08, 0x84, 0x08, 0x84, 0x08, 0x84, 0x08, 0x84, 0x08, 0x84, 0x08, 0x84, 0x08, 0x84, 0x08, 0x84, 0x08,
  0xa4, 0x10, 0x84, 0x08, 0x84, 0x08, 0x84, 0x08, 0x84, 0x08, 0x84, 0x08, 0x84, 0x08, 0x84, 0x08, 0x84, 0x08, 0x84, 0x08, 0x84, 0x08, 0x84, 0x08, 0x84, 0x08, 0x84, 0x08, 0x84, 0x08, 0x84, 0x08,
  0x84, 0x08, 0x84, 0x08, 0x84, 0x08, 0x84, 0x08, 0x84, 0x08, 0x84, 0x08, 0x84, 0x08, 0x84, 0x08, 0x84, 0x08, 0x84, 0x08, 0x84, 0x08, 0x84, 0x08, 0x84, 0x08, 0x84, 0x08, 0x84, 0x08, 0x84, 0x08,
  0xa4, 0x10, 0x84, 0x08, 0x84, 0x08, 0x84, 0x08, 0x84, 0x08, 0x84, 0x08, 0x84, 0x08, 0x84, 0x08, 0x84, 0x08, 0x84, 0x08, 0x84, 0x08, 0x84, 0x08, 0x84, 0x08, 0x84, 0x08, 0x84, 0x08, 0x84, 0x08,
  0x84, 0x08, 0x84, 0x08, 0x84, 0x08, 0x84, 0x08, 0x84, 0x08, 0x84, 0x08, 0x84, 0x08, 0x84, 0x08, 0x84, 0x08, 0x84, 0x08, 0x84, 0x08, 0x84, 0x08, 0x84, 0x08, 0x84, 0x08, 0x84, 0x08, 0x84, 0x08,
  0xa4, 0x10, 0x84, 0x08, 0x84, 0x08, 0x84, 0x08, 0x84, 0x08, 0x84, 0x08, 0x84, 0x08, 0x84, 0x08, 0x84, 0x08, 0x84, 0x08, 0x84, 0x08, 0x84, 0x08, 0x84, 0x08, 0x84, 0x08, 0x84, 0x08, 0x84, 0x08,
  0x84, 0x08, 0x84, 0x08, 0x84, 0x08, 0x84, 0x08, 0x84, 0x08, 0x84, 0x08, 0x84, 0x08, 0x84, 0x08, 0x84, 0x08, 0x84, 0x08, 0x84, 0x08, 0x84, 0x08, 0x84, 0x08, 0x84, 0x08, 0x84, 0x08, 0x84, 0x08,
  0xa4, 0x10, 0x84, 0x08, 0x84, 0x08, 0x84, 0x08, 0x84, 0x08, 0x84, 0x08, 0x84, 0x08, 0x84, 0x08, 0x84, 0x08, 0x84, 0x08, 0x84, 0x10, 0xc4, 0x20, 0xc4, 0x18, 0x84, 0x08, 0x84, 0x08, 0x84, 0x08,
  0x84, 0x10, 0xc1, 0x89, 0x02, 0x9a, 0xc4, 0x20, 0x23, 0x39, 0x41, 0xaa, 0xc2, 0x81, 0x84, 0x08, 0x84, 0x08, 0x84, 0x08, 0x84, 0x08, 0x84, 0x08, 0xa4, 0x10, 0xc2, 0x71, 0x21, 0x9a, 0xa2, 0x69,
  0x43, 0x49, 0x43, 0x49, 0x62, 0x59, 0x01, 0x92, 0x02, 0x92, 0xc4, 0x20, 0x84, 0x10, 0xe2, 0x89, 0x01, 0x9a, 0xe2, 0x79, 0xc2, 0x79, 0xc2, 0x71, 0xe2, 0x79, 0xa3, 0x69, 0xe3, 0x28, 0x84, 0x08,
  0x03, 0x31, 0x21, 0x9a, 0x02, 0x92, 0xa4, 0x18, 0x84, 0x08, 0x84, 0x08, 0x84, 0x08, 0x84, 0x08, 0x84, 0x08, 0x82, 0x61, 0x41, 0xaa, 0x63, 0x59, 0xa4, 0x10, 0x84, 0x08, 0x63, 0x59, 0x21, 0xa2,
  0xe1, 0x99, 0x01, 0x9a, 0xe2, 0x89, 0xa4, 0x10, 0x84, 0x08, 0x84, 0x08, 0xe4, 0x28, 0x01, 0x9a, 0x01, 0x92, 0xc4, 0x20, 0x84, 0x08, 0x84, 0x08, 0x64, 0x08, 0x23, 0x41, 0x02, 0x92, 0x42, 0xa2,
  0x63, 0x59, 0x63, 0x59, 0x21, 0x9a, 0x22, 0x92, 0xe3, 0x28, 0x84, 0x08, 0x84, 0x08, 0x84, 0x08, 0x84, 0x08, 0x84, 0x08, 0x84, 0x08, 0x84, 0x08, 0x84, 0x08, 0x84, 0x08, 0x84, 0x08, 0x84, 0x08,
  0x47, 0x21, 0x84, 0x08, 0x84, 0x08, 0x84, 0x08, 0x84, 0x08, 0x84, 0x08, 0x84, 0x08, 0x84, 0x08, 0x84, 0x08, 0x84, 0x08, 0x64, 0x08, 0x64, 0x08, 0x63, 0x08, 0x64, 0x08, 0x63, 0x18, 0x00, 0x20,
  0x0c, 0x7b, 0x87, 0x51, 0xcb, 0x6a, 0xb6, 0xb5, 0xf7, 0xbd, 0xf7, 0xbd, 0xd7, 0xbd, 0xd7, 0xb5, 0xb6, 0xb5, 0xd7, 0xbd, 0xd7, 0xb5, 0x96, 0xb5, 0x55, 0xad, 0x14, 0xa5, 0xd3, 0xa4, 0x92, 0x9c,
  0x51, 0x94, 0x51, 0x94, 0x51, 0x94, 0x30, 0x8c, 0x10, 0x8c, 0xcf, 0x83, 0xaf, 0x7b, 0xcf, 0x7b, 0xcf, 0x7b, 0x30, 0x84, 0x30, 0x84, 0x10, 0x84, 0xf0, 0x7b, 0x6e, 0x73, 0xec, 0x62, 0x8a, 0x5a,
  0x28, 0x4a, 0xa7, 0x41, 0x66, 0x39, 0x45, 0x39, 0x25, 0x41, 0x04, 0x41, 0x04, 0x41, 0xc3, 0x38, 0xa3, 0x30, 0xa2, 0x30, 0x82, 0x30, 0x82, 0x30, 0x41, 0x28, 0x20, 0x28, 0x00, 0x28, 0x00, 0x28,
  0x00, 0x20, 0x00, 0x20, 0x00, 0x28, 0x00, 0x28, 0x00, 0x28, 0x00, 0x28, 0x00, 0x28, 0x00, 0x28, 0x00, 0x28, 0x00, 0x28, 0x00, 0x28, 0x00, 0x28, 0x00, 0x28, 0x00, 0x28, 0x00, 0x28, 0x00, 0x28,
  0x00, 0x28, 0x00, 0x28, 0x00, 0x28, 0x00, 0x28, 0x00, 0x28, 0x01, 0x28, 0x00, 0x28, 0x00, 0x28, 0x00, 0x28, 0x00, 0x28, 0x41, 0x28, 0xe4, 0x38, 0x86, 0x49, 0x29, 0x5a, 0x7a, 0xd6, 0xab, 0x6a,
  0x00, 0x18, 0x86, 0x49, 0x26, 0x19, 0x84, 0x08, 0x84, 0x08, 0x84, 0x08, 0x84, 0x08, 0x84, 0x08, 0x84, 0x08, 0x84, 0x08, 0x84, 0x08, 0x84, 0x08, 0x84, 0x08, 0x84, 0x08, 0x84, 0x08, 0x84, 0x08,
  0x84, 0x08, 0x84, 0x08, 0x84, 0x08, 0x84, 0x08, 0x84, 0x08, 0x84, 0x08, 0x84, 0x08, 0x84, 0x08, 0x84, 0x08, 0x84, 0x08, 0x84, 0x08, 0x84, 0x08, 0x84, 0x08, 0x84, 0x08, 0x84, 0x08, 0x84, 0x08,
  0xa4, 0x10, 0x84, 0x08, 0x84, 0x08, 0x84, 0x08, 0x84, 0x08, 0x84, 0x08, 0x84, 0x08, 0x84, 0x08, 0x84, 0x08, 0x84, 0x08, 0x84, 0x08, 0x84, 0x08, 0x84, 0x08, 0x84, 0x08, 0x84, 0x08, 0x84, 0x08,
  0x84, 0x08, 0x84, 0x08, 0x84, 0x08, 0x84, 0x08, 0x84, 0x08, 0x84, 0x08, 0x84, 0x08, 0x84, 0x08, 0x84, 0x08, 0x84, 0x08, 0x84, 0x08, 0x84, 0x08, 0x84, 0x08, 0x84, 0x08, 0x84, 0x08, 0x84, 0x08,
  0xa4, 0x10, 0x84, 0x08, 0x84, 0x08, 0x84, 0x08, 0x84, 0x08, 0x84, 0x08, 0x84, 0x08, 0x84, 0x08, 0x84, 0x08, 0x84, 0x08, 0x84, 0x08, 0x84, 0x08, 0x84, 0x08, 0x84, 0x08, 0x84, 0x08, 0x84, 0x08,
  0x84, 0x08, 0x84, 0x08, 0x84, 0x08, 0x84, 0x08, 0x84, 0x08, 0x84, 0x08, 0x84, 0x08, 0x84, 0x08, 0x84, 0x08, 0x84, 0x08, 0x84, 0x08, 0x84, 0x08, 0x84, 0x08, 0x84, 0x08, 0x84, 0x08, 0x84, 0x08,
  0xa4, 0x10, 0x84, 0x08, 0x84, 0x08, 0x84, 0x08, 0x84, 0x08, 0x84, 0x08, 0x84, 0x08, 0x84, 0x08, 0x84, 0x08, 0x84, 0x08, 0x84, 0x08, 0x84, 0x08, 0x84, 0x08, 0x84, 0x08, 0x84, 0x08, 0x84, 0x08,
  0x84, 0x08, 0x84, 0x08, 0x84, 0x08, 0x84, 0x08, 0x84, 0x08, 0x84, 0x08, 0x84, 0x08, 0x84, 0x08, 0x84, 0x08, 0x84, 0x08, 0x84, 0x08, 0x84, 0x08, 0x84, 0x08, 0x84, 0x08, 0x84, 0x08, 0x84, 0x08,
  0xa4, 0x10, 0x84, 0x08, 0x84, 0x08, 0x84, 0x08, 0x84, 0x08, 0x84, 0x08, 0x84, 0x08, 0x84, 0x08, 0x84, 0x08, 0x84, 0x08, 0x23, 0x49, 0x02, 0x9a, 0xa3, 0x69, 0x84, 0x08, 0x84, 0x08, 0x84, 0x08,
  0x03, 0x39, 0xe1, 0x99, 0xa2, 0x81, 0x84, 0x08, 0x62, 0x69, 0x01, 0xa2, 0x63, 0x59, 0x64, 0x08, 0x84, 0x08, 0x84, 0x08, 0x84, 0x08, 0x84, 0x08, 0xe4, 0x20, 0xe1, 0x89, 0x01, 0x92, 0xc3, 0x28,
  0x84, 0x08, 0x84, 0x08, 0x64, 0x08, 0xc2, 0x81, 0x01, 0x9a, 0xe4, 0x30, 0xc4, 0x28, 0xe1, 0x99, 0xc1, 0x81, 0xa4, 0x10, 0x84, 0x08, 0x84, 0x08, 0x84, 0x08, 0x84, 0x08, 0x84, 0x08, 0x84, 0x08,
  0x42, 0x51, 0xe1, 0x99, 0x82, 0x71, 0x64, 0x08, 0x84, 0x08, 0x84, 0x08, 0x64, 0x08, 0x84, 0x08, 0x84, 0x10, 0xa2, 0x81, 0x01, 0x9a, 0x04, 0x31, 0xa4, 0x10, 0x84, 0x08, 0x84, 0x10, 0xa3, 0x69,
  0xc1, 0x91, 0xe1, 0x91, 0x82, 0x69, 0x84, 0x08, 0x84, 0x08, 0x84, 0x08, 0x43, 0x49, 0x01, 0xa2, 0x82, 0x69, 0x84, 0x08, 0x84, 0x08, 0xa4, 0x10, 0x83, 0x61, 0x01, 0x9a, 0xc2, 0x81, 0x03, 0x31,
  0x84, 0x08, 0x64, 0x08, 0x62, 0x61, 0xe1, 0x99, 0xc2, 0x81, 0xa4, 0x18, 0x84, 0x08, 0x84, 0x08, 0x84, 0x08, 0x84, 0x08, 0x84, 0x08, 0x84, 0x08, 0x84, 0x08, 0x84, 0x08, 0x84, 0x08, 0x84, 0x08,
  0xa4, 0x10, 0x27, 0x19, 0x84, 0x08, 0x84, 0x08, 0x84, 0x08, 0x84, 0x08, 0x84, 0x08, 0x84, 0x08, 0x84, 0x08, 0x84, 0x08, 0x63, 0x08, 0x63, 0x08, 0x63, 0x08, 0x63, 0x08, 0x41, 0x18, 0x00, 0x28,
  0x10, 0x94, 0xe4, 0x40, 0x8a, 0x62, 0xaf, 0x83, 0x4d, 0x7b, 0xcb, 0x6a, 0x6a, 0x62, 0x08, 0x5a, 0xc7, 0x51, 0xa6, 0x49, 0x66, 0x41, 0x45, 0x41, 0x25, 0x41, 0x04, 0x39, 0x04, 0x39, 0x45, 0x39,
  0x45, 0x41, 0x66, 0x41, 0x66, 0x41, 0x66, 0x41, 0x66, 0x41, 0x86, 0x41, 0x87, 0x41, 0xa7, 0x41, 0xe8, 0x49, 0x49, 0x52, 0x8a, 0x52, 0x6a, 0x52, 0x49, 0x52, 0x28, 0x52, 0xe7, 0x49, 0xa7, 0x41,
  0xa7, 0x49, 0x86, 0x41, 0x86, 0x41, 0x86, 0x41, 0x66, 0x41, 0x45, 0x41, 0x45, 0x39, 0x24, 0x39, 0x04, 0x39, 0xe4, 0x38, 0xc3, 0x38, 0xa2, 0x30, 0x82, 0x30, 0x62, 0x30, 0x62, 0x30, 0x62, 0x30,
  0x62, 0x30, 0x62, 0x30, 0x82, 0x30, 0x82, 0x30, 0x83, 0x30, 0x83, 0x30, 0x83, 0x30, 0x83, 0x30, 0xa3, 0x30, 0xc4, 0x38, 0xc4, 0x38, 0xe4, 0x38, 0xc4, 0x38, 0xe4, 0x38, 0xe4, 0x38, 0xe4, 0x38,
  0xc4, 0x38, 0xc4, 0x38, 0xe4, 0x38, 0xe4, 0x30, 0x04, 0x39, 0x45, 0x41, 0x66, 0x41, 0xa8, 0x49, 0x09, 0x52, 0x4a, 0x5a, 0x8b, 0x62, 0x0c, 0x6b, 0xae, 0x83, 0x30, 0x8c, 0xdb, 0xde, 0xc7, 0x51,
  0x00, 0x18, 0x66, 0x41, 0xa4, 0x10, 0x84, 0x08, 0x84, 0x08, 0x84, 0x08, 0x84, 0x08, 0x84, 0x08, 0x84, 0x08, 0x84, 0x08, 0x84, 0x08, 0x84, 0x08, 0x84, 0x08, 0x84, 0x08, 0x84, 0x08, 0x84, 0x08,
  0x84, 0x08, 0x84, 0x08, 0x84, 0x08, 0x84, 0x08, 0x84, 0x08, 0x84, 0x08, 0x84, 0x08, 0x84, 0x08, 0x84, 0x08, 0x84, 0x08, 0x84, 0x08, 0x84, 0x08, 0x84, 0x08, 0x84, 0x08, 0x84, 0x08, 0x84, 0x08,
  0xa4, 0x10, 0x84, 0x08, 0x84, 0x08, 0x84, 0x08, 0x84, 0x08, 0x84, 0x08, 0x84, 0x08, 0x84, 0x08, 0x84, 0x08, 0x84, 0x08, 0x84, 0x08, 0x84, 0x08, 0x84, 0x08, 0x84, 0x08, 0x84, 0x08, 0x84, 0x08,
  0x84, 0x08, 0x84, 0x08, 0x84, 0x08, 0x84, 0x08, 0x84, 0x08, 0x84, 0x08, 0x84, 0x08, 0x84, 0x08, 0x84, 0x08, 0x84, 0x08, 0x84, 0x08, 0x84, 0x08, 0x84, 0x08, 0x84, 0x08, 0x84, 0x08, 0x84, 0x08,
  0xa4, 0x10, 0x84, 0x08, 0x84, 0x08, 0x84, 0x08, 0x84, 0x08, 0x84, 0x08, 0x84, 0x08, 0x84, 0x08, 0x84, 0x08, 0x84, 0x08, 0x84, 0x08, 0x84, 0x08, 0x84, 0x08, 0x84, 0x08, 0x84, 0x08, 0x84, 0x08,
  0x84, 0x08, 0x84, 0x08, 0x84, 0x08, 0x84, 0x08, 0x84, 0x08, 0x84, 0x08, 0x84, 0x08, 0x84, 0x08, 0x84, 0x08, 0x84, 0x08, 0x84, 0x08, 0x84, 0x08, 0x84, 0x08, 0x84, 0x08, 0x84, 0x08, 0x84, 0x08,
  0xa4, 0x10, 0x84, 0x08, 0x84, 0x08, 0x84, 0x08, 0x84, 0x08, 0x84, 0x08, 0x84, 0x08, 0x84, 0x08, 0x84, 0x08, 0x84, 0x08, 0x84, 0x08, 0x84, 0x08, 0x84, 0x08, 0x84, 0x08, 0x84, 0x08, 0x84, 0x08,
  0x84, 0x08, 0x84, 0x08, 0x84, 0x08, 0x84, 0x08, 0x84, 0x08, 0x84, 0x08, 0x84, 0x08, 0x84, 0x08, 0x84, 0x08, 0x84, 0x08, 0x84, 0x08, 0x84, 0x08, 0x84, 0x08, 0x84, 0x08, 0x84, 0x08, 0x84, 0x08,
  0xa4, 0x10, 0x84, 0x08, 0x84, 0x08, 0x84, 0x08, 0x84, 0x08, 0x84, 0x08, 0x84, 0x08, 0x84, 0x08, 0x84, 0x08, 0x84, 0x08, 0xa3, 0x79, 0xa1, 0x99, 0x81, 0x89, 0x62, 0x69, 0x62, 0x69, 0x62, 0x69,
  0xa1, 0x89, 0xe1, 0x99, 0x23, 0x49, 0x84, 0x10, 0xc2, 0x91, 0xa0, 0x91, 0x81, 0x81, 0x62, 0x71, 0x81, 0x71, 0x62, 0x71, 0x82, 0x79, 0x44, 0x49, 0x23, 0x41, 0xe1, 0xa1, 0x82, 0x71, 0x84, 0x10,
  0x84, 0x10, 0x84, 0x08, 0xe3, 0x38, 0xc1, 0x99, 0xa1, 0x89, 0x84, 0x10, 0x22, 0x59, 0xe1, 0xa1, 0x63, 0x61, 0x84, 0x08, 0x84, 0x08, 0x84, 0x08, 0x84, 0x08, 0x84, 0x08, 0x84, 0x08, 0x84, 0x10,
  0x82, 0x81, 0xa0, 0x99, 0x81, 0x89, 0x62, 0x71, 0x62, 0x71, 0x62, 0x71, 0x82, 0x79, 0x63, 0x59, 0xe3, 0x30, 0xc1, 0x99, 0xa2, 0x81, 0x84, 0x10, 0xa4, 0x10, 0x84, 0x08, 0x84, 0x08, 0xc3, 0x20,
  0xc1, 0x91, 0xc1, 0x99, 0x03, 0x39, 0x84, 0x08, 0x84, 0x08, 0x84, 0x08, 0x82, 0x71, 0xe1, 0xa1, 0x23, 0x49, 0x84, 0x08, 0x84, 0x08, 0x03, 0x41, 0xe1, 0xa1, 0xa1, 0x81, 0xa4, 0x10, 0x84, 0x08,
  0x84, 0x10, 0x84, 0x08, 0xc3, 0x28, 0xe1, 0x99, 0xc2, 0x89, 0xa4, 0x18, 0x84, 0x08, 0x84, 0x08, 0x84, 0x08, 0x84, 0x08, 0x84, 0x08, 0x84, 0x08, 0x84, 0x08, 0x84, 0x08, 0x84, 0x08, 0x84, 0x08,
  0xa4, 0x10, 0x84, 0x08, 0x27, 0x19, 0x84, 0x08, 0x84, 0x08, 0x84, 0x08, 0x84, 0x08, 0x84, 0x08, 0x84, 0x08, 0x84, 0x08, 0x63, 0x08, 0x63, 0x08, 0x63, 0x08, 0x63, 0x08, 0x41, 0x20, 0x00, 0x20,
  0x71, 0xa4, 0x8a, 0x6a, 0x00, 0x18, 0x21, 0x28, 0x00, 0x28, 0x00, 0x20, 0x00, 0x20, 0x00, 0x20, 0x00, 0x20, 0x00, 0x20, 0x00, 0x28, 0x41, 0x28, 0x62, 0x30, 0x82, 0x30, 0xc3, 0x38, 0x25, 0x41,
  0x66, 0x49, 0xa7, 0x49, 0xe7, 0x51, 0x29, 0x5a, 0x8a, 0x62, 0xcb, 0x6a, 0x0c, 0x73, 0x6d, 0x73, 0xae, 0x7b, 0xcf, 0x83, 0xef, 0x83, 0x10, 0x8c, 0x30, 0x8c, 0x51, 0x94, 0x51, 0x94, 0x71, 0x94,
  0x71, 0x94, 0x72, 0x9c, 0x92, 0x9c, 0x71, 0x9c, 0x72, 0x9c, 0x92, 0x9c, 0xb2, 0x9c, 0xd3, 0xa4, 0xf3, 0xa4, 0xd3, 0x9c, 0x72, 0x94, 0x51, 0x94, 0x11, 0x8c, 0xf0, 0x83, 0x10, 0x84, 0x31, 0x84,
  0x31, 0x8c, 0x52, 0x8c, 0x52, 0x8c, 0x52, 0x8c, 0x72, 0x8c, 0x73, 0x94, 0x73, 0x94, 0x73, 0x94, 0x73, 0x94, 0x93, 0x94, 0xb3, 0x94, 0xb3, 0x9c, 0xb3, 0x9c, 0xb3, 0x94, 0xb3, 0x94, 0xd3, 0x9c,
  0xb3, 0x9c, 0x72, 0x94, 0x71, 0x8c, 0x72, 0x94, 0x92, 0x94, 0x92, 0x94, 0xb3, 0x94, 0xf4, 0xa4, 0x55, 0xad, 0x96, 0xb5, 0xb7, 0xbd, 0x18, 0xc6, 0x38, 0xc6, 0x18, 0xc6, 0x7d, 0xef, 0xf7, 0xc5,
  0x00, 0x20, 0x21, 0x30, 0xe5, 0x18, 0x84, 0x08, 0x84, 0x08, 0x84, 0x08, 0x84, 0x08, 0x84, 0x08, 0x84, 0x08, 0x84, 0x08, 0x84, 0x08, 0x84, 0x08, 0x84, 0x08, 0x84, 0x08, 0x84, 0x08, 0x84, 0x08,
  0x84, 0x08, 0x84, 0x08, 0x84, 0x08, 0x84, 0x08, 0x84, 0x08, 0x84, 0x08, 0x84, 0x08, 0x84, 0x08, 0x84, 0x08, 0x84, 0x08, 0x84, 0x08, 0x84, 0x08, 0x84, 0x08, 0x84, 0x08, 0x84, 0x08, 0x84, 0x08,
  0xa4, 0x10, 0x84, 0x08, 0x84, 0x08, 0x84, 0x08, 0x84, 0x08, 0x84, 0x08, 0x84, 0x08, 0x84, 0x08, 0x84, 0x08, 0x84, 0x08, 0x84, 0x08, 0x84, 0x08, 0x84, 0x08, 0x84, 0x08, 0x84, 0x08, 0x84, 0x08,
  0x84, 0x08, 0x84, 0x08, 0x84, 0x08, 0x84, 0x08, 0x84, 0x08, 0x84, 0x08, 0x84, 0x08, 0x84, 0x08, 0x84, 0x08, 0x84, 0x08, 0x84, 0x08, 0x84, 0x08, 0x84, 0x08, 0x84, 0x08, 0x84, 0x08, 0x84, 0x08,
  0xa4, 0x10, 0x84, 0x08, 0x84, 0x08, 0x84, 0x08, 0x84, 0x08, 0x84, 0x08, 0x84, 0x08, 0x84, 0x08, 0x84, 0x08, 0x84, 0x08, 0x84, 0x08, 0x84, 0x08, 0x84, 0x08, 0x84, 0x08, 0x84, 0x08, 0x84, 0x08,
  0x84, 0x08, 0x84, 0x08, 0x84, 0x08, 0x84, 0x08, 0x84, 0x08, 0x84, 0x08, 0x84, 0x08, 0x84, 0x08, 0x84, 0x08, 0x84, 0x08, 0x84, 0x08, 0x84, 0x08, 0x84, 0x08, 0x84, 0x08, 0x84, 0x08, 0x84, 0x08,
  0xa4, 0x10, 0x84, 0x08, 0x84, 0x08, 0x84, 0x08, 0x84, 0x08, 0x84, 0x08, 0x84, 0x08, 0x84, 0x08, 0x84, 0x08, 0x84, 0x08, 0x84, 0x08, 0x84, 0x08, 0x84, 0x08, 0x84, 0x08, 0x84, 0x08, 0x84, 0x08,
  0x84, 0x08, 0x84, 0x08, 0x84, 0x08, 0x84, 0x08, 0x84, 0x08, 0x84, 0x08, 0x84, 0x08, 0x84, 0x08, 0x84, 0x08, 0x84, 0x08, 0x84, 0x08, 0x84, 0x08, 0x84, 0x08, 0x84, 0x08, 0x84, 0x08, 0x84, 0x08,
  0xa4, 0x10, 0x84, 0x08, 0x84, 0x08, 0x84, 0x08, 0x84, 0x08, 0x84, 0x08, 0x84, 0x08, 0x84, 0x08, 0x84, 0x08, 0x84, 0x08, 0xe3, 0x30, 0x82, 0x71, 0x82, 0x71, 0x82, 0x71, 0x82, 0x79, 0x82, 0x79,
  0xa3, 0x71, 0x23, 0x41, 0x84, 0x08, 0xe4, 0x28, 0xa3, 0x79, 0x82, 0x71, 0x82, 0x71, 0x83, 0x71, 0x82, 0x71, 0x82, 0x71, 0xa3, 0x79, 0xe3, 0x30, 0x43, 0x49, 0xa3, 0x79, 0x23, 0x41, 0x84, 0x08,
  0x84, 0x08, 0x84, 0x08, 0x43, 0x41, 0xc3, 0x79, 0x23, 0x49, 0x84, 0x08, 0x83, 0x61, 0xc3, 0x79, 0xe4, 0x30, 0x84, 0x08, 0x84, 0x08, 0x84, 0x08, 0x84, 0x08, 0x84, 0x08, 0x84, 0x08, 0xc4, 0x18,
  0xa3, 0x71, 0x82, 0x71, 0x82, 0x71, 0xa2, 0x71, 0xa2, 0x71, 0x82, 0x71, 0xc2, 0x81, 0x23, 0x41, 0x23, 0x39, 0xc3, 0x81, 0x43, 0x51, 0x84, 0x08, 0xa4, 0x10, 0x84, 0x08, 0x84, 0x08, 0xc4, 0x20,
  0xa3, 0x71, 0x83, 0x69, 0xa4, 0x10, 0x84, 0x08, 0x84, 0x08, 0xc4, 0x18, 0xa3, 0x69, 0xa3, 0x71, 0xc4, 0x20, 0x84, 0x08, 0x84, 0x08, 0x43, 0x51, 0xc2, 0x79, 0x23, 0x49, 0x84, 0x08, 0x84, 0x08,
  0x84, 0x08, 0x84, 0x08, 0x04, 0x39, 0xc3, 0x79, 0x43, 0x51, 0x84, 0x08, 0x84, 0x08, 0x84, 0x08, 0x84, 0x08, 0x84, 0x08, 0x84, 0x08, 0x84, 0x08, 0x84, 0x08, 0x84, 0x08, 0x84, 0x08, 0x84, 0x08,
  0xa4, 0x10, 0x84, 0x08, 0x84, 0x08, 0x27, 0x19, 0x84, 0x08, 0x26, 0x19, 0x26, 0x19, 0x26, 0x19, 0x84, 0x08, 0x84, 0x08, 0x63, 0x08, 0x63, 0x08, 0x63, 0x08, 0x63, 0x08, 0x62, 0x18, 0x00, 0x28,
  0x04, 0x41, 0x55, 0xbd, 0x86, 0x51, 0xa3, 0x38, 0xc3, 0x38, 0x25, 0x41, 0x86, 0x49, 0xe8, 0x51, 0x6a, 0x62, 0xec, 0x6a, 0x6d, 0x7b, 0xef, 0x83, 0x71, 0x94, 0xd3, 0x9c, 0x34, 0xad, 0x75, 0xb5,
  0xb7, 0xb5, 0x18, 0xbe, 0x59, 0xce, 0x9a, 0xce, 0xba, 0xd6, 0xdb, 0xde, 0xfb, 0xde, 0x1c, 0xe7, 0x3c, 0xe7, 0x3d, 0xef, 0x5d, 0xef, 0x5d, 0xef, 0x7d, 0xef, 0x9e, 0xef, 0x9e, 0xf7, 0x9e, 0xf7,
  0xbe, 0xf7, 0xbf, 0xf7, 0xbe, 0xf7, 0x9e, 0xf7, 0x9e, 0xf7, 0x9e, 0xf7, 0x9e, 0xef, 0x5d, 0xef, 0x3c, 0xe7, 0x1c, 0xe7, 0x1c, 0xdf, 0xdb, 0xde, 0x79, 0xce, 0x59, 0xce, 0x59, 0xce, 0x59, 0xce,
  0x59, 0xce, 0x38, 0xce, 0x38, 0xc6, 0x18, 0xc6, 0x18, 0xc6, 0x18, 0xc6, 0x17, 0xc6, 0xf7, 0xc5, 0xf7, 0xc5, 0xf7, 0xbd, 0xd7, 0xbd, 0xd7, 0xbd, 0xb6, 0xbd, 0xb6, 0xb5, 0x96, 0xb5, 0x75, 0xb5,
  0x76, 0xb5, 0x75, 0xb5, 0x55, 0xad, 0x35, 0xad, 0x14, 0xa5, 0x14, 0xa5, 0x14, 0xa5, 0xf4, 0xa4, 0xd3, 0x9c, 0xd3, 0x9c, 0xb2, 0x9c, 0x92, 0x94, 0x92, 0x94, 0xb2, 0x9c, 0xd3, 0x9c, 0x3c, 0xe7,
  0x65, 0x51, 0x00, 0x20, 0x05, 0x29, 0x84, 0x08, 0x83, 0x08, 0x84, 0x08, 0x84, 0x08, 0x84, 0x08, 0x84, 0x08, 0x84, 0x08, 0x84, 0x08, 0x84, 0x08, 0x84, 0x08, 0x84, 0x08, 0x84, 0x08, 0x84, 0x08,
  0x84, 0x08, 0x84, 0x08, 0x84, 0x08, 0x84, 0x08, 0x84, 0x08, 0x84, 0x08, 0x84, 0x08, 0x84, 0x08, 0x84, 0x08, 0x84, 0x08, 0x84, 0x08, 0x84, 0x08, 0x84, 0x08, 0x84, 0x08, 0x84, 0x08, 0x84, 0x08,
  0xa4, 0x10, 0x84, 0x08, 0x84, 0x08, 0x84, 0x08, 0x84, 0x08, 0x84, 0x08, 0x84, 0x08, 0x84, 0x08, 0x84, 0x08, 0x84, 0x08, 0x84, 0x08, 0x84, 0x08, 0x84, 0x08, 0x84, 0x08, 0x84, 0x08, 0x84, 0x08,
  0x84, 0x08, 0x84, 0x08, 0x84, 0x08, 0x84, 0x08, 0x84, 0x08, 0x84, 0x08, 0x84, 0x08, 0x84, 0x08, 0x84, 0x08, 0x84, 0x08, 0x84, 0x08, 0x84, 0x08, 0x84, 0x08, 0x84, 0x08, 0x84, 0x08, 0x84, 0x08,
  0xa4, 0x10, 0x84, 0x08, 0x84, 0x08, 0x84, 0x08, 0x84, 0x08, 0x84, 0x08, 0x84, 0x08, 0x84, 0x08, 0x84, 0x08, 0x84, 0x08, 0x84, 0x08, 0x84, 0x08, 0x84, 0x08, 0x84, 0x08, 0x84, 0x08, 0x84, 0x08,
  0x84, 0x08, 0x84, 0x08, 0x84, 0x08, 0x84, 0x08, 0x84, 0x08, 0x84, 0x08, 0x84, 0x08, 0x84, 0x08, 0x84, 0x08, 0x84, 0x08, 0x84, 0x08, 0x84, 0x08, 0x84, 0x08, 0x84, 0x08, 0x84, 0x08, 0x84, 0x08,
  0xa4, 0x10, 0x84, 0x08, 0x84, 0x08, 0x84, 0x08, 0x84, 0x08, 0x84, 0x08, 0x84, 0x08, 0x84, 0x08, 0x84, 0x08, 0x84, 0x08, 0x84, 0x08, 0x84, 0x08, 0x84, 0x08, 0x84, 0x08, 0x84, 0x08, 0x84, 0x08,
  0x84, 0x08, 0x84, 0x08, 0x84, 0x08, 0x84, 0x08, 0x84, 0x08, 0x84, 0x08, 0x84, 0x08, 0x84, 0x08, 0x84, 0x08, 0x84, 0x08, 0x84, 0x08, 0x84, 0x08, 0x84, 0x08, 0x84, 0x08, 0x84, 0x08, 0x84, 0x08,
  0xa4, 0x10, 0x84, 0x08, 0x84, 0x08, 0x84, 0x08, 0x84, 0x08, 0x84, 0x08, 0x84, 0x08, 0x84, 0x08, 0x84, 0x08, 0x84, 0x08, 0x84, 0x08, 0x84, 0x08, 0x84, 0x08, 0x84, 0x08, 0x84, 0x08, 0x84, 0x08,
  0x84, 0x08, 0x84, 0x08, 0x84, 0x08, 0x84, 0x08, 0x84, 0x08, 0x84, 0x08, 0x84, 0x08, 0x84, 0x08, 0x84, 0x08, 0x84, 0x08, 0x84, 0x08, 0x84, 0x08, 0xc5, 0x10, 0x84, 0x08, 0x84, 0x08, 0x84, 0x08,
  0x84, 0x08, 0x84, 0x08, 0x84, 0x08, 0x84, 0x08, 0x84, 0x08, 0x84, 0x08, 0x84, 0x08, 0x27, 0x19, 0x84, 0x08, 0x84, 0x08, 0x84, 0x08, 0x84, 0x08, 0x84, 0x08, 0x84, 0x08, 0x84, 0x08, 0x84, 0x08,
  0x84, 0x08, 0x84, 0x08, 0x84, 0x08, 0x84, 0x08, 0x84, 0x08, 0x84, 0x08, 0x84, 0x08, 0x84, 0x08, 0x84, 0x08, 0x84, 0x08, 0x84, 0x08, 0x84, 0x08, 0xa4, 0x10, 0x84, 0x08, 0x84, 0x08, 0x84, 0x08,
  0x84, 0x08, 0x84, 0x08, 0x84, 0x08, 0x84, 0x08, 0x84, 0x08, 0x84, 0x08, 0x84, 0x08, 0x48, 0x19, 0x84, 0x08, 0x84, 0x08, 0x84, 0x08, 0x84, 0x08, 0x84, 0x08, 0x84, 0x08, 0x84, 0x08, 0x84, 0x08,
  0x84, 0x08, 0x84, 0x08, 0x84, 0x08, 0x84, 0x08, 0x84, 0x08, 0x84, 0x08, 0x84, 0x08, 0x84, 0x08, 0x84, 0x08, 0x84, 0x08, 0x84, 0x08, 0x84, 0x08, 0x84, 0x08, 0x84, 0x08, 0x84, 0x08, 0x84, 0x08,
  0xa4, 0x10, 0x84, 0x08, 0x84, 0x08, 0x84, 0x08, 0x27, 0x19, 0x84, 0x08, 0x84, 0x08, 0x84, 0x08, 0x26, 0x19, 0x84, 0x08, 0x63, 0x08, 0x63, 0x08, 0x63, 0x08, 0x63, 0x08, 0xa4, 0x10, 0x61, 0x30,
  0x00, 0x18, 0xcf, 0x93, 0x9a, 0xd6, 0x8e, 0x7b, 0xf3, 0x9c, 0x55, 0xad, 0xb6, 0xb5, 0xf8, 0xbd, 0x59, 0xc6, 0x7a, 0xce, 0xba, 0xd6, 0xfb, 0xde, 0x3c, 0xe7, 0x7d, 0xef, 0x9e, 0xef, 0x9e, 0xf7,
  0xbe, 0xf7, 0xff, 0xff, 0xff, 0xff, 0xff, 0xff, 0xff, 0xff, 0xff, 0xff, 0xff, 0xff, 0xff, 0xff, 0xff, 0xff, 0xff, 0xff, 0xff, 0xff, 0xff, 0xff, 0xff, 0xff, 0xff, 0xff, 0xdf, 0xff, 0xdf, 0xff,
  0xbe, 0xf7, 0xbe, 0xf7, 0x7d, 0xef, 0x3c, 0xe7, 0x1c, 0xe7, 0xfb, 0xde, 0xdb, 0xde, 0xba, 0xd6, 0x9a, 0xd6, 0x59, 0xce, 0x55, 0xad, 0xd3, 0x9c, 0xd3, 0x9c, 0xd3, 0x9c, 0xb3, 0x9c, 0xb2, 0x94,
  0x92, 0x94, 0x71, 0x8c, 0x51, 0x8c, 0x51, 0x8c, 0x31, 0x84, 0x10, 0x84, 0xf0, 0x7b, 0xf0, 0x7b, 0xcf, 0x7b, 0xcf, 0x7b, 0xaf, 0x73, 0x8e, 0x73, 0x4d, 0x6b, 0x0c, 0x63, 0xcb, 0x5a, 0x8a, 0x52,
  0x6a, 0x52, 0x28, 0x4a, 0xc7, 0x41, 0x86, 0x39, 0x45, 0x39, 0x25, 0x39, 0xe4, 0x30, 0xa3, 0x30, 0x82, 0x30, 0x82, 0x30, 0x82, 0x28, 0xa3, 0x30, 0x45, 0x41, 0x28, 0x52, 0xf0, 0x83, 0xfb, 0xde,
  0x86, 0x51, 0x00, 0x20, 0x66, 0x31, 0x84, 0x08, 0x83, 0x08, 0x84, 0x08, 0x84, 0x08, 0x84, 0x08, 0x84, 0x08, 0x84, 0x08, 0x84, 0x08, 0x84, 0x08, 0x84, 0x08, 0x84, 0x08, 0x84, 0x08, 0x84, 0x08,
  0x84, 0x08, 0x84, 0x08, 0x84, 0x08, 0x84, 0x08, 0x84, 0x08, 0x84, 0x08, 0x84, 0x08, 0x84, 0x08, 0x84, 0x08, 0x84, 0x08, 0x84, 0x08, 0x84, 0x08, 0x84, 0x08, 0x84, 0x08, 0x84, 0x08, 0x84, 0x08,
  0xa4, 0x10, 0x84, 0x08, 0x84, 0x08, 0x84, 0x08, 0x84, 0x08, 0x84, 0x08, 0x84, 0x08, 0x84, 0x08, 0x84, 0x08, 0x84, 0x08, 0x84, 0x08, 0x84, 0x08, 0x84, 0x08, 0x84, 0x08, 0x84, 0x08, 0x84, 0x08,
  0x84, 0x08, 0x84, 0x08, 0x84, 0x08, 0x84, 0x08, 0x84, 0x08, 0x84, 0x08, 0x84, 0x08, 0x84, 0x08, 0x84, 0x08, 0x84, 0x08, 0x84, 0x08, 0x84, 0x08, 0x84, 0x08, 0x84, 0x08, 0x84, 0x08, 0x84, 0x08,
  0xa4, 0x10, 0x84, 0x08, 0x84, 0x08, 0x84, 0x08, 0x84, 0x08, 0x84, 0x08, 0x84, 0x08, 0x84, 0x08, 0x84, 0x08, 0x84, 0x08, 0x84, 0x08, 0x84, 0x08, 0x84, 0x08, 0x84, 0x08, 0x84, 0x08, 0x84, 0x08,
  0x84, 0x08, 0x84, 0x08, 0x84, 0x08, 0x84, 0x08, 0x84, 0x08, 0x84, 0x08, 0x84, 0x08, 0x84, 0x08, 0x84, 0x08, 0x84, 0x08, 0x84, 0x08, 0x84, 0x08, 0x84, 0x08, 0x84, 0x08, 0x84, 0x08, 0x84, 0x08,
  0xa4, 0x10, 0x84, 0x08, 0x84, 0x08, 0x84, 0x08, 0x84, 0x08, 0x84, 0x08, 0x84, 0x08, 0x84, 0x08, 0x84, 0x08, 0x84, 0x08, 0x84, 0x08, 0x84, 0x08, 0x84, 0x08, 0x84, 0x08, 0x84, 0x08, 0x84, 0x08,
  0x84, 0x08, 0x84, 0x08, 0x84, 0x08, 0x84, 0x08, 0x84, 0x08, 0x84, 0x08, 0x84, 0x08, 0x84, 0x08, 0x84, 0x08, 0x84, 0x08, 0x84, 0x08, 0x84, 0x08, 0x84, 0x08, 0x84, 0x08, 0x84, 0x08, 0x84, 0x08,
  0xa4, 0x10, 0x84, 0x08, 0x84, 0x08, 0x84, 0x08, 0x84, 0x08, 0x84, 0x08, 0x84, 0x08, 0x84, 0x08, 0x84, 0x08, 0x84, 0x08, 0x84, 0x08, 0x84, 0x08, 0x84, 0x08, 0x84, 0x08, 0x84, 0x08, 0x84, 0x08,
  0x84, 0x08, 0x84, 0x08, 0x84, 0x08, 0x47, 0x19, 0x84, 0x08, 0x84, 0x08, 0x84, 0x08, 0x84, 0x08, 0x84, 0x08, 0x84, 0x08, 0x84, 0x08, 0x84, 0x08, 0x84, 0x08, 0x84, 0x08, 0x84, 0x08, 0x84, 0x08,
  0xa4, 0x10, 0x84, 0x08, 0x84, 0x08, 0x84, 0x08, 0x84, 0x08, 0x84, 0x08, 0x84, 0x08, 0x84, 0x08, 0x84, 0x08, 0x84, 0x08, 0x84, 0x08, 0x84, 0x08, 0x84, 0x08, 0x84, 0x08, 0x84, 0x08, 0x84, 0x08,
  0x84, 0x08, 0x84, 0x08, 0x84, 0x08, 0x84, 0x08, 0x84, 0x08, 0x84, 0x08, 0x47, 0x19, 0x27, 0x19, 0x84, 0x08, 0x84, 0x08, 0x84, 0x08, 0x84, 0x08, 0x84, 0x08, 0x84, 0x08, 0x84, 0x08, 0x84, 0x08,
  0xa4, 0x10, 0x84, 0x08, 0x84, 0x08, 0x84, 0x08, 0x84, 0x08, 0x84, 0x08, 0x84, 0x08, 0x84, 0x08, 0x84, 0x08, 0x84, 0x08, 0x84, 0x08, 0x84, 0x08, 0x84, 0x08, 0x84, 0x08, 0x84, 0x08, 0x84, 0x08,
  0x84, 0x08, 0x84, 0x08, 0x84, 0x08, 0x84, 0x08, 0x84, 0x08, 0x84, 0x08, 0x84, 0x08, 0x84, 0x08, 0x84, 0x08, 0x84, 0x08, 0x84, 0x08, 0x84, 0x08, 0x84, 0x08, 0x84, 0x08, 0x84, 0x08, 0x84, 0x08,
  0xa4, 0x10, 0x64, 0x08, 0x64, 0x08, 0x06, 0x19, 0x64, 0x08, 0x27, 0x19, 0x64, 0x08, 0x64, 0x08, 0x64, 0x08, 0x06, 0x19, 0x63, 0x08, 0x63, 0x08, 0x63, 0x08, 0x63, 0x08, 0x62, 0x08, 0x00, 0x28,
  0x41, 0x30, 0x18, 0xce, 0x38, 0xc6, 0xd7, 0xbd, 0x38, 0xc6, 0x38, 0xc6, 0x38, 0xc6, 0x38, 0xc6, 0x59, 0xce, 0x79, 0xce, 0x9a, 0xd6, 0x9a, 0xd6, 0x9a, 0xd6, 0xba, 0xd6, 0xba, 0xd6, 0xba, 0xd6,
  0xba, 0xd6, 0xba, 0xd6, 0xba, 0xd6, 0x9a, 0xd6, 0x79, 0xd6, 0x79, 0xce, 0x79, 0xce, 0x59, 0xce, 0x59, 0xce, 0x38, 0xc6, 0x38, 0xc6, 0x18, 0xc6, 0x18, 0xc6, 0xf7, 0xc5, 0xf7, 0xbd, 0xf7, 0xbd,
  0xd7, 0xbd, 0xd6, 0xbd, 0xb6, 0xbd, 0xb6, 0xb5, 0xb6, 0xb5, 0xb6, 0xb5, 0xb6, 0xb5, 0x96, 0xb5, 0x96, 0xb5, 0x75, 0xad, 0xcf, 0x7b, 0x8e, 0x73, 0x8e, 0x73, 0x8e, 0x73, 0x8e, 0x73, 0x8e, 0x73,
  0x8e, 0x6b, 0x8e, 0x6b, 0x8e, 0x6b, 0x8e, 0x6b, 0x6e, 0x6b, 0x6e, 0x6b, 0x6e, 0x6b, 0x6e, 0x73, 0x6e, 0x6b, 0x6e, 0x73, 0x6e, 0x6b, 0x6e, 0x6b, 0x2d, 0x63, 0x0c, 0x63, 0xab, 0x5a, 0x8a, 0x52,
  0x49, 0x52, 0x08, 0x4a, 0xc7, 0x41, 0x86, 0x41, 0x25, 0x39, 0xe3, 0x38, 0x62, 0x30, 0x00, 0x28, 0x00, 0x28, 0x00, 0x28, 0x00, 0x28, 0x41, 0x28, 0xe4, 0x38, 0xe8, 0x51, 0xb3, 0x94, 0x9a, 0xd6,
  0x41, 0x28, 0x20, 0x30, 0x06, 0x21, 0x64, 0x08, 0x64, 0x08, 0x64, 0x08, 0x64, 0x08, 0x64, 0x08, 0x64, 0x08, 0x64, 0x08, 0x64, 0x08, 0x64, 0x08, 0x64, 0x08, 0x64, 0x08, 0x64, 0x08, 0x64, 0x08,
  0x64, 0x08, 0x64, 0x08, 0x64, 0x08, 0x64, 0x08, 0x64, 0x08, 0x64, 0x08, 0x64, 0x08, 0x64, 0x08, 0x64, 0x08, 0x64, 0x08, 0x64, 0x08, 0x64, 0x08, 0x64, 0x08, 0x64, 0x08, 0x64, 0x08, 0x64, 0x08,
  0xa4, 0x10, 0x64, 0x08, 0x64, 0x08, 0x64, 0x08, 0x64, 0x08, 0x64, 0x08, 0x64, 0x08, 0x64, 0x08, 0x64, 0x08, 0x64, 0x08, 0x64, 0x08, 0x64, 0x08, 0x64, 0x08, 0x64, 0x08, 0x64, 0x08, 0x64, 0x08,
  0x64, 0x08, 0x64, 0x08, 0x64, 0x08, 0x64, 0x08, 0x64, 0x08, 0x64, 0x08, 0x64, 0x08, 0x64, 0x08, 0x64, 0x08, 0x64, 0x08, 0x64, 0x08, 0x64, 0x08, 0x64, 0x08, 0x64, 0x08, 0x64, 0x08, 0x64, 0x08,
  0xa4, 0x10, 0x64, 0x08, 0x64, 0x08, 0x64, 0x08, 0x64, 0x08, 0x64, 0x08, 0x64, 0x08, 0x64, 0x08, 0x64, 0x08, 0x64, 0x08, 0x64, 0x08, 0x64, 0x08, 0x64, 0x08, 0x64, 0x08, 0x64, 0x08, 0x64, 0x08,
  0x64, 0x08, 0x64, 0x08, 0x64, 0x08, 0x64, 0x08, 0x64, 0x08, 0x64, 0x08, 0x64, 0x08, 0x64, 0x08, 0x64, 0x08, 0x64, 0x08, 0x64, 0x08, 0x64, 0x08, 0x64, 0x08, 0x64, 0x08, 0x64, 0x08, 0x64, 0x08,
  0xa4, 0x10, 0x64, 0x08, 0x64, 0x08, 0x64, 0x08, 0x64, 0x08, 0x64, 0x08, 0x64, 0x08, 0x64, 0x08, 0x64, 0x08, 0x64, 0x08, 0x64, 0x08, 0x64, 0x08, 0x64, 0x08, 0x64, 0x08, 0x64, 0x08, 0x64, 0x08,
  0x64, 0x08, 0x64, 0x08, 0x64, 0x08, 0x64, 0x08, 0x64, 0x08, 0x64, 0x08, 0x64, 0x08, 0x64, 0x08, 0x64, 0x08, 0x64, 0x08, 0x64, 0x08, 0x64, 0x08, 0x64, 0x08, 0x64, 0x08, 0x64, 0x08, 0x64, 0x08,
  0xa4, 0x10, 0x64, 0x08, 0x64, 0x08, 0x64, 0x08, 0x64, 0x08, 0x64, 0x08, 0x64, 0x08, 0x64, 0x08, 0x64, 0x08, 0x64, 0x08, 0x64, 0x08, 0x64, 0x08, 0x64, 0x08, 0x64, 0x08, 0x64, 0x08, 0x64, 0x08,
  0x64, 0x08, 0x64, 0x08, 0x64, 0x08, 0x47, 0x19, 0x64, 0x08, 0x64, 0x08, 0x64, 0x08, 0x64, 0x08, 0x64, 0x08, 0x64, 0x08, 0x64, 0x08, 0x64, 0x08, 0x64, 0x08, 0x64, 0x08, 0x64, 0x08, 0x64, 0x08,
  0xa4, 0x10, 0x64, 0x08, 0x64, 0x08, 0x64, 0x08, 0x64, 0x08, 0x64, 0x08, 0x64, 0x08, 0x64, 0x08, 0x64, 0x08, 0x64, 0x08, 0x64, 0x08, 0x64, 0x08, 0x64, 0x08, 0x64, 0x08, 0x64, 0x08, 0x64, 0x08,
  0x64, 0x08, 0x64, 0x08, 0x64, 0x08, 0x64, 0x08, 0x64, 0x08, 0x27, 0x19, 0x64, 0x08, 0x27, 0x19, 0x64, 0x08, 0x64, 0x08, 0x64, 0x08, 0x64, 0x08, 0x64, 0x08, 0x64, 0x08, 0x64, 0x08, 0x64, 0x08,
  0xa4, 0x10, 0x64, 0x08, 0x64, 0x08, 0x64, 0x08, 0x64, 0x08, 0x64, 0x08, 0x64, 0x08, 0x64, 0x08, 0x64, 0x08, 0x64, 0x08, 0x64, 0x08, 0x64, 0x08, 0x64, 0x08, 0x64, 0x08, 0x64, 0x08, 0x64, 0x08,
  0x64, 0x08, 0x64, 0x08, 0x64, 0x08, 0x64, 0x08, 0x64, 0x08, 0x64, 0x08, 0x64, 0x08, 0x64, 0x08, 0x64, 0x08, 0x64, 0x08, 0x64, 0x08, 0x64, 0x08, 0x64, 0x08, 0x64, 0x08, 0x64, 0x08, 0x64, 0x08,
  0xa4, 0x10, 0x64, 0x08, 0x64, 0x08, 0x06, 0x19, 0x64, 0x08, 0x64, 0x08, 0x27, 0x19, 0x64, 0x08, 0x64, 0x08, 0x06, 0x19, 0x63, 0x08, 0x63, 0x08, 0x63, 0x08, 0x63, 0x08, 0x62, 0x10, 0x00, 0x20,
  0x28, 0x62, 0xf7, 0xbd, 0xf3, 0x9c, 0x75, 0xad, 0x14, 0xa5, 0x14, 0x9d, 0x14, 0x9d, 0x14, 0xa5, 0x35, 0xa5, 0x55, 0xad, 0x75, 0xad, 0xb6, 0xb5, 0xd7, 0xbd, 0xf7, 0xbd, 0x18, 0xbe, 0x18, 0xbe,
  0x18, 0xbe, 0x18, 0xc6, 0x38, 0xc6, 0x38, 0xc6, 0x59, 0xc6, 0x59, 0xc6, 0x59, 0xc6, 0x59, 0xc6, 0x59, 0xc6, 0x59, 0xc6, 0x59, 0xc6, 0x59, 0xce, 0x59, 0xce, 0x79, 0xce, 0x79, 0xce, 0x59, 0xce,
  0x59, 0xc6, 0x59, 0xc6, 0x58, 0xc6, 0x38, 0xc6, 0x38, 0xc6, 0x38, 0xc6, 0x38, 0xc6, 0x38, 0xc6, 0x38, 0xc6, 0x55, 0xad, 0x10, 0x84, 0x31, 0x84, 0x31, 0x84, 0x30, 0x84, 0x10, 0x84, 0x10, 0x7c,
  0x10, 0x7c, 0x10, 0x7c, 0x10, 0x7c, 0xf0, 0x7b, 0xf0, 0x7b, 0xf0, 0x7b, 0xf0, 0x7b, 0xf0, 0x7b, 0xd0, 0x7b, 0xd0, 0x7b, 0xf0, 0x7b, 0xd0, 0x7b, 0xaf, 0x73, 0x6e, 0x6b, 0x2d, 0x6b, 0xcc, 0x5a,
  0x8a, 0x52, 0x29, 0x4a, 0xe8, 0x49, 0xc7, 0x41, 0x86, 0x41, 0x66, 0x41, 0x24, 0x41, 0xe4, 0x38, 0xc4, 0x38, 0xc4, 0x38, 0xc4, 0x38, 0xe4, 0x38, 0x65, 0x41, 0x28, 0x52, 0x39, 0xc6, 0x30, 0x94,
  0x00, 0x10, 0x04, 0x41, 0x67, 0x29, 0x64, 0x08, 0x64, 0x08, 0x64, 0x08, 0x64, 0x08, 0x64, 0x08, 0x64, 0x08, 0x64, 0x08, 0x64, 0x08, 0x64, 0x08, 0x64, 0x08, 0x64, 0x08, 0x64, 0x08, 0x64, 0x08,
  0x64, 0x08, 0x64, 0x08, 0x64, 0x08, 0x64, 0x08, 0x64, 0x08, 0x64, 0x08, 0x64, 0x08, 0x64, 0x08, 0x64, 0x08, 0x64, 0x08, 0x64, 0x08, 0x64, 0x08, 0x64, 0x08, 0x64, 0x08, 0x64, 0x08, 0x64, 0x08,
  0xa4, 0x10, 0x64, 0x08, 0x64, 0x08, 0x64, 0x08, 0x64, 0x08, 0x64, 0x08, 0x64, 0x08, 0x64, 0x08, 0x64, 0x08, 0x64, 0x08, 0x64, 0x08, 0x64, 0x08, 0x64, 0x08, 0x64, 0x08, 0x64, 0x08, 0x64, 0x08,
  0x64, 0x08, 0x64, 0x08, 0x64, 0x08, 0x64, 0x08, 0x64, 0x08, 0x64, 0x08, 0x64, 0x08, 0x64, 0x08, 0x64, 0x08, 0x64, 0x08, 0x64, 0x08, 0x64, 0x08, 0x64, 0x08, 0x64, 0x08, 0x64, 0x08, 0x64, 0x08,
  0xa4, 0x10, 0x64, 0x08, 0x64, 0x08, 0x64, 0x08, 0x64, 0x08, 0x64, 0x08, 0x64, 0x08, 0x64, 0x08, 0x64, 0x08, 0x64, 0x08, 0x64, 0x08, 0x64, 0x08, 0x64, 0x08, 0x64, 0x08, 0x64, 0x08, 0x64, 0x08,
  0x64, 0x08, 0x64, 0x08, 0x64, 0x08, 0x64, 0x08, 0x64, 0x08, 0x64, 0x08, 0x64, 0x08, 0x64, 0x08, 0x64, 0x08, 0x64, 0x08, 0x64, 0x08, 0x64, 0x08, 0x64, 0x08, 0x64, 0x08, 0x64, 0x08, 0x64, 0x08,
  0xa4, 0x10, 0x64, 0x08, 0x64, 0x08, 0x64, 0x08, 0x64, 0x08, 0x64, 0x08, 0x64, 0x08, 0x64, 0x08, 0x64, 0x08, 0x64, 0x08, 0x64, 0x08, 0x64, 0x08, 0x64, 0x08, 0x64, 0x08, 0x64, 0x08, 0x64, 0x08,
  0x64, 0x08, 0x64, 0x08, 0x64, 0x08, 0x64, 0x08, 0x64, 0x08, 0x64, 0x08, 0x64, 0x08, 0x64, 0x08, 0x64, 0x08, 0x64, 0x08, 0x64, 0x08, 0x64, 0x08, 0x64, 0x08, 0x64, 0x08, 0x64, 0x08, 0x64, 0x08,
  0xa4, 0x10, 0x64, 0x08, 0x64, 0x08, 0x64, 0x08, 0x64, 0x08, 0x64, 0x08, 0x64, 0x08, 0x64, 0x08, 0x64, 0x08, 0x64, 0x08, 0x64, 0x08, 0x64, 0x08, 0x64, 0x08, 0x64, 0x08, 0x64, 0x08, 0x64, 0x08,
  0x64, 0x08, 0x64, 0x08, 0x64, 0x08, 0x47, 0x19, 0x64, 0x08, 0x64, 0x08, 0x64, 0x08, 0x64, 0x08, 0x64, 0x08, 0x64, 0x08, 0x64, 0x08, 0x64, 0x08, 0x64, 0x08, 0x64, 0x08, 0x64, 0x08, 0x64, 0x08,
  0xa4, 0x10, 0x64, 0x08, 0x64, 0x08, 0x64, 0x08, 0x64, 0x08, 0x64, 0x08, 0x64, 0x08, 0x64, 0x08, 0x64, 0x08, 0x64, 0x08, 0x64, 0x08, 0x64, 0x08, 0x64, 0x08, 0x64, 0x08, 0x64, 0x08, 0x64, 0x08,
  0x64, 0x08, 0x64, 0x08, 0x64, 0x08, 0x64, 0x08, 0x27, 0x19, 0x64, 0x08, 0x64, 0x08, 0x27, 0x19, 0x64, 0x08, 0x64, 0x08, 0x64, 0x08, 0x64, 0x08, 0x64, 0x08, 0x64, 0x08, 0x64, 0x08, 0x64, 0x08,
  0xa4, 0x10, 0x64, 0x08, 0x64, 0x08, 0x64, 0x08, 0x64, 0x08, 0x64, 0x08, 0x64, 0x08, 0x64, 0x08, 0x64, 0x08, 0x64, 0x08, 0x64, 0x08, 0x64, 0x08, 0x64, 0x08, 0x64, 0x08, 0x64, 0x08, 0x64, 0x08,
  0x64, 0x08, 0x64, 0x08, 0x64, 0x08, 0x64, 0x08, 0x64, 0x08, 0x64, 0x08, 0x64, 0x08, 0x64, 0x08, 0x64, 0x08, 0x64, 0x08, 0x64, 0x08, 0x64, 0x08, 0x64, 0x08, 0x64, 0x08, 0x64, 0x08, 0x64, 0x08,
  0xa4, 0x10, 0x64, 0x08, 0x64, 0x08, 0x06, 0x19, 0x64, 0x08, 0x64, 0x08, 0x64, 0x08, 0x27, 0x19, 0x64, 0x08, 0x06, 0x19, 0x64, 0x08, 0x64, 0x08, 0x64, 0x08, 0x42, 0x10, 0x00, 0x28, 0x00, 0x18,
  0x03, 0x41, 0x29, 0x5a, 0xc7, 0x49, 0xeb, 0x6a, 0xcb, 0x6a, 0xeb, 0x6a, 0xeb, 0x6a, 0xeb, 0x6a, 0xeb, 0x6a, 0x0c, 0x73, 0x2c, 0x73, 0x6d, 0x7b, 0xae, 0x83, 0xcf, 0x8b, 0xcf, 0x8b, 0xce, 0x8b,
  0xae, 0x8b, 0xcf, 0x8b, 0xcf, 0x8b, 0xcf, 0x8b, 0xcf, 0x8b, 0xcf, 0x8b, 0xae, 0x83, 0xae, 0x83, 0xcf, 0x8b, 0xcf, 0x8b, 0xcf, 0x8b, 0xcf, 0x83, 0xae, 0x83, 0xae, 0x83, 0x8e, 0x83, 0x8e, 0x83,
  0x8e, 0x83, 0xae, 0x83, 0xae, 0x83, 0x8e, 0x83, 0x8e, 0x83, 0x8e, 0x83, 0x8e, 0x83, 0x6d, 0x7b, 0x6d, 0x7b, 0xab, 0x62, 0x29, 0x52, 0x49, 0x52, 0x49, 0x52, 0x29, 0x52, 0x29, 0x52, 0x29, 0x52,
  0x29, 0x52, 0x28, 0x52, 0x29, 0x52, 0x29, 0x52, 0x29, 0x52, 0x29, 0x52, 0x29, 0x52, 0x29, 0x52, 0x29, 0x52, 0x29, 0x52, 0x28, 0x52, 0x08, 0x52, 0x08, 0x52, 0x08, 0x52, 0x08, 0x4a, 0xe8, 0x49,
  0xe8, 0x49, 0xe8, 0x49, 0xe8, 0x51, 0xe8, 0x51, 0xe8, 0x51, 0xe8, 0x51, 0xe8, 0x51, 0x08, 0x52, 0x09, 0x5a, 0x09, 0x52, 0xe8, 0x51, 0x08, 0x52, 0x29, 0x52, 0x29, 0x5a, 0x71, 0x9c, 0x28, 0x62,
  0x00, 0x10, 0x00, 0x28, 0x21, 0x28, 0x83, 0x18, 0x64, 0x08, 0x64, 0x08, 0x64, 0x08, 0x64, 0x08, 0x64, 0x08, 0x64, 0x08, 0x64, 0x08, 0x64, 0x08, 0x64, 0x08, 0x64, 0x08, 0x64, 0x08, 0x64, 0x08,
  0x64, 0x08, 0x64, 0x08, 0x64, 0x08, 0x64, 0x08, 0x64, 0x08, 0x64, 0x08, 0x64, 0x08, 0x64, 0x08, 0x64, 0x08, 0x64, 0x08, 0x64, 0x08, 0x64, 0x08, 0x64, 0x08, 0x64, 0x08, 0x64, 0x08, 0x64, 0x08,
  0xa4, 0x10, 0x64, 0x08, 0x64, 0x08, 0x64, 0x08, 0x64, 0x08, 0x64, 0x08, 0x64, 0x08, 0x64, 0x08, 0x64, 0x08, 0x64, 0x08, 0x64, 0x08, 0x64, 0x08, 0x64, 0x08, 0x64, 0x08, 0x64, 0x08, 0x64, 0x08,
  0x64, 0x08, 0x64, 0x08, 0x64, 0x08, 0x64, 0x08, 0x64, 0x08, 0x64, 0x08, 0x64, 0x08, 0x64, 0x08, 0x64, 0x08, 0x64, 0x08, 0x64, 0x08, 0x64, 0x08, 0x64, 0x08, 0x64, 0x08, 0x64, 0x08, 0x64, 0x08,
  0xa4, 0x10, 0x64, 0x08, 0x64, 0x08, 0x64, 0x08, 0x64, 0x08, 0x64, 0x08, 0x64, 0x08, 0x64, 0x08, 0x64, 0x08, 0x64, 0x08, 0x64, 0x08, 0x64, 0x08, 0x64, 0x08, 0x64, 0x08, 0x64, 0x08, 0x64, 0x08,
  0x64, 0x08, 0x64, 0x08, 0x64, 0x08, 0x64, 0x08, 0x64, 0x08, 0x64, 0x08, 0x64, 0x08, 0x64, 0x08, 0x64, 0x08, 0x64, 0x08, 0x64, 0x08, 0x64, 0x08, 0x64, 0x08, 0x64, 0x08, 0x64, 0x08, 0x64, 0x08,
  0xa4, 0x10, 0x64, 0x08, 0x64, 0x08, 0x64, 0x08, 0x64, 0x08, 0x64, 0x08, 0x64, 0x08, 0x64, 0x08, 0x64, 0x08, 0x64, 0x08, 0x64, 0x08, 0x64, 0x08, 0x64, 0x08, 0x64, 0x08, 0x64, 0x08, 0x64, 0x08,
  0x64, 0x08, 0x64, 0x08, 0x64, 0x08, 0x64, 0x08, 0x64, 0x08, 0x64, 0x08, 0x64, 0x08, 0x64, 0x08, 0x64, 0x08, 0x64, 0x08, 0x64, 0x08, 0x64, 0x08, 0x64, 0x08, 0x64, 0x08, 0x64, 0x08, 0x64, 0x08,
  0xa4, 0x10, 0x64, 0x08, 0x64, 0x08, 0x64, 0x08, 0x64, 0x08, 0x64, 0x08, 0x64, 0x08, 0x64, 0x08, 0x64, 0x08, 0x64, 0x08, 0x64, 0x08, 0x64, 0x08, 0x64, 0x08, 0x64, 0x08, 0x64, 0x08, 0x64, 0x08,
  0x64, 0x08, 0x64, 0x08, 0x64, 0x08, 0x47, 0x19, 0x64, 0x08, 0x64, 0x08, 0x64, 0x08, 0x64, 0x08, 0x64, 0x08, 0x64, 0x08, 0x64, 0x08, 0x64, 0x08, 0x64, 0x08, 0x64, 0x08, 0x64, 0x08, 0x64, 0x08,
  0xa4, 0x10, 0x64, 0x08, 0x64, 0x08, 0x64, 0x08, 0x64, 0x08, 0x64, 0x08, 0x64, 0x08, 0x64, 0x08, 0x64, 0x08, 0x64, 0x08, 0x64, 0x08, 0x64, 0x08, 0x64, 0x08, 0x64, 0x08, 0x64, 0x08, 0x64, 0x08,
  0x64, 0x08, 0x64, 0x08, 0x64, 0x08, 0x27, 0x19, 0x64, 0x08, 0x64, 0x08, 0x64, 0x08, 0x27, 0x19, 0x64, 0x08, 0x64, 0x08, 0x64, 0x08, 0x64, 0x08, 0x64, 0x08, 0x64, 0x08, 0x64, 0x08, 0x64, 0x08,
  0xa4, 0x10, 0x64, 0x08, 0x64, 0x08, 0x64, 0x08, 0x64, 0x08, 0x64, 0x08, 0x64, 0x08, 0x64, 0x08, 0x64, 0x08, 0x64, 0x08, 0x64, 0x08, 0x64, 0x08, 0x64, 0x08, 0x64, 0x08, 0x64, 0x08, 0x64, 0x08,
  0x64, 0x08, 0x64, 0x08, 0x64, 0x08, 0x64, 0x08, 0x64, 0x08, 0x64, 0x08, 0x64, 0x08, 0x64, 0x08, 0x64, 0x08, 0x64, 0x08, 0x64, 0x08, 0x64, 0x08, 0x64, 0x08, 0x64, 0x08, 0x64, 0x08, 0x64, 0x08,
  0xa4, 0x10, 0x64, 0x08, 0x64, 0x08, 0x64, 0x08, 0x06, 0x19, 0x64, 0x08, 0x64, 0x08, 0x64, 0x08, 0x27, 0x19, 0x64, 0x08, 0x64, 0x08, 0x64, 0x08, 0x43, 0x10, 0x00, 0x28, 0x41, 0x30, 0x28, 0x62,
  0xcb, 0x72, 0xaa, 0x72, 0xcb, 0x7a, 0xeb, 0x7a, 0xcb, 0x72, 0xcb, 0x72, 0xcb, 0x72, 0xcb, 0x72, 0xeb, 0x7a, 0xcb, 0x72, 0xab, 0x72, 0xcb, 0x72, 0xcb, 0x72, 0xeb, 0x7a, 0xeb, 0x7a, 0xcb, 0x7a,
  0xcb, 0x7a, 0xcb, 0x7a, 0xcb, 0x7a, 0xcb, 0x7a, 0xcb, 0x7a, 0xcb, 0x72, 0xcb, 0x72, 0xeb, 0x72, 0xcb, 0x72, 0xcb, 0x72, 0xcb, 0x72, 0xeb, 0x7a, 0xeb, 0x7a, 0xeb, 0x7a, 0xec, 0x7a, 0x0c, 0x7b,
  0x0c, 0x7b, 0xeb, 0x7a, 0xcb, 0x72, 0xcb, 0x7a, 0xeb, 0x7a, 0xcb, 0x72, 0xcb, 0x72, 0xcb, 0x72, 0xaa, 0x72, 0xcb, 0x72, 0xeb, 0x7a, 0xeb, 0x7a, 0xeb, 0x7a, 0xeb, 0x72, 0xcb, 0x72, 0x8a, 0x6a,
  0x69, 0x6a, 0x69, 0x6a, 0x28, 0x62, 0xe7, 0x59, 0xe8, 0x59, 0xe8, 0x59, 0xe8, 0x59, 0xe7, 0x59, 0xe7, 0x59, 0xe8, 0x59, 0xe8, 0x59, 0x08, 0x5a, 0xe8, 0x59, 0xe7, 0x59, 0xc7, 0x51, 0xa6, 0x51,
  0xc7, 0x51, 0xc7, 0x51, 0xa6, 0x51, 0x86, 0x49, 0x86, 0x49, 0x86, 0x49, 0x86, 0x49, 0x86, 0x49, 0x65, 0x49, 0x86, 0x51, 0xc7, 0x51, 0x08, 0x5a, 0x69, 0x62, 0xcb, 0x72, 0xcb, 0x72, 0xeb, 0x72,
  0xeb, 0x7a, 0x86, 0x51, 0x00, 0x28, 0x41, 0x30, 0x06, 0x21, 0x64, 0x08, 0x64, 0x08, 0x64, 0x08, 0x64, 0x08, 0x64, 0x08, 0x64, 0x08, 0x64, 0x08, 0x64, 0x08, 0x64, 0x08, 0x64, 0x08, 0x64, 0x08,
  0x64, 0x08, 0x64, 0x08, 0x64, 0x08, 0x64, 0x08, 0x64, 0x08, 0x64, 0x08, 0x64, 0x08, 0x64, 0x08, 0x64, 0x08, 0x64, 0x08, 0x64, 0x08, 0x64, 0x08, 0x64, 0x08, 0x64, 0x08, 0x64, 0x08, 0x64, 0x08,
  0xa4, 0x10, 0x64, 0x08, 0x64, 0x08, 0x64, 0x08, 0x64, 0x08, 0x64, 0x08, 0x64, 0x08, 0x64, 0x08, 0x64, 0x08, 0x64, 0x08, 0x64, 0x08, 0x64, 0x08, 0x64, 0x08, 0x64, 0x08, 0x64, 0x08, 0x64, 0x08,
  0x64, 0x08, 0x64, 0x08, 0x64, 0x08, 0x64, 0x08, 0x64, 0x08, 0x64, 0x08, 0x64, 0x08, 0x64, 0x08, 0x64, 0x08, 0x64, 0x08, 0x64, 0x08, 0x64, 0x08, 0x64, 0x08, 0x64, 0x08, 0x64, 0x08, 0x64, 0x08,
  0xa4, 0x10, 0x64, 0x08, 0x64, 0x08, 0x64, 0x08, 0x64, 0x08, 0x64, 0x08, 0x64, 0x08, 0x64, 0x08, 0x64, 0x08, 0x64, 0x08, 0x64, 0x08, 0x64, 0x08, 0x64, 0x08, 0x64, 0x08, 0x64, 0x08, 0x64, 0x08,
  0x64, 0x08, 0x64, 0x08, 0x64, 0x08, 0x64, 0x08, 0x64, 0x08, 0x64, 0x08, 0x64, 0x08, 0x64, 0x08, 0x64, 0x08, 0x64, 0x08, 0x64, 0x08, 0x64, 0x08, 0x64, 0x08, 0x64, 0x08, 0x64, 0x08, 0x64, 0x08,
  0xa4, 0x10, 0x64, 0x08, 0x64, 0x08, 0x64, 0x08, 0x64, 0x08, 0x64, 0x08, 0x64, 0x08, 0x64, 0x08, 0x64, 0x08, 0x64, 0x08, 0x64, 0x08, 0x64, 0x08, 0x64, 0x08, 0x64, 0x08, 0x64, 0x08, 0x64, 0x08,
  0x64, 0x08, 0x64, 0x08, 0x64, 0x08, 0x64, 0x08, 0x64, 0x08, 0x64, 0x08, 0x64, 0x08, 0x64, 0x08, 0x64, 0x08, 0x64, 0x08, 0x64, 0x08, 0x64, 0x08, 0x64, 0x08, 0x64, 0x08, 0x64, 0x08, 0x64, 0x08,
  0xa4, 0x10, 0x64, 0x08, 0x64, 0x08, 0x64, 0x08, 0x64, 0x08, 0x64, 0x08, 0x64, 0x08, 0x64, 0x08, 0x64, 0x08, 0x64, 0x08, 0x64, 0x08, 0x64, 0x08, 0x64, 0x08, 0x64, 0x08, 0x64, 0x08, 0x64, 0x08,
  0x64, 0x08, 0x64, 0x08, 0x64, 0x08, 0x47, 0x19, 0x64, 0x08, 0x64, 0x08, 0x64, 0x08, 0x64, 0x08, 0x64, 0x08, 0x64, 0x08, 0x64, 0x08, 0x64, 0x08, 0x64, 0x08, 0x64, 0x08, 0x64, 0x08, 0x64, 0x08,
  0xa4, 0x10, 0x64, 0x08, 0x64, 0x08, 0x64, 0x08, 0x64, 0x08, 0x64, 0x08, 0x64, 0x08, 0x64, 0x08, 0x64, 0x08, 0x64, 0x08, 0x64, 0x08, 0x64, 0x08, 0x64, 0x08, 0x64, 0x08, 0x64, 0x08, 0x64, 0x08,
  0x64, 0x08, 0x64, 0x08, 0x64, 0x08, 0x27, 0x19, 0x64, 0x08, 0x64, 0x08, 0x64, 0x08, 0x27, 0x19, 0x64, 0x08, 0x64, 0x08, 0x64, 0x08, 0x64, 0x08, 0x64, 0x08, 0x64, 0x08, 0x64, 0x08, 0x64, 0x08,
  0xa4, 0x10, 0x64, 0x08, 0x64, 0x08, 0x64, 0x08, 0x64, 0x08, 0x64, 0x08, 0x64, 0x08, 0x64, 0x08, 0x64, 0x08, 0x64, 0x08, 0x64, 0x08, 0x64, 0x08, 0x64, 0x08, 0x64, 0x08, 0x64, 0x08, 0x64, 0x08,
  0x64, 0x08, 0x64, 0x08, 0x64, 0x08, 0x64, 0x08, 0x64, 0x08, 0x64, 0x08, 0x64, 0x08, 0x64, 0x08, 0x64, 0x08, 0x64, 0x08, 0x64, 0x08, 0x64, 0x08, 0x64, 0x08, 0x64, 0x08, 0x64, 0x08, 0x64, 0x08,
  0xa4, 0x10, 0x64, 0x08, 0x64, 0x08, 0x64, 0x08, 0x64, 0x08, 0x06, 0x19, 0x06, 0x19, 0x06, 0x19, 0x64, 0x08, 0x27, 0x19, 0x63, 0x08, 0x64, 0x08, 0x42, 0x18, 0x00, 0x28, 0x49, 0x6a, 0x9a, 0xd6,
  0x39, 0xc6, 0x18, 0xc6, 0x18, 0xc6, 0xf7, 0xbd, 0xd7, 0xbd, 0xf7, 0xbd, 0xf8, 0xc5, 0x18, 0xc6, 0x18, 0xc6, 0x18, 0xc6, 0x18, 0xc6, 0x39, 0xc6, 0x39, 0xc6, 0x39, 0xce, 0x59, 0xce, 0x59, 0xce,
  0x59, 0xce, 0x79, 0xd6, 0x9a, 0xd6, 0x9a, 0xd6, 0x9a, 0xd6, 0xbb, 0xde, 0xdb, 0xde, 0xdb, 0xde, 0xdb, 0xde, 0xba, 0xde, 0x9a, 0xd6, 0x9a, 0xd6, 0xba, 0xd6, 0xdb, 0xde, 0xdb, 0xde, 0xdb, 0xde,
  0x9a, 0xd6, 0x7a, 0xd6, 0x79, 0xce, 0x59, 0xce, 0x59, 0xce, 0x39, 0xce, 0x38, 0xce, 0x38, 0xce, 0x39, 0xce, 0x38, 0xce, 0x18, 0xc6, 0xf7, 0xc5, 0xd7, 0xbd, 0xd7, 0xbd, 0xd7, 0xbd, 0x96, 0xbd,
  0x76, 0xb5, 0x76, 0xb5, 0x55, 0xad, 0x35, 0xad, 0x55, 0xad, 0x55, 0xad, 0x35, 0xad, 0x34, 0xa5, 0xf4, 0xa4, 0x93, 0x9c, 0x72, 0x94, 0x31, 0x8c, 0xf0, 0x8b, 0xcf, 0x83, 0xaf, 0x7b, 0x6e, 0x73,
  0x4e, 0x73, 0x4d, 0x73, 0x2d, 0x6b, 0x2d, 0x6b, 0x0c, 0x6b, 0xec, 0x62, 0xec, 0x62, 0xcc, 0x62, 0xab, 0x5a, 0xab, 0x62, 0xec, 0x62, 0x0d, 0x6b, 0x4d, 0x73, 0x6e, 0x73, 0xae, 0x7b, 0xf0, 0x83,
  0x92, 0x9c, 0x38, 0xce, 0xa3, 0x38, 0x00, 0x30, 0x67, 0x39, 0x64, 0x08, 0x64, 0x08, 0x64, 0x08, 0x48, 0x19, 0x48, 0x19, 0x48, 0x19, 0x64, 0x08, 0x64, 0x08, 0x64, 0x08, 0x64, 0x08, 0x64, 0x08,
  0x64, 0x08, 0x64, 0x08, 0x64, 0x08, 0x64, 0x08, 0x64, 0x08, 0x64, 0x08, 0x64, 0x08, 0x64, 0x08, 0x64, 0x08, 0x64, 0x08, 0x64, 0x08, 0x64, 0x08, 0x64, 0x08, 0x64, 0x08, 0x64, 0x08, 0x64, 0x08,
  0xa4, 0x10, 0x64, 0x08, 0x64, 0x08, 0x64, 0x08, 0x64, 0x08, 0x64, 0x08, 0x64, 0x08, 0x64, 0x08, 0x64, 0x08, 0x64, 0x08, 0x64, 0x08, 0x64, 0x08, 0x64, 0x08, 0x64, 0x08, 0x64, 0x08, 0x64, 0x08,
  0x64, 0x08, 0x64, 0x08, 0x64, 0x08, 0x64, 0x08, 0x64, 0x08, 0x64, 0x08, 0x64, 0x08, 0x64, 0x08, 0x64, 0x08, 0x64, 0x08, 0x64, 0x08, 0x64, 0x08, 0x64, 0x08, 0x64, 0x08, 0x64, 0x08, 0x64, 0x08,
  0xa4, 0x10, 0x64, 0x08, 0x64, 0x08, 0x64, 0x08, 0x64, 0x08, 0x64, 0x08, 0x64, 0x08, 0x64, 0x08, 0x64, 0x08, 0x64, 0x08, 0x64, 0x08, 0x64, 0x08, 0x64, 0x08, 0x64, 0x08, 0x64, 0x08, 0x64, 0x08,
  0x64, 0x08, 0x64, 0x08, 0x64, 0x08, 0x64, 0x08, 0x64, 0x08, 0x64, 0x08, 0x64, 0x08, 0x64, 0x08, 0x64, 0x08, 0x64, 0x08, 0x64, 0x08, 0x64, 0x08, 0x64, 0x08, 0x64, 0x08, 0x64, 0x08, 0x64, 0x08,
  0xa4, 0x10, 0x64, 0x08, 0x64, 0x08, 0x64, 0x08, 0x64, 0x08, 0x64, 0x08, 0x64, 0x08, 0x64, 0x08, 0x64, 0x08, 0x64, 0x08, 0x64, 0x08, 0x64, 0x08, 0x64, 0x08, 0x64, 0x08, 0x64, 0x08, 0x64, 0x08,
  0x64, 0x08, 0x64, 0x08, 0x64, 0x08, 0x64, 0x08, 0x64, 0x08, 0x64, 0x08, 0x64, 0x08, 0x64, 0x08, 0x64, 0x08, 0x64, 0x08, 0x64, 0x08, 0x64, 0x08, 0x64, 0x08, 0x64, 0x08, 0x64, 0x08, 0x64, 0x08,
  0xa4, 0x10, 0x64, 0x08, 0x64, 0x08, 0x64, 0x08, 0x64, 0x08, 0x64, 0x08, 0x64, 0x08, 0x64, 0x08, 0x64, 0x08, 0x64, 0x08, 0x64, 0x08, 0x64, 0x08, 0x64, 0x08, 0x64, 0x08, 0x64, 0x08, 0x64, 0x08,
  0x64, 0x08, 0x64, 0x08, 0x64, 0x08, 0x47, 0x19, 0x64, 0x08, 0x64, 0x08, 0x64, 0x08, 0x64, 0x08, 0x64, 0x08, 0x64, 0x08, 0x64, 0x08, 0x64, 0x08, 0x64, 0x08, 0x64, 0x08, 0x64, 0x08, 0x64, 0x08,
  0xa4, 0x10, 0x64, 0x08, 0x64, 0x08, 0x64, 0x08, 0x64, 0x08, 0x64, 0x08, 0x64, 0x08, 0x64, 0x08, 0x64, 0x08, 0x64, 0x08, 0x64, 0x08, 0x64, 0x08, 0x64, 0x08, 0x64, 0x08, 0x64, 0x08, 0x64, 0x08,
  0x64, 0x08, 0x64, 0x08, 0x64, 0x08, 0x27, 0x19, 0x64, 0x08, 0x64, 0x08, 0x64, 0x08, 0x27, 0x19, 0x64, 0x08, 0x64, 0x08, 0x64, 0x08, 0x64, 0x08, 0x64, 0x08, 0x64, 0x08, 0x64, 0x08, 0x64, 0x08,
  0xa4, 0x10, 0x64, 0x08, 0x64, 0x08, 0x64, 0x08, 0x64, 0x08, 0x64, 0x08, 0x64, 0x08, 0x64, 0x08, 0x64, 0x08, 0x64, 0x08, 0x64, 0x08, 0x64, 0x08, 0x64, 0x08, 0x64, 0x08, 0x64, 0x08, 0x64, 0x08,
  0x64, 0x08, 0x64, 0x08, 0x64, 0x08, 0x64, 0x08, 0x64, 0x08, 0x64, 0x08, 0x64, 0x08, 0x64, 0x08, 0x64, 0x08, 0x64, 0x08, 0x64, 0x08, 0x64, 0x08, 0x64, 0x08, 0x64, 0x08, 0x64, 0x08, 0x64, 0x08,
  0xa4, 0x10, 0x64, 0x08, 0x64, 0x08, 0x64, 0x08, 0x64, 0x08, 0x64, 0x08, 0x64, 0x08, 0x64, 0x08, 0x64, 0x08, 0x64, 0x08, 0x27, 0x19, 0x64, 0x08, 0x63, 0x18, 0x00, 0x30, 0x00, 0x28, 0x62, 0x30,
  0xa2, 0x38, 0x62, 0x30, 0x00, 0x20, 0x00, 0x28, 0x00, 0x28, 0x00, 0x28, 0x00, 0x28, 0x00, 0x28, 0x00, 0x20, 0x00, 0x20, 0x00, 0x20, 0x00, 0x20, 0x00, 0x18, 0x00, 0x18, 0x00, 0x18, 0x00, 0x18,
  0x00, 0x18, 0x00, 0x18, 0x00, 0x18, 0x00, 0x18, 0x00, 0x10, 0x00, 0x10, 0x00, 0x10, 0x00, 0x10, 0x00, 0x10, 0x00, 0x10, 0x00, 0x10, 0x00, 0x10, 0x00, 0x18, 0x00, 0x18, 0x00, 0x18, 0x00, 0x18,
  0x00, 0x18, 0x00, 0x18, 0x00, 0x18, 0x00, 0x18, 0x00, 0x18, 0x00, 0x18, 0x00, 0x18, 0x00, 0x18, 0x00, 0x18, 0x00, 0x18, 0x00, 0x20, 0x00, 0x18, 0x00, 0x18, 0x00, 0x18, 0x00, 0x20, 0x00, 0x20,
  0x00, 0x20, 0x00, 0x20, 0x00, 0x20, 0x00, 0x20, 0x00, 0x28, 0x00, 0x28, 0x00, 0x28, 0x00, 0x28, 0x00, 0x20, 0x00, 0x20, 0x00, 0x20, 0x00, 0x20, 0x00, 0x20, 0x00, 0x28, 0x00, 0x28, 0x00, 0x28,
  0x00, 0x28, 0x00, 0x28, 0x20, 0x28, 0x21, 0x28, 0x41, 0x28, 0x41, 0x28, 0x41, 0x28, 0x41, 0x30, 0x41, 0x30, 0x41, 0x30, 0x41, 0x30, 0x00, 0x28, 0x00, 0x28, 0x00, 0x20, 0x00, 0x20, 0x41, 0x30,
  0x61, 0x30, 0x82, 0x38, 0x00, 0x28, 0x82, 0x40, 0x87, 0x31, 0x64, 0x08, 0x64, 0x08, 0x48, 0x19, 0x48, 0x19, 0x48, 0x19, 0x48, 0x19, 0x48, 0x19, 0x64, 0x08, 0x64, 0x08, 0x64, 0x08, 0x64, 0x08,
  0x64, 0x08, 0x64, 0x08, 0x64, 0x08, 0x64, 0x08, 0x64, 0x08, 0x64, 0x08, 0x64, 0x08, 0x64, 0x08, 0x64, 0x08, 0x64, 0x08, 0x64, 0x08, 0x64, 0x08, 0x64, 0x08, 0x64, 0x08, 0x64, 0x08, 0x64, 0x08,
  0xa4, 0x10, 0x64, 0x08, 0x64, 0x08, 0x64, 0x08, 0x64, 0x08, 0x64, 0x08, 0x64, 0x08, 0x64, 0x08, 0x64, 0x08, 0x64, 0x08, 0x64, 0x08, 0x64, 0x08, 0x64, 0x08, 0x64, 0x08, 0x64, 0x08, 0x64, 0x08,
  0x64, 0x08, 0x64, 0x08, 0x64, 0x08, 0x64, 0x08, 0x64, 0x08, 0x64, 0x08, 0x64, 0x08, 0x64, 0x08, 0x64, 0x08, 0x64, 0x08, 0x64, 0x08, 0x64, 0x08, 0x64, 0x08, 0x64, 0x08, 0x64, 0x08, 0x64, 0x08,
  0xa4, 0x10, 0x64, 0x08, 0x64, 0x08, 0x64, 0x08, 0x64, 0x08, 0x64, 0x08, 0x64, 0x08, 0x64, 0x08, 0x64, 0x08, 0x64, 0x08, 0x64, 0x08, 0x64, 0x08, 0x64, 0x08, 0x64, 0x08, 0x64, 0x08, 0x64, 0x08,
  0x64, 0x08, 0x64, 0x08, 0x64, 0x08, 0x64, 0x08, 0x64, 0x08, 0x64, 0x08, 0x64, 0x08, 0x64, 0x08, 0x64, 0x08, 0x64, 0x08, 0x64, 0x08, 0x64, 0x08, 0x64, 0x08, 0x64, 0x08, 0x64, 0x08, 0x64, 0x08,
  0xa4, 0x10, 0x64, 0x08, 0x64, 0x08, 0x64, 0x08, 0x64, 0x08, 0x64, 0x08, 0x64, 0x08, 0x64, 0x08, 0x64, 0x08, 0x64, 0x08, 0x64, 0x08, 0x64, 0x08, 0x64, 0x08, 0x64, 0x08, 0x64, 0x08, 0x64, 0x08,
  0x64, 0x08, 0x64, 0x08, 0x64, 0x08, 0x64, 0x08, 0x64, 0x08, 0x64, 0x08, 0x64, 0x08, 0x64, 0x08, 0x64, 0x08, 0x64, 0x08, 0x64, 0x08, 0x64, 0x08, 0x64, 0x08, 0x64, 0x08, 0x64, 0x08, 0x64, 0x08,
  0xa4, 0x10, 0x64, 0x08, 0x64, 0x08, 0x64, 0x08, 0x64, 0x08, 0x64, 0x08, 0x64, 0x08, 0x64, 0x08, 0x64, 0x08, 0x64, 0x08, 0x64, 0x08, 0x64, 0x08, 0x64, 0x08, 0x64, 0x08, 0x64, 0x08, 0x64, 0x08,
  0x64, 0x08, 0x64, 0x08, 0x64, 0x08, 0x47, 0x19, 0x64, 0x08, 0x64, 0x08, 0x64, 0x08, 0x64, 0x08, 0x64, 0x08, 0x64, 0x08, 0x64, 0x08, 0x64, 0x08, 0x64, 0x08, 0x64, 0x08, 0x64, 0x08, 0x64, 0x08,
  0xa4, 0x10, 0x64, 0x08, 0x64, 0x08, 0x64, 0x08, 0x64, 0x08, 0x64, 0x08, 0x64, 0x08, 0x64, 0x08, 0x64, 0x08, 0x64, 0x08, 0x64, 0x08, 0x64, 0x08, 0x64, 0x08, 0x64, 0x08, 0x64, 0x08, 0x64, 0x08,
  0x64, 0x08, 0x64, 0x08, 0x64, 0x08, 0x27, 0x19, 0x64, 0x08, 0x64, 0x08, 0x64, 0x08, 0x27, 0x19, 0x64, 0x08, 0x64, 0x08, 0x64, 0x08, 0x64, 0x08, 0x64, 0x08, 0x64, 0x08, 0x64, 0x08, 0x64, 0x08,
  0xa4, 0x10, 0x64, 0x08, 0x64, 0x08, 0x64, 0x08, 0x64, 0x08, 0x64, 0x08, 0x64, 0x08, 0x64, 0x08, 0x64, 0x08, 0x64, 0x08, 0x64, 0x08, 0x64, 0x08, 0x64, 0x08, 0x64, 0x08, 0x64, 0x08, 0x64, 0x08,
  0x64, 0x08, 0x64, 0x08, 0x64, 0x08, 0x64, 0x08, 0x64, 0x08, 0x64, 0x08, 0x64, 0x08, 0x64, 0x08, 0x64, 0x08, 0x64, 0x08, 0x64, 0x08, 0x64, 0x08, 0x64, 0x08, 0x64, 0x08, 0x64, 0x08, 0x64, 0x08,
  0xa4, 0x10, 0x64, 0x08, 0x64, 0x08, 0x64, 0x08, 0x64, 0x08, 0x64, 0x08, 0x64, 0x08, 0x64, 0x08, 0x64, 0x08, 0x64, 0x08, 0x64, 0x08, 0x27, 0x19, 0x84, 0x08, 0xa3, 0x28, 0x61, 0x38, 0x00, 0x28,
  0x00, 0x28, 0x00, 0x28, 0x6d, 0x83, 0x61, 0x38, 0x00, 0x28, 0x00, 0x30, 0x00, 0x30, 0x41, 0x30, 0x45, 0x41, 0x87, 0x41, 0xc8, 0x49, 0x09, 0x52, 0x4a, 0x52, 0x6a, 0x5a, 0x8b, 0x5a, 0xec, 0x62,
  0x0d, 0x63, 0xed, 0x62, 0x6e, 0x73, 0x71, 0x9c, 0x92, 0xa4, 0x92, 0x9c, 0x92, 0x9c, 0x92, 0xa4, 0xb2, 0xa4, 0xd3, 0xa4, 0xf3, 0xac, 0xb3, 0x9c, 0x11, 0x84, 0x31, 0x84, 0x31, 0x84, 0x31, 0x84,
  0x31, 0x84, 0x11, 0x84, 0xf0, 0x7b, 0xf0, 0x7b, 0x11, 0x7c, 0x51, 0x84, 0x51, 0x84, 0x31, 0x84, 0xf0, 0x7b, 0xf0, 0x7b, 0xf0, 0x7b, 0xf0, 0x7b, 0xf0, 0x7b, 0x10, 0x7c, 0x10, 0x7c, 0xf0, 0x7b,
  0xd0, 0x73, 0xaf, 0x73, 0x8e, 0x73, 0x6e, 0x73, 0x4d, 0x6b, 0xec, 0x62, 0xab, 0x62, 0xab, 0x5a, 0x8a, 0x5a, 0x49, 0x52, 0x09, 0x52, 0xc8, 0x49, 0x87, 0x49, 0x46, 0x41, 0x45, 0x41, 0x25, 0x41,
  0x04, 0x39, 0xc3, 0x38, 0x82, 0x30, 0x41, 0x30, 0x20, 0x28, 0x00, 0x28, 0x00, 0x28, 0x00, 0x28, 0x00, 0x28, 0x00, 0x28, 0x00, 0x28, 0xc3, 0x38, 0xe3, 0x38, 0x8a, 0x6a, 0x49, 0x6a, 0x00, 0x20,
  0x00, 0x28, 0x00, 0x28, 0xe3, 0x40, 0xc8, 0x41, 0x64, 0x08, 0x64, 0x08, 0x48, 0x19, 0x48, 0x19, 0x48, 0x19, 0x48, 0x19, 0x48, 0x19, 0x48, 0x19, 0x48, 0x19, 0x64, 0x08, 0x64, 0x08, 0x64, 0x08,
  0x64, 0x08, 0x64, 0x08, 0x64, 0x08, 0x64, 0x08, 0x64, 0x08, 0x64, 0x08, 0x64, 0x08, 0x64, 0x08, 0x64, 0x08, 0x64, 0x08, 0x64, 0x08, 0x64, 0x08, 0x64, 0x08, 0x64, 0x08, 0x64, 0x08, 0x64, 0x08,
  0xa4, 0x10, 0x64, 0x08, 0x64, 0x08, 0x64, 0x08, 0x64, 0x08, 0x64, 0x08, 0x64, 0x08, 0x64, 0x08, 0x64, 0x08, 0x64, 0x08, 0x64, 0x08, 0x64, 0x08, 0x64, 0x08, 0x64, 0x08, 0x64, 0x08, 0x64, 0x08,
  0x64, 0x08, 0x64, 0x08, 0x64, 0x08, 0x64, 0x08, 0x64, 0x08, 0x64, 0x08, 0x64, 0x08, 0x64, 0x08, 0x64, 0x08, 0x64, 0x08, 0x64, 0x08, 0x64, 0x08, 0x64, 0x08, 0x64, 0x08, 0x64, 0x08, 0x64, 0x08,
  0xa4, 0x10, 0x64, 0x08, 0x64, 0x08, 0x64, 0x08, 0x64, 0x08, 0x64, 0x08, 0x64, 0x08, 0x64, 0x08, 0x64, 0x08, 0x64, 0x08, 0x64, 0x08, 0x64, 0x08, 0x64, 0x08, 0x64, 0x08, 0x64, 0x08, 0x64, 0x08,
  0x64, 0x08, 0x64, 0x08, 0x64, 0x08, 0x64, 0x08, 0x64, 0x08, 0x64, 0x08, 0x64, 0x08, 0x64, 0x08, 0x64, 0x08, 0x64, 0x08, 0x64, 0x08, 0x64, 0x08, 0x64, 0x08, 0x64, 0x08, 0x64, 0x08, 0x64, 0x08,
  0xa4, 0x10, 0x64, 0x08, 0x64, 0x08, 0x64, 0x08, 0x64, 0x08, 0x64, 0x08, 0x64, 0x08, 0x64, 0x08, 0x64, 0x08, 0x64, 0x08, 0x64, 0x08, 0x64, 0x08, 0x64, 0x08, 0x64, 0x08, 0x64, 0x08, 0x64, 0x08,
  0x64, 0x08, 0x64, 0x08, 0x64, 0x08, 0x64, 0x08, 0x64, 0x08, 0x64, 0x08, 0x64, 0x08, 0x64, 0x08, 0x64, 0x08, 0x64, 0x08, 0x64, 0x08, 0x64, 0x08, 0x64, 0x08, 0x64, 0x08, 0x64, 0x08, 0x64, 0x08,
  0xa4, 0x10, 0x64, 0x08, 0x64, 0x08, 0x64, 0x08, 0x64, 0x08, 0x64, 0x08, 0x64, 0x08, 0x64, 0x08, 0x64, 0x08, 0x64, 0x08, 0x64, 0x08, 0x64, 0x08, 0x64, 0x08, 0x64, 0x08, 0x64, 0x08, 0x64, 0x08,
  0x64, 0x08, 0x64, 0x08, 0x64, 0x08, 0x47, 0x19, 0x64, 0x08, 0x64, 0x08, 0x64, 0x08, 0x64, 0x08, 0x64, 0x08, 0x64, 0x08, 0x64, 0x08, 0x64, 0x08, 0x64, 0x08, 0x64, 0x08, 0x64, 0x08, 0x64, 0x08,
  0xa4, 0x10, 0x64, 0x08, 0x64, 0x08, 0x64, 0x08, 0x64, 0x08, 0x64, 0x08, 0x64, 0x08, 0x64, 0x08, 0x64, 0x08, 0x64, 0x08, 0x64, 0x08, 0x64, 0x08, 0x64, 0x08, 0x64, 0x08, 0x64, 0x08, 0x64, 0x08,
  0x64, 0x08, 0x64, 0x08, 0x64, 0x08, 0x27, 0x19, 0x64, 0x08, 0x64, 0x08, 0x64, 0x08, 0x27, 0x19, 0x64, 0x08, 0x64, 0x08, 0x64, 0x08, 0x64, 0x08, 0x64, 0x08, 0x64, 0x08, 0x64, 0x08, 0x64, 0x08,
  0xa4, 0x10, 0x64, 0x08, 0x64, 0x08, 0x64, 0x08, 0x64, 0x08, 0x64, 0x08, 0x64, 0x08, 0x64, 0x08, 0x64, 0x08, 0x64, 0x08, 0x64, 0x08, 0x64, 0x08, 0x64, 0x08, 0x64, 0x08, 0x64, 0x08, 0x64, 0x08,
  0x64, 0x08, 0x64, 0x08, 0x64, 0x08, 0x64, 0x08, 0x64, 0x08, 0x64, 0x08, 0x64, 0x08, 0x64, 0x08, 0x64, 0x08, 0x64, 0x08, 0x64, 0x08, 0x64, 0x08, 0x64, 0x08, 0x64, 0x08, 0x64, 0x08, 0x64, 0x08,
  0xc5, 0x18, 0xa4, 0x10, 0xa4, 0x10, 0xa4, 0x10, 0xa4, 0x10, 0xa4, 0x10, 0xa4, 0x10, 0xa4, 0x10, 0xa4, 0x10, 0xa4, 0x10, 0xa4, 0x10, 0xa4, 0x10, 0x47, 0x21, 0xa4, 0x10, 0x08, 0x42, 0xc3, 0x38,
  0x00, 0x28, 0x00, 0x20, 0x76, 0xb5, 0x31, 0x94, 0x04, 0x41, 0x00, 0x28, 0x00, 0x28, 0x82, 0x30, 0x2e, 0x63, 0x12, 0x7c, 0x94, 0x84, 0xf5, 0x8c, 0x15, 0x8d, 0x36, 0x95, 0x97, 0x9d, 0xb8, 0xa5,
  0xf9, 0xad, 0xfc, 0xde, 0xbf, 0xf7, 0xff, 0xff, 0xff, 0xff, 0xff, 0xff, 0xff, 0xff, 0xff, 0xff, 0xff, 0xff, 0xff, 0xff, 0xff, 0xff, 0xdf, 0xf7, 0xbb, 0xb6, 0xbb, 0xbe, 0xbb, 0xbe, 0x9a, 0xb6,
  0x5a, 0xb6, 0x39, 0xae, 0x39, 0xae, 0x39, 0xae, 0x39, 0xae, 0x19, 0xae, 0x18, 0xae, 0x18, 0xa6, 0xf8, 0xa5, 0xf8, 0xa5, 0xf8, 0xa5, 0xf8, 0xa5, 0xd8, 0xa5, 0xd8, 0xa5, 0xd8, 0xa5, 0xd7, 0xa5,
  0xb7, 0x9d, 0x97, 0x9d, 0x96, 0x9d, 0x76, 0x9d, 0x76, 0x95, 0x76, 0x95, 0x56, 0x95, 0x56, 0x95, 0x15, 0x8d, 0xd4, 0x8c, 0x93, 0x84, 0x73, 0x7c, 0x31, 0x7c, 0xd0, 0x6b, 0x8f, 0x6b, 0x4e, 0x63,
  0xed, 0x5a, 0x6b, 0x52, 0x49, 0x52, 0xe8, 0x49, 0x45, 0x39, 0xc3, 0x38, 0x21, 0x30, 0x00, 0x20, 0x00, 0x28, 0x00, 0x20, 0x00, 0x20, 0x8b, 0x52, 0xb0, 0x6b, 0x7a, 0xc6, 0x2c, 0x83, 0x00, 0x18,
  0x20, 0x30, 0xa7, 0x51, 0xec, 0x5a, 0xa4, 0x10, 0xa4, 0x10, 0xa4, 0x10, 0x68, 0x21, 0x68, 0x21, 0x68, 0x21, 0x68, 0x21, 0x68, 0x21, 0x68, 0x21, 0x68, 0x21, 0xa4, 0x10, 0xa4, 0x10, 0xa4, 0x10,
  0xa4, 0x10, 0xa4, 0x10, 0xa4, 0x10, 0xa4, 0x10, 0xa4, 0x10, 0xa4, 0x10, 0xa4, 0x10, 0xa4, 0x10, 0xa4, 0x10, 0xa4, 0x10, 0xa4, 0x10, 0xa4, 0x10, 0xa4, 0x10, 0xa4, 0x10, 0xa4, 0x10, 0xa4, 0x10,
  0xc5, 0x18, 0xa4, 0x10, 0xa4, 0x10, 0xa4, 0x10, 0xa4, 0x10, 0xa4, 0x10, 0xa4, 0x10, 0xa4, 0x10, 0xa4, 0x10, 0xa4, 0x10, 0xa4, 0x10, 0xa4, 0x10, 0xa4, 0x10, 0xa4, 0x10, 0xa4, 0x10, 0xa4, 0x10,
  0xa4, 0x10, 0xa4, 0x10, 0xa4, 0x10, 0xa4, 0x10, 0xa4, 0x10, 0xa4, 0x10, 0xa4, 0x10, 0xa4, 0x10, 0xa4, 0x10, 0xa4, 0x10, 0xa4, 0x10, 0xa4, 0x10, 0xa4, 0x10, 0xa4, 0x10, 0xa4, 0x10, 0xa4, 0x10,
  0xc5, 0x18, 0xa4, 0x10, 0xa4, 0x10, 0xa4, 0x10, 0xa4, 0x10, 0xa4, 0x10, 0xa4, 0x10, 0xa4, 0x10, 0xa4, 0x10, 0xa4, 0x10, 0xa4, 0x10, 0xa4, 0x10, 0xa4, 0x10, 0xa4, 0x10, 0xa4, 0x10, 0xa4, 0x10,
  0xa4, 0x10, 0xa4, 0x10, 0xa4, 0x10, 0xa4, 0x10, 0xa4, 0x10, 0xa4, 0x10, 0xa4, 0x10, 0xa4, 0x10, 0xa4, 0x10, 0xa4, 0x10, 0xa4, 0x10, 0xa4, 0x10, 0xa4, 0x10, 0xa4, 0x10, 0xa4, 0x10, 0xa4, 0x10,
  0xc5, 0x18, 0xa4, 0x10, 0xa4, 0x10, 0xa4, 0x10, 0xa4, 0x10, 0xa4, 0x10, 0xa4, 0x10, 0xa4, 0x10, 0xa4, 0x10, 0xa4, 0x10, 0xa4, 0x10, 0xa4, 0x10, 0xa4, 0x10, 0xa4, 0x10, 0xa4, 0x10, 0xa4, 0x10,
  0xa4, 0x10, 0xa4, 0x10, 0xa4, 0x10, 0xa4, 0x10, 0xa4, 0x10, 0xa4, 0x10, 0xa4, 0x10, 0xa4, 0x10, 0xa4, 0x10, 0xa4, 0x10, 0xa4, 0x10, 0xa4, 0x10, 0xa4, 0x10, 0xa4, 0x10, 0xa4, 0x10, 0xa4, 0x10,
  0xc5, 0x18, 0xa4, 0x10, 0xa4, 0x10, 0xa4, 0x10, 0xa4, 0x10, 0xa4, 0x10, 0xa4, 0x10, 0xa4, 0x10, 0xa4, 0x10, 0xa4, 0x10, 0xa4, 0x10, 0xa4, 0x10, 0xa4, 0x10, 0xa4, 0x10, 0xa4, 0x10, 0xa4, 0x10,
  0xa4, 0x10, 0xa4, 0x10, 0xa4, 0x10, 0x68, 0x21, 0xa4, 0x10, 0xa4, 0x10, 0xa4, 0x10, 0xa4, 0x10, 0xa4, 0x10, 0xa4, 0x10, 0xa4, 0x10, 0xa4, 0x10, 0xa4, 0x10, 0xa4, 0x10, 0xa4, 0x10, 0xa4, 0x10,
  0xc5, 0x18, 0xa4, 0x10, 0xa4, 0x10, 0xa4, 0x10, 0xa4, 0x10, 0xa4, 0x10, 0xa4, 0x10, 0xa4, 0x10, 0xa4, 0x10, 0xa4, 0x10, 0xa4, 0x10, 0xa4, 0x10, 0xa4, 0x10, 0xa4, 0x10, 0xa4, 0x10, 0xa4, 0x10,
  0xa4, 0x10, 0xa4, 0x10, 0xa4, 0x10, 0x67, 0x21, 0xa4, 0x10, 0xa4, 0x10, 0xa4, 0x10, 0x47, 0x21, 0xa4, 0x10, 0xa4, 0x10, 0xa4, 0x10, 0xa4, 0x10, 0xa4, 0x10, 0xa4, 0x10, 0xa4, 0x10, 0xa4, 0x10,
  0xc5, 0x18, 0xa4, 0x10, 0xa4, 0x10, 0xa4, 0x10, 0xa4, 0x10, 0xa4, 0x10, 0xa4, 0x10, 0xa4, 0x10, 0xa4, 0x10, 0xa4, 0x10, 0xa4, 0x10, 0xa4, 0x10, 0xa4, 0x10, 0xa4, 0x10, 0xa4, 0x10, 0xa4, 0x10,
  0xa4, 0x10, 0xa4, 0x10, 0xa4, 0x10, 0xa4, 0x10, 0xa4, 0x10, 0xa4, 0x10, 0xa4, 0x10, 0xa4, 0x10, 0xa4, 0x10, 0xa4, 0x10, 0xa4, 0x10, 0xa4, 0x10, 0xa4, 0x10, 0xa4, 0x10, 0xa4, 0x10, 0xa4, 0x10,
  0xa4, 0x10, 0x64, 0x08, 0x64, 0x08, 0x64, 0x08, 0x64, 0x08, 0x64, 0x08, 0x64, 0x08, 0x64, 0x08, 0x64, 0x08, 0x64, 0x08, 0x64, 0x08, 0x64, 0x08, 0x64, 0x08, 0x05, 0x19, 0x00, 0x20, 0x00, 0x20,
  0x00, 0x28, 0x04, 0x49, 0x08, 0x5a, 0x08, 0x52, 0x45, 0x49, 0x25, 0x41, 0x04, 0x41, 0x04, 0x41, 0x04, 0x41, 0x25, 0x41, 0x45, 0x41, 0x66, 0x41, 0x86, 0x41, 0x86, 0x41, 0xa7, 0x49, 0xa7, 0x49,
  0xa7, 0x49, 0xc7, 0x49, 0xe7, 0x51, 0x08, 0x52, 0x08, 0x52, 0x08, 0x52, 0x28, 0x52, 0x29, 0x5a, 0x49, 0x5a, 0x49, 0x5a, 0x49, 0x5a, 0x29, 0x52, 0x08, 0x4a, 0x08, 0x4a, 0x08, 0x4a, 0x28, 0x52,
  0x29, 0x52, 0x28, 0x52, 0x28, 0x52, 0x28, 0x52, 0x49, 0x5a, 0x49, 0x5a, 0x49, 0x5a, 0x49, 0x5a, 0x49, 0x52, 0x49, 0x52, 0x49, 0x52, 0x49, 0x52, 0x49, 0x52, 0x28, 0x52, 0x28, 0x52, 0x28, 0x52,
  0x28, 0x52, 0x28, 0x5a, 0x08, 0x52, 0x08, 0x52, 0x08, 0x52, 0x08, 0x5a, 0x08, 0x52, 0xe7, 0x51, 0xe7, 0x51, 0xc7, 0x49, 0xc7, 0x49, 0xc7, 0x49, 0xc7, 0x49, 0xa6, 0x49, 0x86, 0x49, 0x86, 0x49,
  0x66, 0x49, 0x45, 0x41, 0x65, 0x41, 0x86, 0x49, 0x86, 0x49, 0x86, 0x49, 0x86, 0x49, 0x86, 0x49, 0x86, 0x49, 0xa6, 0x51, 0xe7, 0x51, 0x29, 0x5a, 0x6a, 0x62, 0xeb, 0x72, 0xc6, 0x51, 0x82, 0x38,
  0x00, 0x20, 0x00, 0x28, 0x41, 0x28, 0xa4, 0x10, 0x64, 0x08, 0x64, 0x08, 0x48, 0x19, 0x48, 0x19, 0x48, 0x19, 0x48, 0x19, 0x48, 0x19, 0x48, 0x19, 0x48, 0x19, 0x47, 0x19, 0x47, 0x19, 0x47, 0x19,
  0x64, 0x08, 0x64, 0x08, 0x64, 0x08, 0x64, 0x08, 0x64, 0x08, 0x64, 0x08, 0x64, 0x08, 0x64, 0x08, 0x64, 0x08, 0x64, 0x08, 0x64, 0x08, 0x64, 0x08, 0x64, 0x08, 0x64, 0x08, 0x64, 0x08, 0x64, 0x08,
  0xa4, 0x10, 0x64, 0x08, 0x64, 0x08, 0x64, 0x08, 0x64, 0x08, 0x64, 0x08, 0x64, 0x08, 0x64, 0x08, 0x64, 0x08, 0x64, 0x08, 0x64, 0x08, 0x64, 0x08, 0x64, 0x08, 0x64, 0x08, 0x64, 0x08, 0x64, 0x08,
  0x64, 0x08, 0x64, 0x08, 0x64, 0x08, 0x64, 0x08, 0x64, 0x08, 0x64, 0x08, 0x64, 0x08, 0x64, 0x08, 0x64, 0x08, 0x64, 0x08, 0x64, 0x08, 0x64, 0x08, 0x64, 0x08, 0x64, 0x08, 0x64, 0x08, 0x64, 0x08,
  0xa4, 0x10, 0x64, 0x08, 0x64, 0x08, 0x64, 0x08, 0x64, 0x08, 0x64, 0x08, 0x64, 0x08, 0x64, 0x08, 0x64, 0x08, 0x64, 0x08, 0x64, 0x08, 0x64, 0x08, 0x64, 0x08, 0x64, 0x08, 0x64, 0x08, 0x64, 0x08,
  0x64, 0x08, 0x64, 0x08, 0x64, 0x08, 0x64, 0x08, 0x64, 0x08, 0x64, 0x08, 0x64, 0x08, 0x64, 0x08, 0x64, 0x08, 0x64, 0x08, 0x64, 0x08, 0x64, 0x08, 0x64, 0x08, 0x64, 0x08, 0x64, 0x08, 0x64, 0x08,
  0xa4, 0x10, 0x64, 0x08, 0x64, 0x08, 0x64, 0x08, 0x64, 0x08, 0x64, 0x08, 0x64, 0x08, 0x64, 0x08, 0x64, 0x08, 0x64, 0x08, 0x64, 0x08, 0x64, 0x08, 0x64, 0x08, 0x64, 0x08, 0x64, 0x08, 0x64, 0x08,
  0x64, 0x08, 0x64, 0x08, 0x64, 0x08, 0x64, 0x08, 0x64, 0x08, 0x64, 0x08, 0x64, 0x08, 0x64, 0x08, 0x64, 0x08, 0x64, 0x08, 0x64, 0x08, 0x64, 0x08, 0x64, 0x08, 0x64, 0x08, 0x64, 0x08, 0x64, 0x08,
  0xa4, 0x10, 0x64, 0x08, 0x64, 0x08, 0x64, 0x08, 0x64, 0x08, 0x64, 0x08, 0x64, 0x08, 0x64, 0x08, 0x64, 0x08, 0x64, 0x08, 0x64, 0x08, 0x64, 0x08, 0x64, 0x08, 0x64, 0x08, 0x64, 0x08, 0x64, 0x08,
  0x64, 0x08, 0x64, 0x08, 0x64, 0x08, 0x47, 0x19, 0x64, 0x08, 0x64, 0x08, 0x64, 0x08, 0x64, 0x08, 0x64, 0x08, 0x64, 0x08, 0x64, 0x08, 0x64, 0x08, 0x64, 0x08, 0x64, 0x08, 0x64, 0x08, 0x64, 0x08,
  0xa4, 0x10, 0x64, 0x08, 0x64, 0x08, 0x64, 0x08, 0x64, 0x08, 0x64, 0x08, 0x64, 0x08, 0x64, 0x08, 0x64, 0x08, 0x64, 0x08, 0x64, 0x08, 0x64, 0x08, 0x64, 0x08, 0x64, 0x08, 0x64, 0x08, 0x64, 0x08,
  0x64, 0x08, 0x64, 0x08, 0x64, 0x08, 0x27, 0x19, 0x64, 0x08, 0x64, 0x08, 0x64, 0x08, 0x27, 0x19, 0x64, 0x08, 0x64, 0x08, 0x64, 0x08, 0x64, 0x08, 0x64, 0x08, 0x64, 0x08, 0x64, 0x08, 0x64, 0x08,
  0xa4, 0x10, 0x64, 0x08, 0x64, 0x08, 0x64, 0x08, 0x64, 0x08, 0x64, 0x08, 0x64, 0x08, 0x64, 0x08, 0x64, 0x08, 0x64, 0x08, 0x64, 0x08, 0x64, 0x08, 0x64, 0x08, 0x64, 0x08, 0x64, 0x08, 0x64, 0x08,
  0x64, 0x08, 0x64, 0x08, 0x64, 0x08, 0x64, 0x08, 0x64, 0x08, 0x64, 0x08, 0x64, 0x08, 0x64, 0x08, 0x64, 0x08, 0x64, 0x08, 0x64, 0x08, 0x64, 0x08, 0x64, 0x08, 0x64, 0x08, 0x64, 0x08, 0x64, 0x08,
  0xa4, 0x10, 0x64, 0x08, 0x64, 0x08, 0x64, 0x08, 0x64, 0x08, 0x64, 0x08, 0x64, 0x08, 0x64, 0x08, 0x64, 0x08, 0x64, 0x08, 0x64, 0x08, 0x63, 0x08, 0x64, 0x08, 0x42, 0x18, 0x00, 0x28, 0x49, 0x62,
  0x75, 0xbd, 0xb2, 0xa4, 0x10, 0x8c, 0xaf, 0x7b, 0x10, 0x7c, 0x32, 0x7c, 0x14, 0x95, 0x76, 0xa5, 0xb7, 0xa5, 0xb7, 0xad, 0xb7, 0xad, 0xb7, 0xa5, 0xb7, 0xa5, 0xb8, 0xad, 0xd8, 0xad, 0xf9, 0xb5,
  0x3a, 0xbe, 0x9b, 0xc6, 0xdb, 0xd6, 0xfc, 0xd6, 0xfc, 0xd6, 0xfc, 0xde, 0xfc, 0xde, 0xfc, 0xde, 0x1c, 0xdf, 0x1c, 0xe7, 0x1c, 0xe7, 0x1c, 0xdf, 0x1c, 0xdf, 0x1c, 0xdf, 0xfc, 0xd6, 0xdc, 0xce,
  0xbc, 0xc6, 0xbc, 0xc6, 0xbb, 0xc6, 0xbb, 0xc6, 0xbb, 0xc6, 0xdc, 0xc6, 0xdb, 0xc6, 0xbb, 0xc6, 0xbb, 0xc6, 0x9b, 0xc6, 0x7a, 0xbe, 0x5a, 0xbe, 0x5a, 0xb6, 0x39, 0xb6, 0x39, 0xb6, 0x19, 0xae,
  0xf8, 0xad, 0xf8, 0xad, 0xd7, 0xa5, 0xb7, 0xa5, 0xb7, 0xa5, 0xb7, 0xa5, 0x96, 0x9d, 0x55, 0x95, 0x35, 0x95, 0x14, 0x95, 0xf4, 0x8c, 0xf4, 0x8c, 0xd4, 0x8c, 0xb3, 0x8c, 0x93, 0x84, 0x93, 0x84,
  0x72, 0x84, 0x52, 0x84, 0x52, 0x7c, 0x11, 0x7c, 0xb0, 0x73, 0xaf, 0x73, 0xaf, 0x6b, 0x8e, 0x6b, 0x6e, 0x73, 0xaf, 0x7b, 0x10, 0x8c, 0xf0, 0x93, 0x8e, 0x8b, 0xcf, 0x8b, 0x9a, 0xce, 0xfb, 0xde,
  0x14, 0xb5, 0xc3, 0x38, 0x00, 0x30, 0x25, 0x31, 0x64, 0x08, 0x64, 0x08, 0x64, 0x08, 0x48, 0x19, 0x48, 0x19, 0x48, 0x19, 0x48, 0x19, 0x48, 0x19, 0x47, 0x19, 0x47, 0x19, 0x47, 0x19, 0x47, 0x19,
  0x47, 0x19, 0x64, 0x08, 0x64, 0x08, 0x64, 0x08, 0x64, 0x08, 0x64, 0x08, 0x64, 0x08, 0x64, 0x08, 0x64, 0x08, 0x64, 0x08, 0x64, 0x08, 0x64, 0x08, 0x64, 0x08, 0x64, 0x08, 0x64, 0x08, 0x64, 0x08,
  0xa4, 0x10, 0x64, 0x08, 0x64, 0x08, 0x64, 0x08, 0x64, 0x08, 0x64, 0x08, 0x64, 0x08, 0x64, 0x08, 0x64, 0x08, 0x64, 0x08, 0x64, 0x08, 0x64, 0x08, 0x64, 0x08, 0x64, 0x08, 0x64, 0x08, 0x64, 0x08,
  0x64, 0x08, 0x64, 0x08, 0x64, 0x08, 0x64, 0x08, 0x64, 0x08, 0x64, 0x08, 0x64, 0x08, 0x64, 0x08, 0x64, 0x08, 0x64, 0x08, 0x64, 0x08, 0x64, 0x08, 0x64, 0x08, 0x64, 0x08, 0x64, 0x08, 0x64, 0x08,
  0xa4, 0x10, 0x64, 0x08, 0x64, 0x08, 0x64, 0x08, 0x64, 0x08, 0x64, 0x08, 0x64, 0x08, 0x64, 0x08, 0x64, 0x08, 0x64, 0x08, 0x64, 0x08, 0x64, 0x08, 0x64, 0x08, 0x64, 0x08, 0x64, 0x08, 0x64, 0x08,
  0x64, 0x08, 0x64, 0x08, 0x64, 0x08, 0x64, 0x08, 0x64, 0x08, 0x64, 0x08, 0x64, 0x08, 0x64, 0x08, 0x64, 0x08, 0x64, 0x08, 0x64, 0x08, 0x64, 0x08, 0x64, 0x08, 0x64, 0x08, 0x64, 0x08, 0x64, 0x08,
  0xa4, 0x10, 0x64, 0x08, 0x64, 0x08, 0x64, 0x08, 0x64, 0x08, 0x64, 0x08, 0x64, 0x08, 0x64, 0x08, 0x64, 0x08, 0x64, 0x08, 0x64, 0x08, 0x64, 0x08, 0x64, 0x08, 0x64, 0x08, 0x64, 0x08, 0x64, 0x08,
  0x64, 0x08, 0x64, 0x08, 0x64, 0x08, 0x64, 0x08, 0x64, 0x08, 0x64, 0x08, 0x64, 0x08, 0x64, 0x08, 0x64, 0x08, 0x64, 0x08, 0x64, 0x08, 0x64, 0x08, 0x64, 0x08, 0x64, 0x08, 0x64, 0x08, 0x64, 0x08,
  0xa4, 0x10, 0x64, 0x08, 0x64, 0x08, 0x64, 0x08, 0x64, 0x08, 0x64, 0x08, 0x64, 0x08, 0x64, 0x08, 0x64, 0x08, 0x64, 0x08, 0x64, 0x08, 0x64, 0x08, 0x64, 0x08, 0x64, 0x08, 0x64, 0x08, 0x64, 0x08,
  0x64, 0x08, 0x64, 0x08, 0x64, 0x08, 0x47, 0x19, 0x64, 0x08, 0x64, 0x08, 0x64, 0x08, 0x64, 0x08, 0x64, 0x08, 0x64, 0x08, 0x64, 0x08, 0x64, 0x08, 0x64, 0x08, 0x64, 0x08, 0x64, 0x08, 0x64, 0x08,
  0xa4, 0x10, 0x64, 0x08, 0x64, 0x08, 0x64, 0x08, 0x64, 0x08, 0x64, 0x08, 0x64, 0x08, 0x64, 0x08, 0x64, 0x08, 0x64, 0x08, 0x64, 0x08, 0x64, 0x08, 0x64, 0x08, 0x64, 0x08, 0x64, 0x08, 0x64, 0x08,
  0x64, 0x08, 0x64, 0x08, 0x64, 0x08, 0x27, 0x19, 0x64, 0x08, 0x64, 0x08, 0x64, 0x08, 0x27, 0x19, 0x64, 0x08, 0x64, 0x08, 0x64, 0x08, 0x64, 0x08, 0x64, 0x08, 0x64, 0x08, 0x64, 0x08, 0x64, 0x08,
  0xa4, 0x10, 0x64, 0x08, 0x64, 0x08, 0x64, 0x08, 0x64, 0x08, 0x64, 0x08, 0x64, 0x08, 0x64, 0x08, 0x64, 0x08, 0x64, 0x08, 0x64, 0x08, 0x64, 0x08, 0x64, 0x08, 0x64, 0x08, 0x64, 0x08, 0x64, 0x08,
  0x64, 0x08, 0x64, 0x08, 0x64, 0x08, 0x64, 0x08, 0x64, 0x08, 0x64, 0x08, 0x64, 0x08, 0x64, 0x08, 0x64, 0x08, 0x64, 0x08, 0x64, 0x08, 0x64, 0x08, 0x64, 0x08, 0x64, 0x08, 0x64, 0x08, 0x64, 0x08,
  0xa4, 0x10, 0x64, 0x08, 0x64, 0x08, 0x64, 0x08, 0x64, 0x08, 0x64, 0x08, 0x64, 0x08, 0x64, 0x08, 0x64, 0x08, 0x64, 0x08, 0x64, 0x08, 0x64, 0x08, 0x64, 0x08, 0x41, 0x28, 0x00, 0x20, 0xf7, 0xc5,
  0x71, 0x9c, 0x41, 0x20, 0x00, 0x20, 0x00, 0x20, 0xc3, 0x30, 0x08, 0x4a, 0xae, 0x73, 0xf3, 0x9c, 0xd7, 0xad, 0x79, 0xc6, 0xfc, 0xd6, 0x5d, 0xdf, 0x7d, 0xe7, 0xbe, 0xef, 0xff, 0xff, 0xff, 0xff,
  0xff, 0xff, 0xff, 0xff, 0xff, 0xff, 0xff, 0xff, 0xff, 0xff, 0xff, 0xff, 0xff, 0xff, 0xff, 0xff, 0xff, 0xff, 0xff, 0xff, 0xff, 0xff, 0xff, 0xff, 0xff, 0xff, 0xff, 0xff, 0xff, 0xff, 0xff, 0xf7,
  0xdf, 0xf7, 0xdf, 0xef, 0xbf, 0xef, 0xbf, 0xef, 0xbf, 0xe7, 0x9e, 0xdf, 0x7e, 0xdf, 0x7e, 0xdf, 0x7e, 0xd7, 0x7e, 0xd7, 0x5e, 0xd7, 0x5e, 0xd7, 0x5d, 0xd7, 0x5d, 0xd7, 0x3d, 0xd7, 0x3c, 0xcf,
  0x1c, 0xcf, 0x1c, 0xcf, 0x1c, 0xcf, 0x1c, 0xcf, 0x1c, 0xcf, 0x1c, 0xcf, 0x1c, 0xcf, 0xfb, 0xce, 0xdb, 0xce, 0xdb, 0xc6, 0xba, 0xc6, 0x7a, 0xbe, 0x59, 0xb6, 0x39, 0xb6, 0xf8, 0xad, 0xb7, 0x9d,
  0x56, 0x95, 0x15, 0x95, 0xb3, 0x84, 0x31, 0x7c, 0x6a, 0x4a, 0xe4, 0x28, 0x21, 0x18, 0x00, 0x18, 0x00, 0x18, 0x00, 0x18, 0x00, 0x18, 0x00, 0x20, 0x61, 0x30, 0x65, 0x41, 0xd3, 0x94, 0x3d, 0xcf,
  0xff, 0xff, 0x29, 0x6a, 0x00, 0x20, 0x86, 0x41, 0x64, 0x08, 0x64, 0x08, 0x64, 0x08, 0x64, 0x08, 0x48, 0x19, 0x48, 0x19, 0x48, 0x19, 0x47, 0x19, 0x48, 0x19, 0x47, 0x19, 0x47, 0x19, 0x47, 0x19,
  0x47, 0x19, 0x47, 0x19, 0x64, 0x08, 0x64, 0x08, 0x64, 0x08, 0x64, 0x08, 0x64, 0x08, 0x64, 0x08, 0x64, 0x08, 0x64, 0x08, 0x64, 0x08, 0x64, 0x08, 0x64, 0x08, 0x64, 0x08, 0x64, 0x08, 0x64, 0x08,
  0xa4, 0x10, 0x64, 0x08, 0x64, 0x08, 0x64, 0x08, 0x64, 0x08, 0x64, 0x08, 0x64, 0x08, 0x64, 0x08, 0x64, 0x08, 0x64, 0x08, 0x64, 0x08, 0x64, 0x08, 0x64, 0x08, 0x64, 0x08, 0x64, 0x08, 0x64, 0x08,
  0x64, 0x08, 0x64, 0x08, 0x64, 0x08, 0x64, 0x08, 0x64, 0x08, 0x64, 0x08, 0x64, 0x08, 0x64, 0x08, 0x64, 0x08, 0x64, 0x08, 0x64, 0x08, 0x64, 0x08, 0x64, 0x08, 0x64, 0x08, 0x64, 0x08, 0x64, 0x08,
  0xa4, 0x10, 0x64, 0x08, 0x64, 0x08, 0x64, 0x08, 0x64, 0x08, 0x64, 0x08, 0x64, 0x08, 0x64, 0x08, 0x64, 0x08, 0x64, 0x08, 0x64, 0x08, 0x64, 0x08, 0x64, 0x08, 0x64, 0x08, 0x64, 0x08, 0x64, 0x08,
  0x64, 0x08, 0x64, 0x08, 0x64, 0x08, 0x64, 0x08, 0x64, 0x08, 0x64, 0x08, 0x64, 0x08, 0x64, 0x08, 0x64, 0x08, 0x64, 0x08, 0x64, 0x08, 0x64, 0x08, 0x64, 0x08, 0x64, 0x08, 0x64, 0x08, 0x64, 0x08,
  0xa4, 0x10, 0x64, 0x08, 0x64, 0x08, 0x64, 0x08, 0x64, 0x08, 0x64, 0x08, 0x64, 0x08, 0x64, 0x08, 0x64, 0x08, 0x64, 0x08, 0x64, 0x08, 0x64, 0x08, 0x64, 0x08, 0x64, 0x08, 0x64, 0x08, 0x64, 0x08,
  0x64, 0x08, 0x64, 0x08, 0x64, 0x08, 0x64, 0x08, 0x64, 0x08, 0x64, 0x08, 0x64, 0x08, 0x64, 0x08, 0x64, 0x08, 0x64, 0x08, 0x64, 0x08, 0x64, 0x08, 0x64, 0x08, 0x64, 0x08, 0x64, 0x08, 0x64, 0x08,
  0xa4, 0x10, 0x64, 0x08, 0x64, 0x08, 0x64, 0x08, 0x64, 0x08, 0x64, 0x08, 0x64, 0x08, 0x64, 0x08, 0x64, 0x08, 0x64, 0x08, 0x64, 0x08, 0x64, 0x08, 0x64, 0x08, 0x64, 0x08, 0x64, 0x08, 0x64, 0x08,
  0x64, 0x08, 0x64, 0x08, 0x64, 0x08, 0x47, 0x19, 0x64, 0x08, 0x64, 0x08, 0x64, 0x08, 0x64, 0x08, 0x64, 0x08, 0x64, 0x08, 0x64, 0x08, 0x64, 0x08, 0x64, 0x08, 0x64, 0x08, 0x64, 0x08, 0x64, 0x08,
  0xa4, 0x10, 0x64, 0x08, 0x64, 0x08, 0x64, 0x08, 0x64, 0x08, 0x64, 0x08, 0x64, 0x08, 0x64, 0x08, 0x64, 0x08, 0x64, 0x08, 0x64, 0x08, 0x64, 0x08, 0x64, 0x08, 0x64, 0x08, 0x64, 0x08, 0x64, 0x08,
  0x64, 0x08, 0x64, 0x08, 0x64, 0x08, 0x27, 0x19, 0x64, 0x08, 0x64, 0x08, 0x64, 0x08, 0x27, 0x19, 0x64, 0x08, 0x64, 0x08, 0x64, 0x08, 0x64, 0x08, 0x64, 0x08, 0x64, 0x08, 0x64, 0x08, 0x64, 0x08,
  0xa4, 0x10, 0x64, 0x08, 0x64, 0x08, 0x64, 0x08, 0x64, 0x08, 0x64, 0x08, 0x64, 0x08, 0x64, 0x08, 0x64, 0x08, 0x64, 0x08, 0x64, 0x08, 0x64, 0x08, 0x64, 0x08, 0x64, 0x08, 0x64, 0x08, 0x64, 0x08,
  0x64, 0x08, 0x64, 0x08, 0x64, 0x08, 0x64, 0x08, 0x64, 0x08, 0x64, 0x08, 0x64, 0x08, 0x64, 0x08, 0x64, 0x08, 0x64, 0x08, 0x64, 0x08, 0x64, 0x08, 0x64, 0x08, 0x64, 0x08, 0x64, 0x08, 0x64, 0x08,
  0xa4, 0x10, 0x64, 0x08, 0x64, 0x08, 0x64, 0x08, 0x64, 0x08, 0x64, 0x08, 0x64, 0x08, 0x64, 0x08, 0x64, 0x08, 0x64, 0x08, 0x64, 0x08, 0x64, 0x08, 0x64, 0x08, 0x62, 0x20, 0x00, 0x28, 0x04, 0x41,
  0x51, 0x9c, 0x51, 0x94, 0xae, 0x83, 0x2c, 0x73, 0xaa, 0x6a, 0x69, 0x5a, 0x49, 0x5a, 0x8a, 0x5a, 0xaa, 0x5a, 0xec, 0x62, 0x4d, 0x63, 0x11, 0x7c, 0xb3, 0x8c, 0x35, 0x9d, 0x97, 0xa5, 0xf8, 0xad,
  0x59, 0xbe, 0x7a, 0xbe, 0x7a, 0xbe, 0x9a, 0xc6, 0x9b, 0xc6, 0x9b, 0xc6, 0xbb, 0xce, 0xdb, 0xce, 0xdb, 0xce, 0xfc, 0xce, 0xdb, 0xce, 0xdb, 0xce, 0xdb, 0xce, 0xdb, 0xce, 0xdb, 0xd6, 0xdb, 0xce,
  0xbb, 0xce, 0xbb, 0xce, 0x9a, 0xce, 0x7a, 0xc6, 0x7a, 0xc6, 0x7a, 0xc6, 0x59, 0xc6, 0x59, 0xc6, 0x18, 0xbe, 0xf8, 0xbd, 0xd7, 0xb5, 0xd7, 0xb5, 0xb7, 0xb5, 0xb7, 0xb5, 0xb7, 0xad, 0xb7, 0xad,
  0xd7, 0xb5, 0xb7, 0xad, 0xb7, 0xad, 0xb7, 0xa5, 0x97, 0xa5, 0x35, 0x9d, 0x14, 0x95, 0xd3, 0x94, 0x92, 0x8c, 0x51, 0x84, 0x10, 0x84, 0xef, 0x7b, 0xae, 0x73, 0x6e, 0x6b, 0x2d, 0x6b, 0xcb, 0x62,
  0x6a, 0x5a, 0x29, 0x52, 0x08, 0x4a, 0xe7, 0x41, 0xa6, 0x49, 0xa6, 0x49, 0xc7, 0x49, 0x08, 0x5a, 0x49, 0x5a, 0x8a, 0x62, 0x4d, 0x73, 0x31, 0x84, 0xf3, 0x94, 0x35, 0x9d, 0xb2, 0x94, 0x92, 0x94,
  0xcb, 0x72, 0x00, 0x28, 0x20, 0x30, 0xa7, 0x41, 0x64, 0x08, 0x64, 0x08, 0x64, 0x08, 0x64, 0x08, 0x64, 0x08, 0x64, 0x08, 0x64, 0x08, 0x47, 0x19, 0x47, 0x19, 0x48, 0x19, 0x47, 0x19, 0x47, 0x19,
  0x47, 0x19, 0x47, 0x19, 0x64, 0x08, 0x64, 0x08, 0x64, 0x08, 0x64, 0x08, 0x64, 0x08, 0x64, 0x08, 0x64, 0x08, 0x64, 0x08, 0x64, 0x08, 0x64, 0x08, 0x64, 0x08, 0x64, 0x08, 0x64, 0x08, 0x64, 0x08,
  0xa4, 0x10, 0x64, 0x08, 0x64, 0x08, 0x64, 0x08, 0x64, 0x08, 0x64, 0x08, 0x64, 0x08, 0x64, 0x08, 0x64, 0x08, 0x64, 0x08, 0x64, 0x08, 0x64, 0x08, 0x64, 0x08, 0x64, 0x08, 0x64, 0x08, 0x64, 0x08,
  0x64, 0x08, 0x64, 0x08, 0x64, 0x08, 0x64, 0x08, 0x64, 0x08, 0x64, 0x08, 0x64, 0x08, 0x64, 0x08, 0x64, 0x08, 0x64, 0x08, 0x64, 0x08, 0x64, 0x08, 0x64, 0x08, 0x64, 0x08, 0x64, 0x08, 0x64, 0x08,
  0xa4, 0x10, 0x64, 0x08, 0x64, 0x08, 0x64, 0x08, 0x64, 0x08, 0x64, 0x08, 0x64, 0x08, 0x64, 0x08, 0x64, 0x08, 0x64, 0x08, 0x64, 0x08, 0x64, 0x08, 0x64, 0x08, 0x64, 0x08, 0x64, 0x08, 0x64, 0x08,
  0x64, 0x08, 0x64, 0x08, 0x64, 0x08, 0x64, 0x08, 0x64, 0x08, 0x64, 0x08, 0x64, 0x08, 0x64, 0x08, 0x64, 0x08, 0x64, 0x08, 0x64, 0x08, 0x64, 0x08, 0x64, 0x08, 0x64, 0x08, 0x64, 0x08, 0x64, 0x08,
  0xa4, 0x10, 0x64, 0x08, 0x64, 0x08, 0x64, 0x08, 0x64, 0x08, 0x64, 0x08, 0x64, 0x08, 0x64, 0x08, 0x64, 0x08, 0x64, 0x08, 0x64, 0x08, 0x64, 0x08, 0x64, 0x08, 0x64, 0x08, 0x64, 0x08, 0x64, 0x08,
  0x64, 0x08, 0x64, 0x08, 0x64, 0x08, 0x64, 0x08, 0x64, 0x08, 0x64, 0x08, 0x64, 0x08, 0x64, 0x08, 0x64, 0x08, 0x64, 0x08, 0x64, 0x08, 0x64, 0x08, 0x64, 0x08, 0x64, 0x08, 0x64, 0x08, 0x64, 0x08,
  0xa4, 0x10, 0x64, 0x08, 0x64, 0x08, 0x64, 0x08, 0x64, 0x08, 0x64, 0x08, 0x64, 0x08, 0x64, 0x08, 0x64, 0x08, 0x64, 0x08, 0x64, 0x08, 0x64, 0x08, 0x64, 0x08, 0x64, 0x08, 0x64, 0x08, 0x64, 0x08,
  0x64, 0x08, 0x64, 0x08, 0x64, 0x08, 0x47, 0x19, 0x64, 0x08, 0x64, 0x08, 0x64, 0x08, 0x64, 0x08, 0x64, 0x08, 0x64, 0x08, 0x64, 0x08, 0x64, 0x08, 0x64, 0x08, 0x64, 0x08, 0x64, 0x08, 0x64, 0x08,
  0xa4, 0x10, 0x64, 0x08, 0x64, 0x08, 0x64, 0x08, 0x64, 0x08, 0x64, 0x08, 0x64, 0x08, 0x64, 0x08, 0x64, 0x08, 0x64, 0x08, 0x64, 0x08, 0x64, 0x08, 0x64, 0x08, 0x64, 0x08, 0x64, 0x08, 0x64, 0x08,
  0x64, 0x08, 0x64, 0x08, 0x64, 0x08, 0x27, 0x19, 0x64, 0x08, 0x64, 0x08, 0x64, 0x08, 0x27, 0x19, 0x64, 0x08, 0x64, 0x08, 0x64, 0x08, 0x64, 0x08, 0x64, 0x08, 0x64, 0x08, 0x64, 0x08, 0x64, 0x08,
  0xa4, 0x10, 0x64, 0x08, 0x64, 0x08, 0x64, 0x08, 0x64, 0x08, 0x64, 0x08, 0x64, 0x08, 0x64, 0x08, 0x64, 0x08, 0x64, 0x08, 0x64, 0x08, 0x64, 0x08, 0x64, 0x08, 0x64, 0x08, 0x64, 0x08, 0x64, 0x08,
  0x64, 0x08, 0x64, 0x08, 0x64, 0x08, 0x64, 0x08, 0x64, 0x08, 0x64, 0x08, 0x64, 0x08, 0x64, 0x08, 0x64, 0x08, 0x64, 0x08, 0x64, 0x08, 0x64, 0x08, 0x64, 0x08, 0x64, 0x08, 0x64, 0x08, 0x64, 0x08,
  0xa4, 0x10, 0x64, 0x08, 0x64, 0x08, 0x64, 0x08, 0x64, 0x08, 0x64, 0x08, 0x64, 0x08, 0x64, 0x08, 0x64, 0x08, 0x64, 0x08, 0x64, 0x08, 0x64, 0x08, 0x64, 0x08, 0xc5, 0x18, 0x62, 0x38, 0x00, 0x28,
  0x00, 0x20, 0x00, 0x28, 0x00, 0x20, 0x00, 0x20, 0x00, 0x20, 0x00, 0x28, 0x41, 0x30, 0x41, 0x30, 0x41, 0x30, 0x21, 0x30, 0x00, 0x30, 0x00, 0x28, 0x00, 0x28, 0x00, 0x28, 0x00, 0x20, 0x00, 0x28,
  0x00, 0x28, 0x00, 0x28, 0x00, 0x28, 0x00, 0x28, 0x00, 0x28, 0x20, 0x28, 0x20, 0x28, 0x20, 0x28, 0x20, 0x28, 0x21, 0x28, 0x21, 0x28, 0x41, 0x30, 0x41, 0x30, 0x41, 0x30, 0x41, 0x28, 0x20, 0x28,
  0x20, 0x28, 0x00, 0x28, 0x00, 0x28, 0x00, 0x28, 0x00, 0x28, 0x20, 0x28, 0x20, 0x28, 0x20, 0x28, 0x00, 0x28, 0x00, 0x28, 0x00, 0x28, 0x00, 0x28, 0x00, 0x28, 0x00, 0x28, 0x00, 0x28, 0x00, 0x28,
  0x00, 0x28, 0x00, 0x28, 0x00, 0x28, 0x00, 0x28, 0x00, 0x28, 0x00, 0x28, 0x00, 0x20, 0x00, 0x28, 0x00, 0x20, 0x00, 0x28, 0x00, 0x28, 0x00, 0x28, 0x00, 0x28, 0x00, 0x30, 0x00, 0x30, 0x00, 0x30,
  0x00, 0x30, 0x00, 0x28, 0x00, 0x28, 0x00, 0x28, 0x00, 0x30, 0x00, 0x28, 0x00, 0x28, 0x00, 0x28, 0x00, 0x28, 0x00, 0x20, 0x00, 0x20, 0x00, 0x20, 0x00, 0x18, 0x00, 0x10, 0x00, 0x20, 0x00, 0x20,
  0x00, 0x18, 0x00, 0x30, 0x66, 0x49, 0x26, 0x19, 0x64, 0x08, 0x64, 0x08, 0x64, 0x08, 0x64, 0x08, 0x64, 0x08, 0x64, 0x08, 0x64, 0x08, 0x47, 0x19, 0x47, 0x19, 0x47, 0x19, 0x48, 0x19, 0x47, 0x19,
  0x47, 0x19, 0x47, 0x19, 0x64, 0x08, 0x64, 0x08, 0x64, 0x08, 0x64, 0x08, 0x64, 0x08, 0x64, 0x08, 0x64, 0x08, 0x64, 0x08, 0x64, 0x08, 0x64, 0x08, 0x64, 0x08, 0x64, 0x08, 0x64, 0x08, 0x64, 0x08,
  0xa4, 0x10, 0x64, 0x08, 0x64, 0x08, 0x64, 0x08, 0x64, 0x08, 0x64, 0x08, 0x64, 0x08, 0x64, 0x08, 0x64, 0x08, 0x64, 0x08, 0x64, 0x08, 0x64, 0x08, 0x64, 0x08, 0x64, 0x08, 0x64, 0x08, 0x64, 0x08,
  0x64, 0x08, 0x64, 0x08, 0x64, 0x08, 0x64, 0x08, 0x64, 0x08, 0x64, 0x08, 0x64, 0x08, 0x64, 0x08, 0x64, 0x08, 0x64, 0x08, 0x64, 0x08, 0x64, 0x08, 0x64, 0x08, 0x64, 0x08, 0x64, 0x08, 0x64, 0x08,
  0xa4, 0x10, 0x64, 0x08, 0x64, 0x08, 0x64, 0x08, 0x64, 0x08, 0x64, 0x08, 0x64, 0x08, 0x64, 0x08, 0x64, 0x08, 0x64, 0x08, 0x64, 0x08, 0x64, 0x08, 0x64, 0x08, 0x64, 0x08, 0x64, 0x08, 0x64, 0x08,
  0x64, 0x08, 0x64, 0x08, 0x64, 0x08, 0x64, 0x08, 0x64, 0x08, 0x64, 0x08, 0x64, 0x08, 0x64, 0x08, 0x64, 0x08, 0x64, 0x08, 0x64, 0x08, 0x64, 0x08, 0x64, 0x08, 0x64, 0x08, 0x64, 0x08, 0x64, 0x08,
  0xa4, 0x10, 0x64, 0x08, 0x64, 0x08, 0x64, 0x08, 0x64, 0x08, 0x64, 0x08, 0x64, 0x08, 0x64, 0x08, 0x64, 0x08, 0x64, 0x08, 0x64, 0x08, 0x64, 0x08, 0x64, 0x08, 0x64, 0x08, 0x64, 0x08, 0x64, 0x08,
  0x64, 0x08, 0x64, 0x08, 0x64, 0x08, 0x64, 0x08, 0x64, 0x08, 0x64, 0x08, 0x64, 0x08, 0x64, 0x08, 0x64, 0x08, 0x64, 0x08, 0x64, 0x08, 0x64, 0x08, 0x64, 0x08, 0x64, 0x08, 0x64, 0x08, 0x64, 0x08,
  0xa4, 0x10, 0x64, 0x08, 0x64, 0x08, 0x64, 0x08, 0x64, 0x08, 0x64, 0x08, 0x64, 0x08, 0x64, 0x08, 0x64, 0x08, 0x64, 0x08, 0x64, 0x08, 0x64, 0x08, 0x64, 0x08, 0x64, 0x08, 0x64, 0x08, 0x64, 0x08,
  0x64, 0x08, 0x64, 0x08, 0x64, 0x08, 0x47, 0x19, 0x64, 0x08, 0x64, 0x08, 0x64, 0x08, 0x64, 0x08, 0x64, 0x08, 0x64, 0x08, 0x64, 0x08, 0x64, 0x08, 0x64, 0x08, 0x64, 0x08, 0x64, 0x08, 0x64, 0x08,
  0xa4, 0x10, 0x64, 0x08, 0x64, 0x08, 0x64, 0x08, 0x64, 0x08, 0x64, 0x08, 0x64, 0x08, 0x64, 0x08, 0x64, 0x08, 0x64, 0x08, 0x64, 0x08, 0x64, 0x08, 0x64, 0x08, 0x64, 0x08, 0x64, 0x08, 0x64, 0x08,
  0x64, 0x08, 0x64, 0x08, 0x64, 0x08, 0x27, 0x19, 0x64, 0x08, 0x64, 0x08, 0x64, 0x08, 0x27, 0x19, 0x64, 0x08, 0x64, 0x08, 0x64, 0x08, 0x64, 0x08, 0x64, 0x08, 0x64, 0x08, 0x64, 0x08, 0x64, 0x08,
  0xa4, 0x10, 0x64, 0x08, 0x64, 0x08, 0x64, 0x08, 0x64, 0x08, 0x64, 0x08, 0x64, 0x08, 0x64, 0x08, 0x64, 0x08, 0x64, 0x08, 0x64, 0x08, 0x64, 0x08, 0x64, 0x08, 0x64, 0x08, 0x64, 0x08, 0x64, 0x08,
  0x64, 0x08, 0x64, 0x08, 0x64, 0x08, 0x64, 0x08, 0x64, 0x08, 0x64, 0x08, 0x64, 0x08, 0x64, 0x08, 0x64, 0x08, 0x64, 0x08, 0x64, 0x08, 0x64, 0x08, 0x64, 0x08, 0x64, 0x08, 0x64, 0x08, 0x64, 0x08,
  0xa4, 0x10, 0x64, 0x08, 0x64, 0x08, 0x64, 0x08, 0x64, 0x08, 0x64, 0x08, 0x64, 0x08, 0x64, 0x08, 0x64, 0x08, 0x64, 0x08, 0x64, 0x08, 0x64, 0x08, 0x64, 0x08, 0x64, 0x08, 0x26, 0x21, 0x46, 0x41,
  0x82, 0x38, 0x00, 0x28, 0x28, 0x62, 0xcf, 0x8b, 0xcb, 0x72, 0x65, 0x49, 0x00, 0x20, 0x00, 0x20, 0x00, 0x20, 0x00, 0x28, 0x21, 0x30, 0xc3, 0x38, 0x46, 0x49, 0x86, 0x49, 0x87, 0x49, 0x86, 0x49,
  0x66, 0x41, 0x25, 0x41, 0x24, 0x41, 0x04, 0x41, 0x25, 0x41, 0x25, 0x41, 0x05, 0x41, 0x04, 0x41, 0x04, 0x41, 0x04, 0x41, 0x04, 0x41, 0x04, 0x41, 0xe4, 0x38, 0xc3, 0x38, 0xc3, 0x38, 0xe3, 0x38,
  0xe4, 0x38, 0x04, 0x39, 0x04, 0x41, 0x04, 0x41, 0x04, 0x41, 0x04, 0x39, 0x04, 0x39, 0x04, 0x39, 0x04, 0x39, 0x04, 0x39, 0x04, 0x39, 0x04, 0x39, 0x04, 0x41, 0x24, 0x41, 0x24, 0x41, 0x25, 0x41,
  0x25, 0x41, 0x25, 0x41, 0x25, 0x41, 0x24, 0x41, 0x24, 0x41, 0x25, 0x41, 0x25, 0x41, 0x25, 0x41, 0x04, 0x41, 0x24, 0x41, 0x25, 0x39, 0x25, 0x41, 0x25, 0x41, 0x25, 0x41, 0x25, 0x41, 0x25, 0x41,
  0x25, 0x41, 0x46, 0x41, 0x66, 0x49, 0x86, 0x49, 0xa7, 0x51, 0xc7, 0x51, 0xe7, 0x59, 0x08, 0x5a, 0x6a, 0x62, 0xeb, 0x72, 0xec, 0x7a, 0x2c, 0x7b, 0xae, 0x8b, 0x10, 0x94, 0xe3, 0x40, 0x00, 0x28,
  0x25, 0x41, 0xc8, 0x41, 0xe6, 0x18, 0x64, 0x08, 0x64, 0x08, 0x64, 0x08, 0x64, 0x08, 0x64, 0x08, 0x64, 0x08, 0x64, 0x08, 0x64, 0x08, 0x64, 0x08, 0x47, 0x19, 0x47, 0x19, 0x47, 0x19, 0x48, 0x19,
  0x47, 0x19, 0x64, 0x08, 0x64, 0x08, 0x64, 0x08, 0x64, 0x08, 0x64, 0x08, 0x64, 0x08, 0x64, 0x08, 0x64, 0x08, 0x64, 0x08, 0x64, 0x08, 0x64, 0x08, 0x64, 0x08, 0x64, 0x08, 0x64, 0x08, 0x64, 0x08,
  0xa4, 0x10, 0x64, 0x08, 0x64, 0x08, 0x64, 0x08, 0x64, 0x08, 0x64, 0x08, 0x64, 0x08, 0x64, 0x08, 0x64, 0x08, 0x64, 0x08, 0x64, 0x08, 0x64, 0x08, 0x64, 0x08, 0x64, 0x08, 0x64, 0x08, 0x64, 0x08,
  0x64, 0x08, 0x64, 0x08, 0x64, 0x08, 0x64, 0x08, 0x64, 0x08, 0x64, 0x08, 0x64, 0x08, 0x64, 0x08, 0x64, 0x08, 0x64, 0x08, 0x64, 0x08, 0x64, 0x08, 0x64, 0x08, 0x64, 0x08, 0x64, 0x08, 0x64, 0x08,
  0xa4, 0x10, 0x64, 0x08, 0x64, 0x08, 0x64, 0x08, 0x64, 0x08, 0x64, 0x08, 0x64, 0x08, 0x64, 0x08, 0x64, 0x08, 0x64, 0x08, 0x64, 0x08, 0x64, 0x08, 0x64, 0x08, 0x64, 0x08, 0x64, 0x08, 0x64, 0x08,
  0x64, 0x08, 0x64, 0x08, 0x64, 0x08, 0x64, 0x08, 0x64, 0x08, 0x64, 0x08, 0x64, 0x08, 0x64, 0x08, 0x64, 0x08, 0x64, 0x08, 0x64, 0x08, 0x64, 0x08, 0x64, 0x08, 0x64, 0x08, 0x64, 0x08, 0x64, 0x08,
  0xa4, 0x10, 0x64, 0x08, 0x64, 0x08, 0x64, 0x08, 0x64, 0x08, 0x64, 0x08, 0x64, 0x08, 0x64, 0x08, 0x64, 0x08, 0x64, 0x08, 0x64, 0x08, 0x64, 0x08, 0x64, 0x08, 0x64, 0x08, 0x64, 0x08, 0x64, 0x08,
  0x64, 0x08, 0x64, 0x08, 0x64, 0x08, 0x64, 0x08, 0x64, 0x08, 0x64, 0x08, 0x64, 0x08, 0x64, 0x08, 0x64, 0x08, 0x64, 0x08, 0x64, 0x08, 0x64, 0x08, 0x64, 0x08, 0x64, 0x08, 0x64, 0x08, 0x64, 0x08,
  0xa4, 0x10, 0x64, 0x08, 0x64, 0x08, 0x64, 0x08, 0x64, 0x08, 0x64, 0x08, 0x64, 0x08, 0x64, 0x08, 0x64, 0x08, 0x64, 0x08, 0x64, 0x08, 0x64, 0x08, 0x64, 0x08, 0x64, 0x08, 0x64, 0x08, 0x64, 0x08,
  0x64, 0x08, 0x64, 0x08, 0x64, 0x08, 0x47, 0x19, 0x64, 0x08, 0x64, 0x08, 0x64, 0x08, 0x64, 0x08, 0x64, 0x08, 0x64, 0x08, 0x64, 0x08, 0x64, 0x08, 0x64, 0x08, 0x64, 0x08, 0x64, 0x08, 0x64, 0x08,
  0xa4, 0x10, 0x64, 0x08, 0x64, 0x08, 0x64, 0x08, 0x64, 0x08, 0x64, 0x08, 0x64, 0x08, 0x64, 0x08, 0x64, 0x08, 0x64, 0x08, 0x64, 0x08, 0x64, 0x08, 0x64, 0x08, 0x64, 0x08, 0x64, 0x08, 0x64, 0x08,
  0x64, 0x08, 0x64, 0x08, 0x64, 0x08, 0x27, 0x19, 0x64, 0x08, 0x64, 0x08, 0x64, 0x08, 0x27, 0x19, 0x64, 0x08, 0x64, 0x08, 0x64, 0x08, 0x64, 0x08, 0x64, 0x08, 0x64, 0x08, 0x64, 0x08, 0x64, 0x08,
  0xa4, 0x10, 0x64, 0x08, 0x64, 0x08, 0x64, 0x08, 0x64, 0x08, 0x64, 0x08, 0x64, 0x08, 0x64, 0x08, 0x64, 0x08, 0x64, 0x08, 0x64, 0x08, 0x64, 0x08, 0x64, 0x08, 0x64, 0x08, 0x64, 0x08, 0x64, 0x08,
  0x64, 0x08, 0x64, 0x08, 0x64, 0x08, 0x64, 0x08, 0x64, 0x08, 0x64, 0x08, 0x64, 0x08, 0x64, 0x08, 0x64, 0x08, 0x64, 0x08, 0x64, 0x08, 0x64, 0x08, 0x64, 0x08, 0x64, 0x08, 0x64, 0x08, 0x64, 0x08,
  0xa4, 0x10, 0x64, 0x08, 0x64, 0x08, 0x64, 0x08, 0x64, 0x08, 0x64, 0x08, 0x64, 0x08, 0x64, 0x08, 0x64, 0x08, 0x64, 0x08, 0x64, 0x08, 0x64, 0x08, 0x64, 0x08, 0x64, 0x08, 0x64, 0x08, 0x64, 0x08,
  0x82, 0x28, 0x00, 0x20, 0x55, 0xb5, 0x55, 0xb5, 0x14, 0xad, 0xd3, 0xa4, 0x6a, 0x6a, 0xa6, 0x51, 0x86, 0x49, 0x29, 0x52, 0xec, 0x62, 0xaf, 0x73, 0x31, 0x7c, 0x52, 0x7c, 0xd4, 0x8c, 0x56, 0x95,
  0x39, 0xb6, 0xdb, 0xce, 0x3d, 0xd7, 0x5d, 0xdf, 0x5e, 0xdf, 0x7e, 0xe7, 0x5e, 0xe7, 0x7e, 0xe7, 0x7e, 0xe7, 0x7e, 0xe7, 0x5e, 0xe7, 0x5e, 0xdf, 0x3d, 0xdf, 0x1d, 0xdf, 0xdc, 0xce, 0x7b, 0xbe,
  0x5a, 0xb6, 0x5a, 0xb6, 0x39, 0xb6, 0x39, 0xae, 0x19, 0xae, 0xf8, 0xad, 0xd8, 0xa5, 0xd8, 0xa5, 0xb8, 0xa5, 0xb7, 0xa5, 0x97, 0xa5, 0x56, 0x9d, 0xf5, 0x94, 0xf4, 0x94, 0xd4, 0x94, 0xd4, 0x94,
  0xd3, 0x8c, 0xb3, 0x8c, 0x72, 0x84, 0x92, 0x8c, 0x72, 0x8c, 0x73, 0x8c, 0x72, 0x8c, 0x52, 0x84, 0x31, 0x84, 0x11, 0x7c, 0x11, 0x7c, 0xf1, 0x7b, 0xf1, 0x73, 0xd0, 0x73, 0x8f, 0x6b, 0x4e, 0x63,
  0x2e, 0x63, 0x0d, 0x5b, 0xcc, 0x5a, 0x8a, 0x5a, 0x49, 0x52, 0x08, 0x52, 0xe8, 0x51, 0xe8, 0x51, 0x08, 0x5a, 0x6a, 0x62, 0xf8, 0xbd, 0xff, 0xff, 0x5d, 0xef, 0x9e, 0xf7, 0xc7, 0x59, 0x00, 0x20,
  0xa7, 0x41, 0x64, 0x08, 0x64, 0x08, 0x64, 0x08, 0x64, 0x08, 0x64, 0x08, 0x64, 0x08, 0x64, 0x08, 0x64, 0x08, 0x64, 0x08, 0x64, 0x08, 0x64, 0x08, 0x64, 0x08, 0x47, 0x19, 0x47, 0x19, 0x47, 0x19,
  0x48, 0x19, 0x64, 0x08, 0x64, 0x08, 0x64, 0x08, 0x64, 0x08, 0x64, 0x08, 0x64, 0x08, 0x64, 0x08, 0x64, 0x08, 0x64, 0x08, 0x64, 0x08, 0x64, 0x08, 0x64, 0x08, 0x64, 0x08, 0x64, 0x08, 0x64, 0x08,
  0xa4, 0x10, 0x64, 0x08, 0x64, 0x08, 0x64, 0x08, 0x64, 0x08, 0x64, 0x08, 0x64, 0x08, 0x64, 0x08, 0x64, 0x08, 0x64, 0x08, 0x64, 0x08, 0x64, 0x08, 0x64, 0x08, 0x64, 0x08, 0x64, 0x08, 0x64, 0x08,
  0x64, 0x08, 0x64, 0x08, 0x64, 0x08, 0x64, 0x08, 0x64, 0x08, 0x64, 0x08, 0x64, 0x08, 0x64, 0x08, 0x64, 0x08, 0x64, 0x08, 0x64, 0x08, 0x64, 0x08, 0x64, 0x08, 0x64, 0x08, 0x64, 0x08, 0x64, 0x08,
  0xa4, 0x10, 0x64, 0x08, 0x64, 0x08, 0x64, 0x08, 0x64, 0x08, 0x64, 0x08, 0x64, 0x08, 0x64, 0x08, 0x64, 0x08, 0x64, 0x08, 0x64, 0x08, 0x64, 0x08, 0x64, 0x08, 0x64, 0x08, 0x64, 0x08, 0x64, 0x08,
  0x64, 0x08, 0x64, 0x08, 0x64, 0x08, 0x64, 0x08, 0x64, 0x08, 0x64, 0x08, 0x64, 0x08, 0x64, 0x08, 0x64, 0x08, 0x64, 0x08, 0x64, 0x08, 0x64, 0x08, 0x64, 0x08, 0x64, 0x08, 0x64, 0x08, 0x64, 0x08,
  0xa4, 0x10, 0x64, 0x08, 0x64, 0x08, 0x64, 0x08, 0x64, 0x08, 0x64, 0x08, 0x64, 0x08, 0x64, 0x08, 0x64, 0x08, 0x64, 0x08, 0x64, 0x08, 0x64, 0x08, 0x64, 0x08, 0x64, 0x08, 0x64, 0x08, 0x64, 0x08,
  0x64, 0x08, 0x64, 0x08, 0x64, 0x08, 0x64, 0x08, 0x64, 0x08, 0x64, 0x08, 0x64, 0x08, 0x64, 0x08, 0x64, 0x08, 0x64, 0x08, 0x64, 0x08, 0x64, 0x08, 0x64, 0x08, 0x64, 0x08, 0x64, 0x08, 0x64, 0x08,
  0xa4, 0x10, 0x64, 0x08, 0x64, 0x08, 0x64, 0x08, 0x64, 0x08, 0x64, 0x08, 0x64, 0x08, 0x64, 0x08, 0x64, 0x08, 0x64, 0x08, 0x64, 0x08, 0x64, 0x08, 0x64, 0x08, 0x64, 0x08, 0x64, 0x08, 0x64, 0x08,
  0x64, 0x08, 0x64, 0x08, 0x64, 0x08, 0x47, 0x19, 0x64, 0x08, 0x64, 0x08, 0x64, 0x08, 0x64, 0x08, 0x64, 0x08, 0x64, 0x08, 0x64, 0x08, 0x64, 0x08, 0x64, 0x08, 0x64, 0x08, 0x64, 0x08, 0x64, 0x08,
  0xa4, 0x10, 0x64, 0x08, 0x64, 0x08, 0x64, 0x08, 0x64, 0x08, 0x64, 0x08, 0x64, 0x08, 0x64, 0x08, 0x64, 0x08, 0x64, 0x08, 0x64, 0x08, 0x64, 0x08, 0x64, 0x08, 0x64, 0x08, 0x64, 0x08, 0x64, 0x08,
  0x64, 0x08, 0x64, 0x08, 0x64, 0x08, 0x27, 0x19, 0x64, 0x08, 0x64, 0x08, 0x64, 0x08, 0x27, 0x19, 0x64, 0x08, 0x64, 0x08, 0x64, 0x08, 0x64, 0x08, 0x64, 0x08, 0x64, 0x08, 0x64, 0x08, 0x64, 0x08,
  0xa4, 0x10, 0x64, 0x08, 0x64, 0x08, 0x64, 0x08, 0x64, 0x08, 0x64, 0x08, 0x64, 0x08, 0x64, 0x08, 0x64, 0x08, 0x64, 0x08, 0x64, 0x08, 0x64, 0x08, 0x64, 0x08, 0x64, 0x08, 0x64, 0x08, 0x64, 0x08,
  0x64, 0x08, 0x64, 0x08, 0x64, 0x08, 0x64, 0x08, 0x64, 0x08, 0x64, 0x08, 0x64, 0x08, 0x64, 0x08, 0x64, 0x08, 0x64, 0x08, 0x64, 0x08, 0x64, 0x08, 0x64, 0x08, 0x64, 0x08, 0x64, 0x08, 0x64, 0x08,
  0xa4, 0x10, 0x64, 0x08, 0x64, 0x08, 0x64, 0x08, 0x64, 0x08, 0x64, 0x08, 0x64, 0x08, 0x64, 0x08, 0x64, 0x08, 0x64, 0x08, 0x64, 0x08, 0x64, 0x08, 0x64, 0x08, 0x64, 0x08, 0x64, 0x08, 0x64, 0x08,
  0x22, 0x20, 0x00, 0x20, 0xf4, 0xa4, 0x45, 0x41, 0x6d, 0x83, 0xdb, 0xde, 0x14, 0xa5, 0x35, 0xa5, 0x14, 0x9d, 0xf4, 0x94, 0x35, 0x9d, 0x75, 0xa5, 0x96, 0xad, 0x18, 0xbe, 0x9a, 0xce, 0xfb, 0xde,
  0x7d, 0xef, 0xdf, 0xff, 0xff, 0xff, 0xdf, 0xff, 0xbe, 0xf7, 0x9e, 0xf7, 0x7d, 0xf7, 0x7d, 0xef, 0x7d, 0xef, 0x5d, 0xef, 0x5d, 0xef, 0x3c, 0xe7, 0xfb, 0xde, 0xdb, 0xde, 0xbb, 0xd6, 0x9a, 0xc6,
  0x59, 0xbe, 0x18, 0xb6, 0xf8, 0xad, 0xd7, 0xad, 0xb7, 0xad, 0x96, 0xa5, 0x76, 0xa5, 0x55, 0x9d, 0x35, 0x9d, 0x35, 0x9d, 0x14, 0x95, 0xf3, 0x94, 0xb2, 0x8c, 0x71, 0x84, 0x31, 0x84, 0x10, 0x7c,
  0xf0, 0x7b, 0xf0, 0x7b, 0xf0, 0x73, 0xd0, 0x73, 0xaf, 0x73, 0x8f, 0x6b, 0x6e, 0x6b, 0x4e, 0x6b, 0x4e, 0x6b, 0x2d, 0x63, 0x2d, 0x63, 0x0d, 0x63, 0xec, 0x62, 0xec, 0x5a, 0xcc, 0x5a, 0xab, 0x5a,
  0x6a, 0x52, 0x29, 0x4a, 0xa7, 0x39, 0xe4, 0x30, 0x21, 0x20, 0x00, 0x20, 0x00, 0x20, 0x00, 0x20, 0x00, 0x20, 0x61, 0x30, 0x35, 0xa5, 0x1c, 0xe7, 0x34, 0xb5, 0x34, 0xb5, 0x28, 0x62, 0x00, 0x20,
  0x25, 0x31, 0x64, 0x08, 0x64, 0x08, 0x64, 0x08, 0x64, 0x08, 0x64, 0x08, 0x64, 0x08, 0x64, 0x08, 0x64, 0x08, 0x64, 0x08, 0x64, 0x08, 0x64, 0x08, 0x64, 0x08, 0x64, 0x08, 0x47, 0x19, 0x64, 0x08,
  0x64, 0x08, 0x48, 0x19, 0x64, 0x08, 0x64, 0x08, 0x64, 0x08, 0x64, 0x08, 0x64, 0x08, 0x64, 0x08, 0x64, 0x08, 0x64, 0x08, 0x64, 0x08, 0x64, 0x08, 0x64, 0x08, 0x64, 0x08, 0x64, 0x08, 0x64, 0x08,
  0xa4, 0x10, 0x64, 0x08, 0x64, 0x08, 0x64, 0x08, 0x64, 0x08, 0x64, 0x08, 0x64, 0x08, 0x64, 0x08, 0x64, 0x08, 0x64, 0x08, 0x64, 0x08, 0x64, 0x08, 0x64, 0x08, 0x64, 0x08, 0x64, 0x08, 0x64, 0x08,
  0x64, 0x08, 0x64, 0x08, 0x64, 0x08, 0x64, 0x08, 0x64, 0x08, 0x64, 0x08, 0x64, 0x08, 0x64, 0x08, 0x64, 0x08, 0x64, 0x08, 0x64, 0x08, 0x64, 0x08, 0x64, 0x08, 0x64, 0x08, 0x64, 0x08, 0x64, 0x08,
  0xa4, 0x10, 0x64, 0x08, 0x64, 0x08, 0x64, 0x08, 0x64, 0x08, 0x64, 0x08, 0x64, 0x08, 0x64, 0x08, 0x64, 0x08, 0x64, 0x08, 0x64, 0x08, 0x64, 0x08, 0x64, 0x08, 0x64, 0x08, 0x64, 0x08, 0x64, 0x08,
  0x64, 0x08, 0x64, 0x08, 0x64, 0x08, 0x64, 0x08, 0x64, 0x08, 0x64, 0x08, 0x64, 0x08, 0x64, 0x08, 0x64, 0x08, 0x64, 0x08, 0x64, 0x08, 0x64, 0x08, 0x64, 0x08, 0x64, 0x08, 0x64, 0x08, 0x64, 0x08,
  0xa4, 0x10, 0x64, 0x08, 0x64, 0x08, 0x64, 0x08, 0x64, 0x08, 0x64, 0x08, 0x64, 0x08, 0x64, 0x08, 0x64, 0x08, 0x64, 0x08, 0x64, 0x08, 0x64, 0x08, 0x64, 0x08, 0x64, 0x08, 0x64, 0x08, 0x64, 0x08,
  0x64, 0x08, 0x64, 0x08, 0x64, 0x08, 0x64, 0x08, 0x64, 0x08, 0x64, 0x08, 0x64, 0x08, 0x64, 0x08, 0x64, 0x08, 0x64, 0x08, 0x64, 0x08, 0x64, 0x08, 0x64, 0x08, 0x64, 0x08, 0x64, 0x08, 0x64, 0x08,
  0xa4, 0x10, 0x64, 0x08, 0x64, 0x08, 0x64, 0x08, 0x64, 0x08, 0x64, 0x08, 0x64, 0x08, 0x64, 0x08, 0x64, 0x08, 0x64, 0x08, 0x64, 0x08, 0x64, 0x08, 0x64, 0x08, 0x64, 0x08, 0x64, 0x08, 0x64, 0x08,
  0x64, 0x08, 0x64, 0x08, 0x64, 0x08, 0x47, 0x19, 0x64, 0x08, 0x64, 0x08, 0x64, 0x08, 0x64, 0x08, 0x64, 0x08, 0x64, 0x08, 0x64, 0x08, 0x64, 0x08, 0x64, 0x08, 0x64, 0x08, 0x64, 0x08, 0x64, 0x08,
  0xa4, 0x10, 0x64, 0x08, 0x64, 0x08, 0x64, 0x08, 0x64, 0x08, 0x64, 0x08, 0x64, 0x08, 0x64, 0x08, 0x64, 0x08, 0x64, 0x08, 0x64, 0x08, 0x64, 0x08, 0x64, 0x08, 0x64, 0x08, 0x64, 0x08, 0x64, 0x08,
  0x64, 0x08, 0x64, 0x08, 0x64, 0x08, 0x27, 0x19, 0x64, 0x08, 0x64, 0x08, 0x64, 0x08, 0x27, 0x19, 0x64, 0x08, 0x64, 0x08, 0x64, 0x08, 0x64, 0x08, 0x64, 0x08, 0x64, 0x08, 0x64, 0x08, 0x64, 0x08,
  0xa4, 0x10, 0x64, 0x08, 0x64, 0x08, 0x64, 0x08, 0x64, 0x08, 0x64, 0x08, 0x64, 0x08, 0x64, 0x08, 0x64, 0x08, 0x64, 0x08, 0x64, 0x08, 0x64, 0x08, 0x64, 0x08, 0x64, 0x08, 0x64, 0x08, 0x64, 0x08,
  0x64, 0x08, 0x64, 0x08, 0x64, 0x08, 0x64, 0x08, 0x64, 0x08, 0x64, 0x08, 0x64, 0x08, 0x64, 0x08, 0x64, 0x08, 0x64, 0x08, 0x64, 0x08, 0x64, 0x08, 0x64, 0x08, 0x64, 0x08, 0x64, 0x08, 0x64, 0x08,
  0xa4, 0x10, 0x64, 0x08, 0x64, 0x08, 0x64, 0x08, 0x64, 0x08, 0x64, 0x08, 0x64, 0x08, 0x64, 0x08, 0x64, 0x08, 0x64, 0x08, 0x64, 0x08, 0x64, 0x08, 0x64, 0x08, 0x64, 0x08, 0x64, 0x08, 0x64, 0x08,
  0x21, 0x28, 0x00, 0x20, 0x76, 0xad, 0xc7, 0x51, 0x92, 0x9c, 0x9e, 0xe7, 0xcf, 0x73, 0x6a, 0x5a, 0x0c, 0x63, 0x8e, 0x73, 0x72, 0x84, 0x55, 0x95, 0x96, 0x9d, 0xd7, 0xa5, 0x79, 0xbe, 0xfb, 0xd6,
  0x3c, 0xe7, 0x9e, 0xef, 0xdf, 0xff, 0xff, 0xff, 0xff, 0xff, 0xff, 0xff, 0xff, 0xff, 0xff, 0xff, 0xff, 0xff, 0xff, 0xff, 0xff, 0xff, 0xdf, 0xff, 0x7d, 0xef, 0x3c, 0xe7, 0x1c, 0xe7, 0xdb, 0xce,
  0x9a, 0xc6, 0x79, 0xc6, 0x38, 0xbe, 0x18, 0xbe, 0xf7, 0xb5, 0xb6, 0xb5, 0x96, 0xad, 0x75, 0xad, 0x14, 0xa5, 0xd3, 0x9c, 0xd3, 0x9c, 0xb3, 0x94, 0x92, 0x94, 0x92, 0x94, 0x92, 0x94, 0x92, 0x94,
  0x71, 0x8c, 0x51, 0x8c, 0x51, 0x8c, 0x51, 0x8c, 0x51, 0x8c, 0x51, 0x94, 0x51, 0x8c, 0x51, 0x8c, 0x51, 0x8c, 0x31, 0x8c, 0x31, 0x8c, 0x10, 0x7c, 0x8e, 0x6b, 0x8e, 0x6b, 0xaf, 0x73, 0xaf, 0x73,
  0x8e, 0x6b, 0x2d, 0x63, 0xec, 0x62, 0x49, 0x52, 0x86, 0x41, 0xc3, 0x30, 0x00, 0x28, 0x00, 0x30, 0x21, 0x30, 0xe8, 0x51, 0xf8, 0xad, 0xbf, 0xf7, 0xb7, 0xc5, 0x75, 0xb5, 0xcb, 0x72, 0x00, 0x20,
  0x45, 0x39, 0x64, 0x08, 0x64, 0x08, 0x64, 0x08, 0x64, 0x08, 0x64, 0x08, 0x64, 0x08, 0x64, 0x08, 0x64, 0x08, 0x64, 0x08, 0x64, 0x08, 0x64, 0x08, 0x64, 0x08, 0x64, 0x08, 0x47, 0x19, 0x64, 0x08,
  0x64, 0x08, 0x64, 0x08, 0x48, 0x19, 0x64, 0x08, 0x64, 0x08, 0x64, 0x08, 0x64, 0x08, 0x64, 0x08, 0x64, 0x08, 0x64, 0x08, 0x64, 0x08, 0x64, 0x08, 0x64, 0x08, 0x64, 0x08, 0x64, 0x08, 0x64, 0x08,
  0xa4, 0x10, 0x64, 0x08, 0x64, 0x08, 0x64, 0x08, 0x64, 0x08, 0x64, 0x08, 0x64, 0x08, 0x64, 0x08, 0x64, 0x08, 0x64, 0x08, 0x64, 0x08, 0x64, 0x08, 0x64, 0x08, 0x64, 0x08, 0x64, 0x08, 0x64, 0x08,
  0x64, 0x08, 0x64, 0x08, 0x64, 0x08, 0x64, 0x08, 0x64, 0x08, 0x64, 0x08, 0x64, 0x08, 0x64, 0x08, 0x64, 0x08, 0x64, 0x08, 0x64, 0x08, 0x64, 0x08, 0x64, 0x08, 0x64, 0x08, 0x64, 0x08, 0x64, 0x08,
  0xa4, 0x10, 0x64, 0x08, 0x64, 0x08, 0x64, 0x08, 0x64, 0x08, 0x64, 0x08, 0x64, 0x08, 0x64, 0x08, 0x64, 0x08, 0x64, 0x08, 0x64, 0x08, 0x64, 0x08, 0x64, 0x08, 0x64, 0x08, 0x64, 0x08, 0x64, 0x08,
  0x64, 0x08, 0x64, 0x08, 0x64, 0x08, 0x64, 0x08, 0x64, 0x08, 0x64, 0x08, 0x64, 0x08, 0x64, 0x08, 0x64, 0x08, 0x64, 0x08, 0x64, 0x08, 0x64, 0x08, 0x64, 0x08, 0x64, 0x08, 0x64, 0x08, 0x64, 0x08,
  0xa4, 0x10, 0x64, 0x08, 0x64, 0x08, 0x64, 0x08, 0x64, 0x08, 0x64, 0x08, 0x64, 0x08, 0x64, 0x08, 0x64, 0x08, 0x64, 0x08, 0x64, 0x08, 0x64, 0x08, 0x64, 0x08, 0x64, 0x08, 0x64, 0x08, 0x64, 0x08,
  0x64, 0x08, 0x64, 0x08, 0x64, 0x08, 0x64, 0x08, 0x64, 0x08, 0x64, 0x08, 0x64, 0x08, 0x64, 0x08, 0x64, 0x08, 0x64, 0x08, 0x64, 0x08, 0x64, 0x08, 0x64, 0x08, 0x64, 0x08, 0x64, 0x08, 0x64, 0x08,
  0xa4, 0x10, 0x64, 0x08, 0x64, 0x08, 0x64, 0x08, 0x64, 0x08, 0x64, 0x08, 0x64, 0x08, 0x64, 0x08, 0x64, 0x08, 0x64, 0x08, 0x64, 0x08, 0x64, 0x08, 0x64, 0x08, 0x64, 0x08, 0x64, 0x08, 0x64, 0x08,
  0x64, 0x08, 0x64, 0x08, 0x64, 0x08, 0x47, 0x19, 0x64, 0x08, 0x64, 0x08, 0x64, 0x08, 0x64, 0x08, 0x64, 0x08, 0x64, 0x08, 0x64, 0x08, 0x64, 0x08, 0x64, 0x08, 0x64, 0x08, 0x64, 0x08, 0x64, 0x08,
  0xa4, 0x10, 0x64, 0x08, 0x64, 0x08, 0x64, 0x08, 0x64, 0x08, 0x64, 0x08, 0x64, 0x08, 0x64, 0x08, 0x64, 0x08, 0x64, 0x08, 0x64, 0x08, 0x64, 0x08, 0x64, 0x08, 0x64, 0x08, 0x64, 0x08, 0x64, 0x08,
  0x64, 0x08, 0x64, 0x08, 0x64, 0x08, 0x27, 0x19, 0x64, 0x08, 0x64, 0x08, 0x64, 0x08, 0x27, 0x19, 0x64, 0x08, 0x64, 0x08, 0x64, 0x08, 0x64, 0x08, 0x64, 0x08, 0x64, 0x08, 0x64, 0x08, 0x64, 0x08,
  0xa4, 0x10, 0x64, 0x08, 0x64, 0x08, 0x64, 0x08, 0x64, 0x08, 0x64, 0x08, 0x64, 0x08, 0x64, 0x08, 0x64, 0x08, 0x64, 0x08, 0x64, 0x08, 0x64, 0x08, 0x64, 0x08, 0x64, 0x08, 0x64, 0x08, 0x64, 0x08,
  0x64, 0x08, 0x64, 0x08, 0x64, 0x08, 0x64, 0x08, 0x64, 0x08, 0x64, 0x08, 0x64, 0x08, 0x64, 0x08, 0x64, 0x08, 0x64, 0x08, 0x64, 0x08, 0x64, 0x08, 0x64, 0x08, 0x64, 0x08, 0x64, 0x08, 0x64, 0x08,
  0xa4, 0x10, 0x64, 0x08, 0x64, 0x08, 0x64, 0x08, 0x64, 0x08, 0x64, 0x08, 0x64, 0x08, 0x64, 0x08, 0x64, 0x08, 0x64, 0x08, 0x64, 0x08, 0x64, 0x08, 0x64, 0x08, 0x64, 0x08, 0x64, 0x08, 0x63, 0x08,
  0x00, 0x28, 0x20, 0x30, 0x9a, 0xd6, 0x05, 0x41, 0x7a, 0xce, 0xff, 0xe7, 0xec, 0x6a, 0x45, 0x41, 0x0d, 0x63, 0x51, 0x7c, 0x15, 0x95, 0xf8, 0xa5, 0x18, 0xae, 0x18, 0xa6, 0x59, 0xae, 0xfb, 0xce,
  0x5d, 0xdf, 0x9e, 0xef, 0xbe, 0xf7, 0xdf, 0xf7, 0xdf, 0xf7, 0xdf, 0xf7, 0xdf, 0xf7, 0xdf, 0xf7, 0xdf, 0xf7, 0xdf, 0xf7, 0xdf, 0xf7, 0xff, 0xff, 0xff, 0xff, 0xff, 0xff, 0xff, 0xff, 0xdf, 0xe7,
  0xdf, 0xe7, 0xdf, 0xe7, 0xdf, 0xe7, 0xff, 0xe7, 0xff, 0xe7, 0xff, 0xe7, 0xff, 0xef, 0xff, 0xef, 0xff, 0xef, 0xff, 0xef, 0xff, 0xef, 0xff, 0xef, 0xff, 0xef, 0xff, 0xef, 0xff, 0xe7, 0xdf, 0xe7,
  0xbf, 0xe7, 0xbf, 0xdf, 0x9f, 0xdf, 0x9f, 0xdf, 0x9f, 0xdf, 0x9f, 0xd7, 0x9f, 0xd7, 0x9e, 0xd7, 0x9e, 0xd7, 0x7e, 0xd7, 0x5e, 0xcf, 0xfc, 0xc6, 0x9b, 0xb6, 0x7a, 0xb6, 0x7a, 0xb6, 0x59, 0xae,
  0xd7, 0xa5, 0x96, 0x9d, 0x14, 0x95, 0x31, 0x7c, 0x8f, 0x6b, 0x2d, 0x63, 0xec, 0x62, 0x2d, 0x6b, 0x8f, 0x73, 0xd0, 0x7b, 0x7a, 0xbe, 0xdf, 0xef, 0xdb, 0xe6, 0xf3, 0xac, 0x71, 0xa4, 0x00, 0x18,
  0xa2, 0x38, 0xe5, 0x18, 0x64, 0x08, 0x64, 0x08, 0x64, 0x08, 0x64, 0x08, 0x64, 0x08, 0x64, 0x08, 0x64, 0x08, 0x64, 0x08, 0x64, 0x08, 0x64, 0x08, 0x64, 0x08, 0x64, 0x08, 0x47, 0x19, 0x64, 0x08,
  0x64, 0x08, 0x64, 0x08, 0x64, 0x08, 0x48, 0x19, 0x64, 0x08, 0x64, 0x08, 0x64, 0x08, 0x64, 0x08, 0x64, 0x08, 0x64, 0x08, 0x64, 0x08, 0x64, 0x08, 0x64, 0x08, 0x64, 0x08, 0x64, 0x08, 0x64, 0x08,
  0xa4, 0x10, 0x64, 0x08, 0x64, 0x08, 0x64, 0x08, 0x64, 0x08, 0x64, 0x08, 0x64, 0x08, 0x64, 0x08, 0x64, 0x08, 0x64, 0x08, 0x64, 0x08, 0x64, 0x08, 0x64, 0x08, 0x64, 0x08, 0x64, 0x08, 0x64, 0x08,
  0x64, 0x08, 0x64, 0x08, 0x64, 0x08, 0x64, 0x08, 0x64, 0x08, 0x64, 0x08, 0x64, 0x08, 0x64, 0x08, 0x64, 0x08, 0x64, 0x08, 0x64, 0x08, 0x64, 0x08, 0x64, 0x08, 0x64, 0x08, 0x64, 0x08, 0x64, 0x08,
  0xa4, 0x10, 0x64, 0x08, 0x64, 0x08, 0x64, 0x08, 0x64, 0x08, 0x64, 0x08, 0x64, 0x08, 0x64, 0x08, 0x64, 0x08, 0x64, 0x08, 0x64, 0x08, 0x64, 0x08, 0x64, 0x08, 0x64, 0x08, 0x64, 0x08, 0x64, 0x08,
  0x64, 0x08, 0x64, 0x08, 0x64, 0x08, 0x64, 0x08, 0x64, 0x08, 0x64, 0x08, 0x64, 0x08, 0x64, 0x08, 0x64, 0x08, 0x64, 0x08, 0x64, 0x08, 0x64, 0x08, 0x64, 0x08, 0x64, 0x08, 0x64, 0x08, 0x64, 0x08,
  0xa4, 0x10, 0x64, 0x08, 0x64, 0x08, 0x64, 0x08, 0x64, 0x08, 0x64, 0x08, 0x64, 0x08, 0x64, 0x08, 0x64, 0x08, 0x64, 0x08, 0x64, 0x08, 0x64, 0x08, 0x64, 0x08, 0x64, 0x08, 0x64, 0x08, 0x64, 0x08,
  0x64, 0x08, 0x64, 0x08, 0x64, 0x08, 0x64, 0x08, 0x64, 0x08, 0x64, 0x08, 0x64, 0x08, 0x64, 0x08, 0x64, 0x08, 0x64, 0x08, 0x64, 0x08, 0x64, 0x08, 0x64, 0x08, 0x64, 0x08, 0x64, 0x08, 0x64, 0x08,
  0xa4, 0x10, 0x64, 0x08, 0x64, 0x08, 0x64, 0x08, 0x64, 0x08, 0x64, 0x08, 0x64, 0x08, 0x64, 0x08, 0x64, 0x08, 0x64, 0x08, 0x64, 0x08, 0x64, 0x08, 0x64, 0x08, 0x64, 0x08, 0x64, 0x08, 0x64, 0x08,
  0x64, 0x08, 0x64, 0x08, 0x64, 0x08, 0x47, 0x19, 0x64, 0x08, 0x64, 0x08, 0x64, 0x08, 0x64, 0x08, 0x64, 0x08, 0x64, 0x08, 0x64, 0x08, 0x64, 0x08, 0x64, 0x08, 0x64, 0x08, 0x64, 0x08, 0x64, 0x08,
  0xa4, 0x10, 0x64, 0x08, 0x64, 0x08, 0x64, 0x08, 0x64, 0x08, 0x64, 0x08, 0x64, 0x08, 0x64, 0x08, 0x64, 0x08, 0x64, 0x08, 0x64, 0x08, 0x64, 0x08, 0x64, 0x08, 0x64, 0x08, 0x64, 0x08, 0x64, 0x08,
  0x64, 0x08, 0x64, 0x08, 0x64, 0x08, 0x27, 0x19, 0x64, 0x08, 0x64, 0x08, 0x64, 0x08, 0x27, 0x19, 0x64, 0x08, 0x64, 0x08, 0x64, 0x08, 0x64, 0x08, 0x64, 0x08, 0x64, 0x08, 0x64, 0x08, 0x64, 0x08,
  0xa4, 0x10, 0x64, 0x08, 0x64, 0x08, 0x64, 0x08, 0x64, 0x08, 0x64, 0x08, 0x64, 0x08, 0x64, 0x08, 0x64, 0x08, 0x64, 0x08, 0x64, 0x08, 0x64, 0x08, 0x64, 0x08, 0x64, 0x08, 0x64, 0x08, 0x64, 0x08,
  0x64, 0x08, 0x64, 0x08, 0x64, 0x08, 0x64, 0x08, 0x64, 0x08, 0x64, 0x08, 0x64, 0x08, 0x64, 0x08, 0x64, 0x08, 0x64, 0x08, 0x64, 0x08, 0x64, 0x08, 0x64, 0x08, 0x64, 0x08, 0x64, 0x08, 0x64, 0x08,
  0xa4, 0x10, 0x64, 0x08, 0x64, 0x08, 0x64, 0x08, 0x64, 0x08, 0x64, 0x08, 0x64, 0x08, 0x64, 0x08, 0x64, 0x08, 0x64, 0x08, 0x64, 0x08, 0x64, 0x08, 0x64, 0x08, 0x64, 0x08, 0x64, 0x08, 0x21, 0x20,
  0x00, 0x18, 0x6d, 0x83, 0x55, 0xb5, 0xcb, 0x6a, 0xff, 0xff, 0x3d, 0xcf, 0x08, 0x5a, 0x00, 0x28, 0xab, 0x5a, 0x31, 0x7c, 0x55, 0x95, 0xf8, 0xa5, 0x18, 0xa6, 0xf8, 0xa5, 0xf8, 0xa5, 0xf8, 0xa5,
  0x18, 0xa6, 0x79, 0xae, 0xdb, 0xbe, 0x3c, 0xcf, 0x5d, 0xd7, 0x7e, 0xdf, 0x9e, 0xdf, 0x9e, 0xdf, 0x9e, 0xdf, 0x9e, 0xdf, 0x9e, 0xdf, 0x9e, 0xdf, 0x9e, 0xdf, 0x9e, 0xdf, 0x9e, 0xdf, 0x9e, 0xdf,
  0x9e, 0xdf, 0x7d, 0xdf, 0x7d, 0xdf, 0x7e, 0xdf, 0x7e, 0xdf, 0x9e, 0xdf, 0x9e, 0xdf, 0x7e, 0xdf, 0x7e, 0xdf, 0x7e, 0xdf, 0x7d, 0xdf, 0x7d, 0xdf, 0x7d, 0xdf, 0x7d, 0xd7, 0x5d, 0xd7, 0x5d, 0xd7,
  0x5d, 0xd7, 0x3d, 0xcf, 0x3d, 0xcf, 0x3d, 0xcf, 0x1d, 0xc7, 0xfc, 0xc6, 0xdc, 0xbe, 0xdc, 0xbe, 0xbb, 0xbe, 0xbb, 0xbe, 0x9a, 0xbe, 0x7a, 0xbe, 0x7a, 0xbe, 0x39, 0xb6, 0x18, 0xa6, 0xf7, 0xa5,
  0xb7, 0x9d, 0xb7, 0x9d, 0xb7, 0x9d, 0x76, 0x95, 0xb3, 0x84, 0x11, 0x74, 0x6e, 0x63, 0xab, 0x52, 0xc8, 0x41, 0x61, 0x20, 0xd3, 0x9c, 0xbe, 0xdf, 0xff, 0xff, 0x34, 0xb5, 0x59, 0xd6, 0x82, 0x38,
  0x00, 0x28, 0x04, 0x31, 0x64, 0x08, 0x64, 0x08, 0x64, 0x08, 0x64, 0x08, 0x64, 0x08, 0x64, 0x08, 0x64, 0x08, 0x64, 0x08, 0x64, 0x08, 0x64, 0x08, 0x64, 0x08, 0x64, 0x08, 0x47, 0x19, 0x64, 0x08,
  0x64, 0x08, 0x64, 0x08, 0x64, 0x08, 0x64, 0x08, 0x48, 0x19, 0x64, 0x08, 0x64, 0x08, 0x64, 0x08, 0x64, 0x08, 0x64, 0x08, 0x64, 0x08, 0x64, 0x08, 0x64, 0x08, 0x64, 0x08, 0x64, 0x08, 0x64, 0x08,
  0xa4, 0x10, 0x64, 0x08, 0x64, 0x08, 0x64, 0x08, 0x64, 0x08, 0x64, 0x08, 0x64, 0x08, 0x64, 0x08, 0x64, 0x08, 0x64, 0x08, 0x64, 0x08, 0x64, 0x08, 0x64, 0x08, 0x64, 0x08, 0x64, 0x08, 0x64, 0x08,
  0x64, 0x08, 0x64, 0x08, 0x64, 0x08, 0x64, 0x08, 0x64, 0x08, 0x64, 0x08, 0x64, 0x08, 0x64, 0x08, 0x64, 0x08, 0x64, 0x08, 0x64, 0x08, 0x64, 0x08, 0x64, 0x08, 0x64, 0x08, 0x64, 0x08, 0x64, 0x08,
  0xa4, 0x10, 0x64, 0x08, 0x64, 0x08, 0x64, 0x08, 0x64, 0x08, 0x64, 0x08, 0x64, 0x08, 0x64, 0x08, 0x64, 0x08, 0x64, 0x08, 0x64, 0x08, 0x64, 0x08, 0x64, 0x08, 0x64, 0x08, 0x64, 0x08, 0x64, 0x08,
  0x64, 0x08, 0x64, 0x08, 0x64, 0x08, 0x64, 0x08, 0x64, 0x08, 0x64, 0x08, 0x64, 0x08, 0x64, 0x08, 0x64, 0x08, 0x64, 0x08, 0x64, 0x08, 0x64, 0x08, 0x64, 0x08, 0x64, 0x08, 0x64, 0x08, 0x64, 0x08,
  0xa4, 0x10, 0x64, 0x08, 0x64, 0x08, 0x64, 0x08, 0x64, 0x08, 0x64, 0x08, 0x64, 0x08, 0x64, 0x08, 0x64, 0x08, 0x64, 0x08, 0x64, 0x08, 0x64, 0x08, 0x64, 0x08, 0x64, 0x08, 0x64, 0x08, 0x64, 0x08,
  0x64, 0x08, 0x64, 0x08, 0x64, 0x08, 0x64, 0x08, 0x64, 0x08, 0x64, 0x08, 0x64, 0x08, 0x64, 0x08, 0x64, 0x08, 0x64, 0x08, 0x64, 0x08, 0x64, 0x08, 0x64, 0x08, 0x64, 0x08, 0x64, 0x08, 0x64, 0x08,
  0xa4, 0x10, 0x64, 0x08, 0x64, 0x08, 0x64, 0x08, 0x64, 0x08, 0x64, 0x08, 0x64, 0x08, 0x64, 0x08, 0x64, 0x08, 0x64, 0x08, 0x64, 0x08, 0x64, 0x08, 0x64, 0x08, 0x64, 0x08, 0x64, 0x08, 0x64, 0x08,
  0x64, 0x08, 0x64, 0x08, 0x64, 0x08, 0x47, 0x19, 0x64, 0x08, 0x64, 0x08, 0x64, 0x08, 0x64, 0x08, 0x64, 0x08, 0x64, 0x08, 0x64, 0x08, 0x64, 0x08, 0x64, 0x08, 0x64, 0x08, 0x64, 0x08, 0x64, 0x08,
  0xa4, 0x10, 0x64, 0x08, 0x64, 0x08, 0x64, 0x08, 0x64, 0x08, 0x64, 0x08, 0x64, 0x08, 0x64, 0x08, 0x64, 0x08, 0x64, 0x08, 0x64, 0x08, 0x64, 0x08, 0x64, 0x08, 0x64, 0x08, 0x64, 0x08, 0x64, 0x08,
  0x64, 0x08, 0x64, 0x08, 0x64, 0x08, 0x27, 0x19, 0x64, 0x08, 0x64, 0x08, 0x64, 0x08, 0x26, 0x19, 0x64, 0x08, 0x64, 0x08, 0x64, 0x08, 0x64, 0x08, 0x64, 0x08, 0x64, 0x08, 0x64, 0x08, 0x64, 0x08,
  0xa4, 0x10, 0x64, 0x08, 0x64, 0x08, 0x64, 0x08, 0x64, 0x08, 0x64, 0x08, 0x64, 0x08, 0x64, 0x08, 0x64, 0x08, 0x64, 0x08, 0x64, 0x08, 0x64, 0x08, 0x64, 0x08, 0x64, 0x08, 0x64, 0x08, 0x64, 0x08,
  0x64, 0x08, 0x64, 0x08, 0x64, 0x08, 0x64, 0x08, 0x64, 0x08, 0x64, 0x08, 0x64, 0x08, 0x64, 0x08, 0x64, 0x08, 0x64, 0x08, 0x64, 0x08, 0x64, 0x08, 0x64, 0x08, 0x64, 0x08, 0x64, 0x08, 0x64, 0x08,
  0xa4, 0x10, 0x64, 0x08, 0x64, 0x08, 0x64, 0x08, 0x64, 0x08, 0x64, 0x08, 0x64, 0x08, 0x64, 0x08, 0x64, 0x08, 0x64, 0x08, 0x64, 0x08, 0x64, 0x08, 0x63, 0x08, 0x64, 0x08, 0x42, 0x18, 0x00, 0x28,
  0xa2, 0x30, 0x3d, 0xe7, 0x51, 0x94, 0x5d, 0xe7, 0xbf, 0xef, 0x9a, 0xbe, 0xc3, 0x40, 0x20, 0x28, 0xab, 0x5a, 0x92, 0x84, 0xd7, 0x9d, 0xf8, 0xa5, 0x18, 0xa6, 0x79, 0xb6, 0xbb, 0xbe, 0x1c, 0xc7,
  0x3c, 0xcf, 0x5d, 0xd7, 0x7d, 0xd7, 0x7e, 0xdf, 0x7e, 0xdf, 0x9e, 0xdf, 0x9e, 0xdf, 0x9e, 0xdf, 0x9e, 0xdf, 0x9e, 0xdf, 0x9e, 0xdf, 0x9e, 0xdf, 0x9e, 0xdf, 0x9e, 0xdf, 0x9e, 0xdf, 0x9e, 0xdf,
  0x9e, 0xdf, 0x9e, 0xdf, 0x9e, 0xdf, 0x9e, 0xdf, 0x9e, 0xdf, 0x9e, 0xdf, 0x9e, 0xdf, 0x9e, 0xdf, 0x9e, 0xdf, 0x9e, 0xdf, 0x9e, 0xdf, 0x9e, 0xdf, 0x9e, 0xdf, 0x9e, 0xdf, 0x9e, 0xdf, 0x9e, 0xdf,
  0x9e, 0xdf, 0xbe, 0xe7, 0xbe, 0xe7, 0xbe, 0xdf, 0x7e, 0xdf, 0x7e, 0xd7, 0x7d, 0xd7, 0x5d, 0xd7, 0x3d, 0xcf, 0xfc, 0xc6, 0xdb, 0xc6, 0xbb, 0xbe, 0x9a, 0xbe, 0x7a, 0xb6, 0x18, 0xa6, 0xf8, 0xa5,
  0xf8, 0xa5, 0x18, 0xa6, 0x18, 0xa6, 0xb7, 0x9d, 0xf4, 0x8c, 0x52, 0x84, 0x0d, 0x63, 0x08, 0x4a, 0xe4, 0x38, 0x00, 0x20, 0xe8, 0x59, 0xbf, 0xe7, 0xbe, 0xef, 0x5d, 0xf7, 0x1c, 0xe7, 0xd3, 0xac,
  0x00, 0x18, 0x41, 0x30, 0xc4, 0x20, 0x64, 0x08, 0x63, 0x08, 0x64, 0x08, 0x64, 0x08, 0x64, 0x08, 0x64, 0x08, 0x64, 0x08, 0x64, 0x08, 0x64, 0x08, 0x64, 0x08, 0x64, 0x08, 0x47, 0x19, 0x64, 0x08,
  0x64, 0x08, 0x64, 0x08, 0x64, 0x08, 0x64, 0x08, 0x64, 0x08, 0x48, 0x19, 0x64, 0x08, 0x64, 0x08, 0x64, 0x08, 0x64, 0x08, 0x64, 0x08, 0x64, 0x08, 0x64, 0x08, 0x64, 0x08, 0x64, 0x08, 0x64, 0x08,
  0xa4, 0x10, 0x64, 0x08, 0x64, 0x08, 0x64, 0x08, 0x64, 0x08, 0x64, 0x08, 0x64, 0x08, 0x64, 0x08, 0x64, 0x08, 0x64, 0x08, 0x64, 0x08, 0x64, 0x08, 0x64, 0x08, 0x64, 0x08, 0x64, 0x08, 0x64, 0x08,
  0x64, 0x08, 0x64, 0x08, 0x64, 0x08, 0x64, 0x08, 0x64, 0x08, 0x64, 0x08, 0x64, 0x08, 0x64, 0x08, 0x64, 0x08, 0x64, 0x08, 0x64, 0x08, 0x64, 0x08, 0x64, 0x08, 0x64, 0x08, 0x64, 0x08, 0x64, 0x08,
  0xa4, 0x10, 0x64, 0x08, 0x64, 0x08, 0x64, 0x08, 0x64, 0x08, 0x64, 0x08, 0x64, 0x08, 0x64, 0x08, 0x64, 0x08, 0x64, 0x08, 0x64, 0x08, 0x64, 0x08, 0x64, 0x08, 0x64, 0x08, 0x64, 0x08, 0x64, 0x08,
  0x64, 0x08, 0x64, 0x08, 0x64, 0x08, 0x64, 0x08, 0x64, 0x08, 0x64, 0x08, 0x64, 0x08, 0x64, 0x08, 0x64, 0x08, 0x64, 0x08, 0x64, 0x08, 0x64, 0x08, 0x64, 0x08, 0x64, 0x08, 0x64, 0x08, 0x64, 0x08,
  0xa4, 0x10, 0x64, 0x08, 0x64, 0x08, 0x64, 0x08, 0x64, 0x08, 0x64, 0x08, 0x64, 0x08, 0x64, 0x08, 0x64, 0x08, 0x64, 0x08, 0x64, 0x08, 0x64, 0x08, 0x64, 0x08, 0x64, 0x08, 0x64, 0x08, 0x64, 0x08,
  0x64, 0x08, 0x64, 0x08, 0x64, 0x08, 0x64, 0x08, 0x64, 0x08, 0x64, 0x08, 0x64, 0x08, 0x64, 0x08, 0x64, 0x08, 0x64, 0x08, 0x64, 0x08, 0x64, 0x08, 0x64, 0x08, 0x64, 0x08, 0x64, 0x08, 0x64, 0x08,
  0xa4, 0x10, 0x64, 0x08, 0x64, 0x08, 0x64, 0x08, 0x64, 0x08, 0x64, 0x08, 0x64, 0x08, 0x64, 0x08, 0x64, 0x08, 0x64, 0x08, 0x64, 0x08, 0x64, 0x08, 0x64, 0x08, 0x64, 0x08, 0x64, 0x08, 0x64, 0x08,
  0x64, 0x08, 0x64, 0x08, 0x64, 0x08, 0x47, 0x19, 0x64, 0x08, 0x64, 0x08, 0x64, 0x08, 0x64, 0x08, 0x64, 0x08, 0x64, 0x08, 0x64, 0x08, 0x64, 0x08, 0x64, 0x08, 0x64, 0x08, 0x64, 0x08, 0x64, 0x08,
  0xa4, 0x10, 0x64, 0x08, 0x64, 0x08, 0x64, 0x08, 0x64, 0x08, 0x64, 0x08, 0x64, 0x08, 0x64, 0x08, 0x64, 0x08, 0x64, 0x08, 0x64, 0x08, 0x64, 0x08, 0x64, 0x08, 0x64, 0x08, 0x64, 0x08, 0x64, 0x08,
  0x64, 0x08, 0x64, 0x08, 0x64, 0x08, 0x27, 0x19, 0x64, 0x08, 0x64, 0x08, 0x64, 0x08, 0x26, 0x19, 0x64, 0x08, 0x64, 0x08, 0x64, 0x08, 0x64, 0x08, 0x64, 0x08, 0x64, 0x08, 0x64, 0x08, 0x64, 0x08,
  0xa4, 0x10, 0x64, 0x08, 0x64, 0x08, 0x64, 0x08, 0x64, 0x08, 0x64, 0x08, 0x64, 0x08, 0x64, 0x08, 0x64, 0x08, 0x64, 0x08, 0x64, 0x08, 0x64, 0x08, 0x64, 0x08, 0x64, 0x08, 0x64, 0x08, 0x64, 0x08,
  0x64, 0x08, 0x64, 0x08, 0x64, 0x08, 0x64, 0x08, 0x64, 0x08, 0x64, 0x08, 0x64, 0x08, 0x64, 0x08, 0x64, 0x08, 0x64, 0x08, 0x64, 0x08, 0x64, 0x08, 0x64, 0x08, 0x64, 0x08, 0x64, 0x08, 0x64, 0x08,
  0xa4, 0x10, 0x64, 0x08, 0x64, 0x08, 0x64, 0x08, 0x64, 0x08, 0x64, 0x08, 0x64, 0x08, 0x64, 0x08, 0x64, 0x08, 0x64, 0x08, 0x64, 0x08, 0x64, 0x08, 0x64, 0x08, 0x43, 0x10, 0x20, 0x30, 0x00, 0x20,
  0xb7, 0xbd, 0x3d, 0xdf, 0x1c, 0xd7, 0xdf, 0xef, 0xff, 0xe7, 0xcf, 0x83, 0x00, 0x28, 0xe8, 0x51, 0x10, 0x7c, 0x76, 0x9d, 0xf8, 0x9d, 0x59, 0xae, 0x3c, 0xcf, 0x9e, 0xdf, 0xbe, 0xef, 0xbe, 0xef,
  0xbe, 0xe7, 0xbe, 0xe7, 0x9e, 0xe7, 0x9e, 0xe7, 0x9e, 0xdf, 0x9e, 0xdf, 0x9e, 0xdf, 0x9e, 0xdf, 0x9e, 0xdf, 0x9e, 0xdf, 0x9e, 0xdf, 0x9e, 0xdf, 0x9e, 0xdf, 0x9e, 0xdf, 0x9e, 0xdf, 0x9e, 0xdf,
  0x9e, 0xdf, 0x9e, 0xdf, 0x9e, 0xdf, 0x9e, 0xdf, 0x9e, 0xdf, 0x9e, 0xdf, 0x9e, 0xdf, 0x9e, 0xdf, 0x9e, 0xdf, 0x9e, 0xdf, 0x9e, 0xdf, 0x9e, 0xdf, 0x9e, 0xdf, 0x9e, 0xdf, 0x9e, 0xdf, 0x9e, 0xdf,
  0x9e, 0xdf, 0x9e, 0xdf, 0x9e, 0xdf, 0x9e, 0xdf, 0x9e, 0xdf, 0x9e, 0xdf, 0xbe, 0xe7, 0x9e, 0xdf, 0x7d, 0xd7, 0x5d, 0xd7, 0x5d, 0xd7, 0x3d, 0xcf, 0x3d, 0xcf, 0x1c, 0xcf, 0xdb, 0xc6, 0xba, 0xbe,
  0x7a, 0xb6, 0x18, 0xa6, 0xf8, 0xa5, 0xf8, 0xa5, 0x18, 0xa6, 0x35, 0x95, 0xf0, 0x73, 0xcb, 0x5a, 0x86, 0x41, 0x41, 0x30, 0x00, 0x20, 0xd3, 0xa4, 0xff, 0xef, 0xdf, 0xf7, 0xdf, 0xff, 0xff, 0xff,
  0xcb, 0x72, 0x00, 0x20, 0x41, 0x38, 0xc5, 0x18, 0x64, 0x08, 0x64, 0x08, 0x64, 0x08, 0x64, 0x08, 0x64, 0x08, 0x64, 0x08, 0x64, 0x08, 0x64, 0x08, 0x64, 0x08, 0x64, 0x08, 0x47, 0x19, 0x64, 0x08,
  0x64, 0x08, 0x64, 0x08, 0x64, 0x08, 0x64, 0x08, 0x64, 0x08, 0x64, 0x08, 0x48, 0x19, 0x64, 0x08, 0x64, 0x08, 0x64, 0x08, 0x64, 0x08, 0x64, 0x08, 0x64, 0x08, 0x64, 0x08, 0x64, 0x08, 0x64, 0x08,
  0xa4, 0x10, 0x64, 0x08, 0x64, 0x08, 0x64, 0x08, 0x64, 0x08, 0x64, 0x08, 0x64, 0x08, 0x64, 0x08, 0x64, 0x08, 0x64, 0x08, 0x64, 0x08, 0x64, 0x08, 0x64, 0x08, 0x64, 0x08, 0x64, 0x08, 0x64, 0x08,
  0x64, 0x08, 0x64, 0x08, 0x64, 0x08, 0x64, 0x08, 0x64, 0x08, 0x64, 0x08, 0x64, 0x08, 0x64, 0x08, 0x64, 0x08, 0x64, 0x08, 0x64, 0x08, 0x64, 0x08, 0x64, 0x08, 0x64, 0x08, 0x64, 0x08, 0x64, 0x08,
  0xa4, 0x10, 0x64, 0x08, 0x64, 0x08, 0x64, 0x08, 0x64, 0x08, 0x64, 0x08, 0x64, 0x08, 0x64, 0x08, 0x64, 0x08, 0x64, 0x08, 0x64, 0x08, 0x64, 0x08, 0x64, 0x08, 0x64, 0x08, 0x64, 0x08, 0x64, 0x08,
  0x64, 0x08, 0x64, 0x08, 0x64, 0x08, 0x64, 0x08, 0x64, 0x08, 0x64, 0x08, 0x64, 0x08, 0x64, 0x08, 0x64, 0x08, 0x64, 0x08, 0x64, 0x08, 0x64, 0x08, 0x64, 0x08, 0x64, 0x08, 0x64, 0x08, 0x64, 0x08,
  0xa4, 0x10, 0x64, 0x08, 0x64, 0x08, 0x64, 0x08, 0x64, 0x08, 0x64, 0x08, 0x64, 0x08, 0x64, 0x08, 0x64, 0x08, 0x64, 0x08, 0x64, 0x08, 0x64, 0x08, 0x64, 0x08, 0x64, 0x08, 0x64, 0x08, 0x64, 0x08,
  0x64, 0x08, 0x64, 0x08, 0x64, 0x08, 0x64, 0x08, 0x64, 0x08, 0x64, 0x08, 0x64, 0x08, 0x64, 0x08, 0x64, 0x08, 0x64, 0x08, 0x64, 0x08, 0x64, 0x08, 0x64, 0x08, 0x64, 0x08, 0x64, 0x08, 0x64, 0x08,
  0xa4, 0x10, 0x64, 0x08, 0x64, 0x08, 0x64, 0x08, 0x64, 0x08, 0x64, 0x08, 0x64, 0x08, 0x64, 0x08, 0x64, 0x08, 0x64, 0x08, 0x64, 0x08, 0x64, 0x08, 0x64, 0x08, 0x64, 0x08, 0x64, 0x08, 0x64, 0x08,
  0x64, 0x08, 0x64, 0x08, 0x64, 0x08, 0x47, 0x19, 0x64, 0x08, 0x64, 0x08, 0x64, 0x08, 0x64, 0x08, 0x64, 0x08, 0x64, 0x08, 0x64, 0x08, 0x64, 0x08, 0x64, 0x08, 0x64, 0x08, 0x64, 0x08, 0x64, 0x08,
  0xa4, 0x10, 0x64, 0x08, 0x64, 0x08, 0x64, 0x08, 0x64, 0x08, 0x64, 0x08, 0x64, 0x08, 0x64, 0x08, 0x64, 0x08, 0x64, 0x08, 0x64, 0x08, 0x64, 0x08, 0x64, 0x08, 0x64, 0x08, 0x64, 0x08, 0x64, 0x08,
  0x64, 0x08, 0x64, 0x08, 0x64, 0x08, 0x27, 0x19, 0x64, 0x08, 0x64, 0x08, 0x64, 0x08, 0x26, 0x19, 0x64, 0x08, 0x64, 0x08, 0x64, 0x08, 0x64, 0x08, 0x64, 0x08, 0x64, 0x08, 0x64, 0x08, 0x64, 0x08,
  0xa4, 0x10, 0x64, 0x08, 0x64, 0x08, 0x64, 0x08, 0x64, 0x08, 0x64, 0x08, 0x64, 0x08, 0x64, 0x08, 0x64, 0x08, 0x64, 0x08, 0x64, 0x08, 0x64, 0x08, 0x64, 0x08, 0x64, 0x08, 0x64, 0x08, 0x64, 0x08,
  0x64, 0x08, 0x64, 0x08, 0x64, 0x08, 0x64, 0x08, 0x64, 0x08, 0x64, 0x08, 0x64, 0x08, 0x64, 0x08, 0x64, 0x08, 0x64, 0x08, 0x64, 0x08, 0x64, 0x08, 0x64, 0x08, 0x64, 0x08, 0x64, 0x08, 0x64, 0x08,
  0xa4, 0x10, 0x64, 0x08, 0x64, 0x08, 0x64, 0x08, 0x64, 0x08, 0x64, 0x08, 0x64, 0x08, 0x64, 0x08, 0x64, 0x08, 0x64, 0x08, 0x64, 0x08, 0x64, 0x08, 0x63, 0x08, 0x21, 0x28, 0x00, 0x18, 0x51, 0x9c,
  0x59, 0xce, 0x55, 0xa5, 0xdf, 0xe7, 0xdf, 0xe7, 0x18, 0xb6, 0x62, 0x30, 0x29, 0x52, 0xef, 0x7b, 0xf4, 0x94, 0xd7, 0x9d, 0xba, 0xbe, 0x7d, 0xdf, 0x9e, 0xdf, 0xdf, 0xf7, 0xff, 0xff, 0xff, 0xff,
  0xff, 0xff, 0xff, 0xff, 0xff, 0xff, 0xff, 0xff, 0xff, 0xff, 0xff, 0xff, 0xff, 0xff, 0xff, 0xf7, 0x9e, 0xe7, 0x9e, 0xdf, 0x9e, 0xdf, 0x9e, 0xdf, 0x9e, 0xdf, 0xff, 0xff, 0x9e, 0xe7, 0x9e, 0xdf,
  0x9e, 0xdf, 0x9e, 0xdf, 0x9e, 0xdf, 0x9e, 0xdf, 0x9e, 0xdf, 0x9e, 0xdf, 0x9e, 0xdf, 0x9e, 0xdf, 0x9e, 0xdf, 0x9e, 0xdf, 0x9e, 0xdf, 0x9e, 0xdf, 0x9e, 0xdf, 0x9e, 0xdf, 0x9e, 0xdf, 0x9e, 0xdf,
  0x9e, 0xdf, 0x9e, 0xdf, 0x9e, 0xdf, 0x9e, 0xdf, 0x9e, 0xdf, 0x9e, 0xdf, 0x9e, 0xdf, 0x9e, 0xdf, 0x9e, 0xdf, 0xbe, 0xdf, 0xbe, 0xe7, 0xbe, 0xe7, 0xbe, 0xe7, 0xbe, 0xe7, 0xbe, 0xe7, 0xbe, 0xe7,
  0x5d, 0xd7, 0x9a, 0xbe, 0x18, 0xa6, 0xf8, 0xa5, 0x18, 0xa6, 0xd7, 0x9d, 0xb3, 0x84, 0xaf, 0x73, 0xcb, 0x5a, 0x66, 0x41, 0x00, 0x28, 0x62, 0x30, 0xdb, 0xde, 0xff, 0xef, 0xdf, 0xff, 0xff, 0xff,
  0xdf, 0xff, 0x45, 0x51, 0x00, 0x28, 0x82, 0x30, 0xc5, 0x10, 0x64, 0x08, 0x64, 0x08, 0x64, 0x08, 0x64, 0x08, 0x64, 0x08, 0x64, 0x08, 0x64, 0x08, 0x64, 0x08, 0x64, 0x08, 0x47, 0x19, 0x64, 0x08,
  0x64, 0x08, 0x64, 0x08, 0x64, 0x08, 0x64, 0x08, 0x64, 0x08, 0x64, 0x08, 0x64, 0x08, 0x48, 0x19, 0x64, 0x08, 0x64, 0x08, 0x64, 0x08, 0x64, 0x08, 0x64, 0x08, 0x64, 0x08, 0x64, 0x08, 0x64, 0x08,
  0xa4, 0x10, 0x64, 0x08, 0x64, 0x08, 0x64, 0x08, 0x64, 0x08, 0x64, 0x08, 0x64, 0x08, 0x64, 0x08, 0x64, 0x08, 0x64, 0x08, 0x64, 0x08, 0x64, 0x08, 0x64, 0x08, 0x64, 0x08, 0x64, 0x08, 0x64, 0x08,
  0x64, 0x08, 0x64, 0x08, 0x64, 0x08, 0x64, 0x08, 0x64, 0x08, 0x64, 0x08, 0x64, 0x08, 0x64, 0x08, 0x64, 0x08, 0x64, 0x08, 0x64, 0x08, 0x64, 0x08, 0x64, 0x08, 0x64, 0x08, 0x64, 0x08, 0x64, 0x08,
  0xa4, 0x10, 0x64, 0x08, 0x64, 0x08, 0x64, 0x08, 0x64, 0x08, 0x64, 0x08, 0x64, 0x08, 0x64, 0x08, 0x64, 0x08, 0x64, 0x08, 0x64, 0x08, 0x64, 0x08, 0x64, 0x08, 0x64, 0x08, 0x64, 0x08, 0x64, 0x08,
  0x64, 0x08, 0x64, 0x08, 0x64, 0x08, 0x64, 0x08, 0x64, 0x08, 0x64, 0x08, 0x64, 0x08, 0x64, 0x08, 0x64, 0x08, 0x64, 0x08, 0x64, 0x08, 0x64, 0x08, 0x64, 0x08, 0x64, 0x08, 0x64, 0x08, 0x64, 0x08,
  0xa4, 0x10, 0x64, 0x08, 0x64, 0x08, 0x64, 0x08, 0x64, 0x08, 0x64, 0x08, 0x64, 0x08, 0x64, 0x08, 0x64, 0x08, 0x64, 0x08, 0x64, 0x08, 0x64, 0x08, 0x64, 0x08, 0x64, 0x08, 0x64, 0x08, 0x64, 0x08,
  0x64, 0x08, 0x64, 0x08, 0x64, 0x08, 0x64, 0x08, 0x64, 0x08, 0x64, 0x08, 0x64, 0x08, 0x64, 0x08, 0x64, 0x08, 0x64, 0x08, 0x64, 0x08, 0x64, 0x08, 0x64, 0x08, 0x64, 0x08, 0x64, 0x08, 0x64, 0x08,
  0xa4, 0x10, 0x64, 0x08, 0x64, 0x08, 0x64, 0x08, 0x64, 0x08, 0x64, 0x08, 0x64, 0x08, 0x64, 0x08, 0x64, 0x08, 0x64, 0x08, 0x64, 0x08, 0x64, 0x08, 0x64, 0x08, 0x64, 0x08, 0x64, 0x08, 0x64, 0x08,
  0x64, 0x08, 0x64, 0x08, 0x64, 0x08, 0x47, 0x19, 0x64, 0x08, 0x64, 0x08, 0x64, 0x08, 0x64, 0x08, 0x64, 0x08, 0x64, 0x08, 0x64, 0x08, 0x64, 0x08, 0x64, 0x08, 0x64, 0x08, 0x64, 0x08, 0x64, 0x08,
  0xa4, 0x10, 0x64, 0x08, 0x64, 0x08, 0x64, 0x08, 0x64, 0x08, 0x64, 0x08, 0x64, 0x08, 0x64, 0x08, 0x64, 0x08, 0x64, 0x08, 0x64, 0x08, 0x64, 0x08, 0x64, 0x08, 0x64, 0x08, 0x64, 0x08, 0x64, 0x08,
  0x64, 0x08, 0x64, 0x08, 0x64, 0x08, 0x27, 0x19, 0x64, 0x08, 0x64, 0x08, 0x64, 0x08, 0x26, 0x19, 0x64, 0x08, 0x64, 0x08, 0x64, 0x08, 0x64, 0x08, 0x64, 0x08, 0x64, 0x08, 0x64, 0x08, 0x64, 0x08,
  0xa4, 0x10, 0x64, 0x08, 0x64, 0x08, 0x64, 0x08, 0x64, 0x08, 0x64, 0x08, 0x64, 0x08, 0x64, 0x08, 0x64, 0x08, 0x64, 0x08, 0x64, 0x08, 0x64, 0x08, 0x64, 0x08, 0x64, 0x08, 0x64, 0x08, 0x64, 0x08,
  0x64, 0x08, 0x64, 0x08, 0x64, 0x08, 0x64, 0x08, 0x64, 0x08, 0x64, 0x08, 0x64, 0x08, 0x64, 0x08, 0x64, 0x08, 0x64, 0x08, 0x64, 0x08, 0x64, 0x08, 0x64, 0x08, 0x64, 0x08, 0x64, 0x08, 0x64, 0x08,
  0xa4, 0x10, 0x64, 0x08, 0x64, 0x08, 0x64, 0x08, 0x64, 0x08, 0x64, 0x08, 0x64, 0x08, 0x64, 0x08, 0x64, 0x08, 0x64, 0x08, 0x64, 0x08, 0x64, 0x08, 0x22, 0x20, 0x00, 0x20, 0x49, 0x62, 0xfc, 0xde,
  0x4d, 0x73, 0x7e, 0xdf, 0xbe, 0xe7, 0x1c, 0xcf, 0x66, 0x41, 0x4d, 0x6b, 0x72, 0x7c, 0xf3, 0x8c, 0x96, 0x95, 0xdb, 0xbe, 0x9e, 0xdf, 0x7d, 0xdf, 0xdf, 0xf7, 0xff, 0xff, 0xff, 0xff, 0xff, 0xff,
  0xff, 0xff, 0xff, 0xff, 0xff, 0xff, 0xff, 0xff, 0xff, 0xff, 0xff, 0xff, 0xff, 0xff, 0xbe, 0xef, 0x9e, 0xdf, 0x9e, 0xdf, 0x9e, 0xdf, 0x9e, 0xdf, 0x9e, 0xdf, 0x9e, 0xe7, 0x9e, 0xdf, 0x9e, 0xdf,
  0x9e, 0xdf, 0x9e, 0xdf, 0x9e, 0xdf, 0x9e, 0xdf, 0xbe, 0xef, 0x9e, 0xe7, 0x9e, 0xdf, 0x9e, 0xdf, 0x9e, 0xdf, 0x9e, 0xdf, 0x9e, 0xdf, 0x9e, 0xdf, 0xbe, 0xe7, 0x9e, 0xdf, 0x9e, 0xdf, 0x9e, 0xdf,
  0x9e, 0xdf, 0x9e, 0xdf, 0x9e, 0xdf, 0x9e, 0xdf, 0x9e, 0xdf, 0x9e, 0xdf, 0xbe, 0xe7, 0x9e, 0xdf, 0x9e, 0xdf, 0x9e, 0xdf, 0x9e, 0xdf, 0x9e, 0xdf, 0x9d, 0xdf, 0x9e, 0xdf, 0x9e, 0xdf, 0x9e, 0xdf,
  0x9e, 0xdf, 0xfc, 0xc6, 0x9a, 0xbe, 0xf8, 0xa5, 0xf8, 0xa5, 0x39, 0xae, 0x76, 0x9d, 0x31, 0x7c, 0xcf, 0x73, 0xcc, 0x52, 0xe8, 0x49, 0x83, 0x30, 0x86, 0x49, 0x9e, 0xf7, 0xff, 0xff, 0xdf, 0xff,
  0x7e, 0xf7, 0xba, 0xde, 0x41, 0x30, 0x00, 0x30, 0xe4, 0x30, 0x64, 0x08, 0x64, 0x08, 0x64, 0x08, 0x64, 0x08, 0x64, 0x08, 0x64, 0x08, 0x64, 0x08, 0x64, 0x08, 0x64, 0x08, 0x47, 0x19, 0x64, 0x08,
  0x64, 0x08, 0x64, 0x08, 0x64, 0x08, 0x64, 0x08, 0x64, 0x08, 0x64, 0x08, 0x64, 0x08, 0x64, 0x08, 0x48, 0x19, 0x64, 0x08, 0x64, 0x08, 0x64, 0x08, 0x64, 0x08, 0x64, 0x08, 0x64, 0x08, 0x64, 0x08,
  0xa4, 0x10, 0x64, 0x08, 0x64, 0x08, 0x64, 0x08, 0x64, 0x08, 0x64, 0x08, 0x64, 0x08, 0x64, 0x08, 0x64, 0x08, 0x64, 0x08, 0x64, 0x08, 0x64, 0x08, 0x64, 0x08, 0x64, 0x08, 0x64, 0x08, 0x64, 0x08,
  0x64, 0x08, 0x64, 0x08, 0x64, 0x08, 0x64, 0x08, 0x64, 0x08, 0x64, 0x08, 0x64, 0x08, 0x64, 0x08, 0x64, 0x08, 0x64, 0x08, 0x64, 0x08, 0x64, 0x08, 0x64, 0x08, 0x64, 0x08, 0x64, 0x08, 0x64, 0x08,
  0xa4, 0x10, 0x64, 0x08, 0x64, 0x08, 0x64, 0x08, 0x64, 0x08, 0x64, 0x08, 0x64, 0x08, 0x64, 0x08, 0x64, 0x08, 0x64, 0x08, 0x64, 0x08, 0x64, 0x08, 0x64, 0x08, 0x64, 0x08, 0x64, 0x08, 0x64, 0x08,
  0x64, 0x08, 0x64, 0x08, 0x64, 0x08, 0x64, 0x08, 0x64, 0x08, 0x64, 0x08, 0x64, 0x08, 0x64, 0x08, 0x64, 0x08, 0x64, 0x08, 0x64, 0x08, 0x64, 0x08, 0x64, 0x08, 0x64, 0x08, 0x64, 0x08, 0x64, 0x08,
  0xa4, 0x10, 0x64, 0x08, 0x64, 0x08, 0x64, 0x08, 0x64, 0x08, 0x64, 0x08, 0x64, 0x08, 0x64, 0x08, 0x64, 0x08, 0x64, 0x08, 0x64, 0x08, 0x64, 0x08, 0x64, 0x08, 0x64, 0x08, 0x64, 0x08, 0x64, 0x08,
  0x64, 0x08, 0x64, 0x08, 0x64, 0x08, 0x64, 0x08, 0x64, 0x08, 0x64, 0x08, 0x64, 0x08, 0x64, 0x08, 0x64, 0x08, 0x64, 0x08, 0x64, 0x08, 0x64, 0x08, 0x64, 0x08, 0x64, 0x08, 0x64, 0x08, 0x64, 0x08,
  0xa4, 0x10, 0x64, 0x08, 0x64, 0x08, 0x64, 0x08, 0x64, 0x08, 0x64, 0x08, 0x64, 0x08, 0x64, 0x08, 0x64, 0x08, 0x64, 0x08, 0x64, 0x08, 0x64, 0x08, 0x64, 0x08, 0x64, 0x08, 0x64, 0x08, 0x64, 0x08,
  0x64, 0x08, 0x64, 0x08, 0x64, 0x08, 0x47, 0x19, 0x64, 0x08, 0x64, 0x08, 0x64, 0x08, 0x64, 0x08, 0x64, 0x08, 0x64, 0x08, 0x64, 0x08, 0x64, 0x08, 0x64, 0x08, 0x64, 0x08, 0x64, 0x08, 0x64, 0x08,
  0xa4, 0x10, 0x64, 0x08, 0x64, 0x08, 0x64, 0x08, 0x64, 0x08, 0x64, 0x08, 0x64, 0x08, 0x64, 0x08, 0x64, 0x08, 0x64, 0x08, 0x64, 0x08, 0x64, 0x08, 0x64, 0x08, 0x64, 0x08, 0x64, 0x08, 0x64, 0x08,
  0x64, 0x08, 0x64, 0x08, 0x64, 0x08, 0x27, 0x19, 0x64, 0x08, 0x64, 0x08, 0x64, 0x08, 0x26, 0x19, 0x64, 0x08, 0x64, 0x08, 0x64, 0x08, 0x64, 0x08, 0x64, 0x08, 0x64, 0x08, 0x64, 0x08, 0x64, 0x08,
  0xa4, 0x10, 0x64, 0x08, 0x64, 0x08, 0x64, 0x08, 0x64, 0x08, 0x64, 0x08, 0x64, 0x08, 0x64, 0x08, 0x64, 0x08, 0x64, 0x08, 0x64, 0x08, 0x64, 0x08, 0x64, 0x08, 0x64, 0x08, 0x64, 0x08, 0x64, 0x08,
  0x64, 0x08, 0x64, 0x08, 0x64, 0x08, 0x64, 0x08, 0x64, 0x08, 0x64, 0x08, 0x64, 0x08, 0x64, 0x08, 0x64, 0x08, 0x64, 0x08, 0x64, 0x08, 0x64, 0x08, 0x64, 0x08, 0x64, 0x08, 0x64, 0x08, 0x64, 0x08,
  0xa4, 0x10, 0x64, 0x08, 0x64, 0x08, 0x64, 0x08, 0x64, 0x08, 0x64, 0x08, 0x64, 0x08, 0x64, 0x08, 0x64, 0x08, 0x64, 0x08, 0x64, 0x08, 0x43, 0x10, 0x00, 0x28, 0x82, 0x30, 0xfb, 0xde, 0xcb, 0x72,
  0x9a, 0xc6, 0xdf, 0xe7, 0x7e, 0xd7, 0x49, 0x52, 0xf0, 0x7b, 0x39, 0xae, 0x55, 0x95, 0xd7, 0x9d, 0x9a, 0xbe, 0x9e, 0xdf, 0x7d, 0xdf, 0xdf, 0xf7, 0xff, 0xff, 0xff, 0xff, 0xff, 0xff, 0xff, 0xff,
  0xff, 0xff, 0xff, 0xff, 0xff, 0xff, 0xff, 0xff, 0xff, 0xff, 0xff, 0xff, 0xbe, 0xef, 0x7e, 0xdf, 0x9e, 0xdf, 0x9e, 0xdf, 0x9e, 0xdf, 0x9e, 0xdf, 0x9e, 0xdf, 0x9e, 0xdf, 0x9e, 0xdf, 0x9e, 0xdf,
  0x9e, 0xdf, 0x9e, 0xdf, 0x9e, 0xdf, 0x9e, 0xdf, 0x9e, 0xdf, 0x9e, 0xdf, 0x9e, 0xdf, 0x9e, 0xdf, 0x9e, 0xdf, 0x9e, 0xdf, 0x9e, 0xdf, 0x9e, 0xdf, 0xdf, 0xf7, 0x9e, 0xe7, 0xbe, 0xe7, 0xbe, 0xef,
  0x9e, 0xdf, 0x9e, 0xdf, 0x9e, 0xdf, 0x9e, 0xdf, 0x9e, 0xdf, 0x9e, 0xe7, 0xdf, 0xf7, 0x9e, 0xdf, 0x9e, 0xdf, 0x9e, 0xdf, 0x9e, 0xdf, 0x9e, 0xe7, 0xdf, 0xf7, 0x9e, 0xdf, 0x9e, 0xdf, 0x9e, 0xdf,
  0x9e, 0xdf, 0x7d, 0xdf, 0xdb, 0xbe, 0x7a, 0xbe, 0xf8, 0xa5, 0xf8, 0xa5, 0x38, 0xae, 0xf3, 0x8c, 0xf0, 0x73, 0xf0, 0x73, 0x6f, 0x63, 0x0d, 0x63, 0x87, 0x39, 0x0d, 0x7b, 0xff, 0xff, 0xff, 0xff,
  0x59, 0xd6, 0x1c, 0xef, 0xb3, 0xac, 0x00, 0x18, 0x41, 0x38, 0xe5, 0x18, 0x64, 0x08, 0x64, 0x08, 0x64, 0x08, 0x64, 0x08, 0x64, 0x08, 0x64, 0x08, 0x64, 0x08, 0x64, 0x08, 0x47, 0x19, 0x64, 0x08,
  0x64, 0x08, 0x64, 0x08, 0x64, 0x08, 0x64, 0x08, 0x64, 0x08, 0x64, 0x08, 0x64, 0x08, 0x64, 0x08, 0x64, 0x08, 0x48, 0x19, 0x64, 0x08, 0x64, 0x08, 0x64, 0x08, 0x64, 0x08, 0x64, 0x08, 0x64, 0x08,
  0xa4, 0x10, 0x64, 0x08, 0x64, 0x08, 0x64, 0x08, 0x64, 0x08, 0x64, 0x08, 0x64, 0x08, 0x64, 0x08, 0x64, 0x08, 0x64, 0x08, 0x64, 0x08, 0x64, 0x08, 0x64, 0x08, 0x64, 0x08, 0x64, 0x08, 0x64, 0x08,
  0x64, 0x08, 0x64, 0x08, 0x64, 0x08, 0x64, 0x08, 0x64, 0x08, 0x64, 0x08, 0x64, 0x08, 0x64, 0x08, 0x64, 0x08, 0x64, 0x08, 0x64, 0x08, 0x64, 0x08, 0x64, 0x08, 0x64, 0x08, 0x64, 0x08, 0x64, 0x08,
  0xa4, 0x10, 0x64, 0x08, 0x64, 0x08, 0x64, 0x08, 0x64, 0x08, 0x64, 0x08, 0x64, 0x08, 0x64, 0x08, 0x64, 0x08, 0x64, 0x08, 0x64, 0x08, 0x64, 0x08, 0x64, 0x08, 0x64, 0x08, 0x64, 0x08, 0x64, 0x08,
  0x64, 0x08, 0x64, 0x08, 0x64, 0x08, 0x64, 0x08, 0x64, 0x08, 0x64, 0x08, 0x64, 0x08, 0x64, 0x08, 0x64, 0x08, 0x64, 0x08, 0x64, 0x08, 0x64, 0x08, 0x64, 0x08, 0x64, 0x08, 0x64, 0x08, 0x64, 0x08,
  0xa4, 0x10, 0x64, 0x08, 0x64, 0x08, 0x64, 0x08, 0x64, 0x08, 0x64, 0x08, 0x64, 0x08, 0x64, 0x08, 0x64, 0x08, 0x64, 0x08, 0x64, 0x08, 0x64, 0x08, 0x64, 0x08, 0x64, 0x08, 0x64, 0x08, 0x64, 0x08,
  0x64, 0x08, 0x64, 0x08, 0x64, 0x08, 0x64, 0x08, 0x64, 0x08, 0x64, 0x08, 0x64, 0x08, 0x64, 0x08, 0x64, 0x08, 0x64, 0x08, 0x64, 0x08, 0x64, 0x08, 0x64, 0x08, 0x64, 0x08, 0x64, 0x08, 0x64, 0x08,
  0xa4, 0x10, 0x64, 0x08, 0x64, 0x08, 0x64, 0x08, 0x64, 0x08, 0x64, 0x08, 0x64, 0x08, 0x64, 0x08, 0x64, 0x08, 0x64, 0x08, 0x64, 0x08, 0x64, 0x08, 0x64, 0x08, 0x64, 0x08, 0x64, 0x08, 0x64, 0x08,
  0x64, 0x08, 0x64, 0x08, 0x64, 0x08, 0x47, 0x19, 0x64, 0x08, 0x64, 0x08, 0x64, 0x08, 0x64, 0x08, 0x64, 0x08, 0x64, 0x08, 0x64, 0x08, 0x64, 0x08, 0x64, 0x08, 0x64, 0x08, 0x64, 0x08, 0x64, 0x08,
  0xa4, 0x10, 0x64, 0x08, 0x64, 0x08, 0x64, 0x08, 0x64, 0x08, 0x64, 0x08, 0x64, 0x08, 0x64, 0x08, 0x64, 0x08, 0x64, 0x08, 0x64, 0x08, 0x64, 0x08, 0x64, 0x08, 0x64, 0x08, 0x64, 0x08, 0x64, 0x08,
  0x64, 0x08, 0x64, 0x08, 0x64, 0x08, 0x27, 0x19, 0x64, 0x08, 0x64, 0x08, 0x64, 0x08, 0x26, 0x19, 0x64, 0x08, 0x64, 0x08, 0x64, 0x08, 0x64, 0x08, 0x64, 0x08, 0x64, 0x08, 0x64, 0x08, 0x64, 0x08,
  0xa4, 0x10, 0x64, 0x08, 0x64, 0x08, 0x64, 0x08, 0x64, 0x08, 0x64, 0x08, 0x64, 0x08, 0x64, 0x08, 0x64, 0x08, 0x64, 0x08, 0x64, 0x08, 0x64, 0x08, 0x64, 0x08, 0x64, 0x08, 0x64, 0x08, 0x64, 0x08,
  0x64, 0x08, 0x64, 0x08, 0x64, 0x08, 0x64, 0x08, 0x64, 0x08, 0x64, 0x08, 0x64, 0x08, 0x64, 0x08, 0x64, 0x08, 0x64, 0x08, 0x64, 0x08, 0x64, 0x08, 0x64, 0x08, 0x64, 0x08, 0x64, 0x08, 0x64, 0x08,
  0xa4, 0x10, 0x64, 0x08, 0x64, 0x08, 0x64, 0x08, 0x64, 0x08, 0x64, 0x08, 0x64, 0x08, 0x64, 0x08, 0x64, 0x08, 0x64, 0x08, 0x64, 0x08, 0x21, 0x28, 0x00, 0x18, 0xd3, 0xac, 0x72, 0x9c, 0xaf, 0x83,
  0x5d, 0xe7, 0xbe, 0xdf, 0x2d, 0x6b, 0xae, 0x73, 0x9a, 0xae, 0xf7, 0xa5, 0x18, 0xa6, 0x79, 0xb6, 0x7e, 0xdf, 0x5d, 0xdf, 0xbe, 0xef, 0xff, 0xff, 0xff, 0xff, 0xff, 0xff, 0xff, 0xff, 0xff, 0xff,
  0xff, 0xff, 0xff, 0xff, 0xff, 0xff, 0xff, 0xff, 0xff, 0xff, 0xbe, 0xef, 0x7e, 0xdf, 0x9e, 0xdf, 0x9e, 0xdf, 0x9e, 0xdf, 0x9e, 0xe7, 0x9e, 0xe7, 0x9e, 0xdf, 0x9e, 0xdf, 0x9e, 0xdf, 0x9e, 0xdf,
  0x9e, 0xdf, 0x9e, 0xdf, 0x9e, 0xdf, 0x9e, 0xdf, 0x9e, 0xdf, 0x9e, 0xdf, 0x9e, 0xdf, 0x9e, 0xdf, 0x9e, 0xdf, 0x9e, 0xdf, 0x9e, 0xdf, 0x9e, 0xdf, 0x9e, 0xdf, 0x9e, 0xdf, 0x9e, 0xe7, 0x9e, 0xdf,
  0x9e, 0xdf, 0x9e, 0xdf, 0x9e, 0xdf, 0x9e, 0xdf, 0x9e, 0xdf, 0x9e, 0xdf, 0x9e, 0xdf, 0x9e, 0xdf, 0x9e, 0xdf, 0x9e, 0xdf, 0x9e, 0xdf, 0x9e, 0xe7, 0xbe, 0xef, 0x9e, 0xdf, 0x9e, 0xdf, 0x9e, 0xdf,
  0x9e, 0xdf, 0x9e, 0xe7, 0x3c, 0xcf, 0xdb, 0xc6, 0x39, 0xae, 0x18, 0xa6, 0x18, 0xa6, 0xf7, 0xa5, 0xb3, 0x84, 0x11, 0x74, 0x93, 0x7c, 0x72, 0x7c, 0xb3, 0x7c, 0x8b, 0x52, 0xb2, 0xa4, 0xff, 0xff,
  0xbe, 0xff, 0x31, 0x9c, 0x7e, 0xf7, 0xc7, 0x59, 0x00, 0x20, 0xe4, 0x30, 0x84, 0x08, 0x64, 0x08, 0x64, 0x08, 0x64, 0x08, 0x64, 0x08, 0x64, 0x08, 0x64, 0x08, 0x64, 0x08, 0x47, 0x19, 0x64, 0x08,
  0x64, 0x08, 0x64, 0x08, 0x64, 0x08, 0x64, 0x08, 0x64, 0x08, 0x64, 0x08, 0x64, 0x08, 0x64, 0x08, 0x64, 0x08, 0x64, 0x08, 0x48, 0x19, 0x64, 0x08, 0x64, 0x08, 0x64, 0x08, 0x64, 0x08, 0x64, 0x08,
  0xa4, 0x10, 0x64, 0x08, 0x64, 0x08, 0x64, 0x08, 0x64, 0x08, 0x64, 0x08, 0x64, 0x08, 0x64, 0x08, 0x64, 0x08, 0x64, 0x08, 0x64, 0x08, 0x64, 0x08, 0x64, 0x08, 0x64, 0x08, 0x64, 0x08, 0x64, 0x08,
  0x64, 0x08, 0x64, 0x08, 0x64, 0x08, 0x64, 0x08, 0x64, 0x08, 0x64, 0x08, 0x64, 0x08, 0x64, 0x08, 0x64, 0x08, 0x64, 0x08, 0x64, 0x08, 0x64, 0x08, 0x64, 0x08, 0x64, 0x08, 0x64, 0x08, 0x64, 0x08,
  0xa4, 0x10, 0x64, 0x08, 0x64, 0x08, 0x64, 0x08, 0x64, 0x08, 0x64, 0x08, 0x64, 0x08, 0x64, 0x08, 0x64, 0x08, 0x64, 0x08, 0x64, 0x08, 0x64, 0x08, 0x64, 0x08, 0x64, 0x08, 0x64, 0x08, 0x64, 0x08,
  0x64, 0x08, 0x64, 0x08, 0x64, 0x08, 0x64, 0x08, 0x64, 0x08, 0x64, 0x08, 0x64, 0x08, 0x64, 0x08, 0x64, 0x08, 0x64, 0x08, 0x64, 0x08, 0x64, 0x08, 0x64, 0x08, 0x64, 0x08, 0x64, 0x08, 0x64, 0x08,
  0xa4, 0x10, 0x64, 0x08, 0x64, 0x08, 0x64, 0x08, 0x64, 0x08, 0x64, 0x08, 0x64, 0x08, 0x64, 0x08, 0x64, 0x08, 0x64, 0x08, 0x64, 0x08, 0x64, 0x08, 0x64, 0x08, 0x64, 0x08, 0x64, 0x08, 0x64, 0x08,
  0x64, 0x08, 0x64, 0x08, 0x64, 0x08, 0x64, 0x08, 0x64, 0x08, 0x64, 0x08, 0x64, 0x08, 0x64, 0x08, 0x64, 0x08, 0x64, 0x08, 0x64, 0x08, 0x64, 0x08, 0x64, 0x08, 0x64, 0x08, 0x64, 0x08, 0x64, 0x08,
  0xa4, 0x10, 0x64, 0x08, 0x64, 0x08, 0x64, 0x08, 0x64, 0x08, 0x64, 0x08, 0x64, 0x08, 0x64, 0x08, 0x64, 0x08, 0x64, 0x08, 0x64, 0x08, 0x64, 0x08, 0x64, 0x08, 0x64, 0x08, 0x64, 0x08, 0x64, 0x08,
  0x64, 0x08, 0x64, 0x08, 0x64, 0x08, 0x47, 0x19, 0x64, 0x08, 0x64, 0x08, 0x64, 0x08, 0x64, 0x08, 0x64, 0x08, 0x64, 0x08, 0x64, 0x08, 0x64, 0x08, 0x64, 0x08, 0x64, 0x08, 0x64, 0x08, 0x64, 0x08,
  0xa4, 0x10, 0x64, 0x08, 0x64, 0x08, 0x64, 0x08, 0x27, 0x19, 0x27, 0x19, 0x27, 0x19, 0x64, 0x08, 0x64, 0x08, 0x64, 0x08, 0x64, 0x08, 0x64, 0x08, 0x64, 0x08, 0x64, 0x08, 0x64, 0x08, 0x64, 0x08,
  0x64, 0x08, 0x64, 0x08, 0x64, 0x08, 0x27, 0x19, 0x64, 0x08, 0x64, 0x08, 0x64, 0x08, 0x26, 0x19, 0x64, 0x08, 0x64, 0x08, 0x64, 0x08, 0x64, 0x08, 0x64, 0x08, 0x64, 0x08, 0x64, 0x08, 0x64, 0x08,
  0xa4, 0x10, 0x64, 0x08, 0x64, 0x08, 0x64, 0x08, 0x64, 0x08, 0x64, 0x08, 0x64, 0x08, 0x64, 0x08, 0x64, 0x08, 0x64, 0x08, 0x64, 0x08, 0x64, 0x08, 0x64, 0x08, 0x64, 0x08, 0x64, 0x08, 0x64, 0x08,
  0x64, 0x08, 0x64, 0x08, 0x64, 0x08, 0x64, 0x08, 0x64, 0x08, 0x64, 0x08, 0x64, 0x08, 0x64, 0x08, 0x64, 0x08, 0x64, 0x08, 0x64, 0x08, 0x64, 0x08, 0x64, 0x08, 0x64, 0x08, 0x64, 0x08, 0x64, 0x08,
  0xa4, 0x10, 0x64, 0x08, 0x64, 0x08, 0x64, 0x08, 0x64, 0x08, 0x64, 0x08, 0x64, 0x08, 0x64, 0x08, 0x64, 0x08, 0x64, 0x08, 0x43, 0x10, 0x00, 0x28, 0x45, 0x49, 0xdb, 0xde, 0x08, 0x5a, 0xd7, 0xbd,
  0x3c, 0xdf, 0x73, 0x8c, 0x09, 0x52, 0x39, 0xa6, 0xd7, 0xa5, 0xf8, 0xa5, 0x18, 0xae, 0x5d, 0xd7, 0x7d, 0xdf, 0x9e, 0xe7, 0xff, 0xff, 0xff, 0xff, 0xff, 0xff, 0xff, 0xff, 0xff, 0xff, 0xff, 0xff,
  0xff, 0xff, 0xff, 0xff, 0xff, 0xff, 0xff, 0xff, 0xdf, 0xf7, 0x7d, 0xdf, 0x9e, 0xdf, 0x9e, 0xdf, 0x9e, 0xdf, 0x7d, 0xdf, 0x9e, 0xe7, 0xbe, 0xe7, 0x9e, 0xdf, 0x9e, 0xdf, 0x9e, 0xdf, 0x9e, 0xdf,
  0x9e, 0xdf, 0x9e, 0xdf, 0x9e, 0xdf, 0x9e, 0xdf, 0x9e, 0xdf, 0x9e, 0xdf, 0x9e, 0xdf, 0x9e, 0xdf, 0x9e, 0xdf, 0x9e, 0xe7, 0x9e, 0xdf, 0x9e, 0xdf, 0x9e, 0xdf, 0x9e, 0xdf, 0x9e, 0xdf, 0x9e, 0xdf,
  0x9e, 0xdf, 0xbe, 0xe7, 0x9e, 0xe7, 0x9e, 0xdf, 0x9e, 0xdf, 0x9e, 0xdf, 0x9e, 0xdf, 0x9e, 0xdf, 0x9e, 0xdf, 0x9e, 0xdf, 0x9e, 0xdf, 0x9e, 0xdf, 0x9e, 0xdf, 0x9e, 0xdf, 0x9e, 0xdf, 0x9e, 0xdf,
  0x9e, 0xdf, 0x7e, 0xdf, 0x9e, 0xe7, 0xdb, 0xc6, 0xbb, 0xc6, 0x59, 0xae, 0x38, 0xae, 0x38, 0xa6, 0x75, 0x95, 0xb3, 0x84, 0xd3, 0x84, 0x15, 0x8d, 0xd4, 0x84, 0xb3, 0x7c, 0xe8, 0x49, 0x38, 0xd6,
  0xff, 0xff, 0x35, 0xb5, 0x31, 0x9c, 0x38, 0xce, 0x00, 0x18, 0x41, 0x30, 0x06, 0x21, 0x64, 0x08, 0x64, 0x08, 0x64, 0x08, 0x64, 0x08, 0x64, 0x08, 0x64, 0x08, 0x64, 0x08, 0x47, 0x19, 0x64, 0x08,
  0x64, 0x08, 0x64, 0x08, 0x64, 0x08, 0x64, 0x08, 0x64, 0x08, 0x64, 0x08, 0x64, 0x08, 0x64, 0x08, 0x64, 0x08, 0x64, 0x08, 0x64, 0x08, 0x48, 0x19, 0x64, 0x08, 0x64, 0x08, 0x64, 0x08, 0x64, 0x08,
  0xa4, 0x10, 0x64, 0x08, 0x64, 0x08, 0x64, 0x08, 0x64, 0x08, 0x64, 0x08, 0x64, 0x08, 0x64, 0x08, 0x64, 0x08, 0x64, 0x08, 0x64, 0x08, 0x64, 0x08, 0x64, 0x08, 0x64, 0x08, 0x64, 0x08, 0x64, 0x08,
  0x64, 0x08, 0x64, 0x08, 0x64, 0x08, 0x64, 0x08, 0x64, 0x08, 0x64, 0x08, 0x64, 0x08, 0x64, 0x08, 0x64, 0x08, 0x64, 0x08, 0x64, 0x08, 0x64, 0x08, 0x64, 0x08, 0x64, 0x08, 0x64, 0x08, 0x64, 0x08,
  0xa4, 0x10, 0x64, 0x08, 0x64, 0x08, 0x64, 0x08, 0x64, 0x08, 0x64, 0x08, 0x64, 0x08, 0x64, 0x08, 0x64, 0x08, 0x64, 0x08, 0x64, 0x08, 0x64, 0x08, 0x64, 0x08, 0x64, 0x08, 0x64, 0x08, 0x64, 0x08,
  0x64, 0x08, 0x64, 0x08, 0x64, 0x08, 0x64, 0x08, 0x64, 0x08, 0x64, 0x08, 0x64, 0x08, 0x64, 0x08, 0x64, 0x08, 0x64, 0x08, 0x64, 0x08, 0x64, 0x08, 0x64, 0x08, 0x64, 0x08, 0x64, 0x08, 0x64, 0x08,
  0xa4, 0x10, 0x64, 0x08, 0x64, 0x08, 0x64, 0x08, 0x64, 0x08, 0x64, 0x08, 0x64, 0x08, 0x64, 0x08, 0x64, 0x08, 0x64, 0x08, 0x64, 0x08, 0x64, 0x08, 0x64, 0x08, 0x64, 0x08, 0x64, 0x08, 0x64, 0x08,
  0x64, 0x08, 0x64, 0x08, 0x64, 0x08, 0x64, 0x08, 0x64, 0x08, 0x64, 0x08, 0x64, 0x08, 0x64, 0x08, 0x64, 0x08, 0x64, 0x08, 0x64, 0x08, 0x64, 0x08, 0x64, 0x08, 0x64, 0x08, 0x64, 0x08, 0x64, 0x08,
  0xa4, 0x10, 0x64, 0x08, 0x64, 0x08, 0x64, 0x08, 0x64, 0x08, 0x64, 0x08, 0x64, 0x08, 0x64, 0x08, 0x64, 0x08, 0x64, 0x08, 0x64, 0x08, 0x64, 0x08, 0x64, 0x08, 0x64, 0x08, 0x64, 0x08, 0x64, 0x08,
  0x64, 0x08, 0x64, 0x08, 0x64, 0x08, 0x47, 0x19, 0x64, 0x08, 0x64, 0x08, 0x64, 0x08, 0x64, 0x08, 0x64, 0x08, 0x64, 0x08, 0x64, 0x08, 0x64, 0x08, 0x64, 0x08, 0x64, 0x08, 0x64, 0x08, 0x64, 0x08,
  0xa4, 0x10, 0x64, 0x08, 0x64, 0x08, 0x27, 0x19, 0x64, 0x08, 0x64, 0x08, 0x64, 0x08, 0x27, 0x19, 0x64, 0x08, 0x64, 0x08, 0x64, 0x08, 0x64, 0x08, 0x64, 0x08, 0x64, 0x08, 0x64, 0x08, 0x64, 0x08,
  0x64, 0x08, 0x64, 0x08, 0x64, 0x08, 0x27, 0x19, 0x64, 0x08, 0x64, 0x08, 0x64, 0x08, 0x26, 0x19, 0x64, 0x08, 0x64, 0x08, 0x64, 0x08, 0x64, 0x08, 0x64, 0x08, 0x64, 0x08, 0x64, 0x08, 0x64, 0x08,
  0xa4, 0x10, 0x64, 0x08, 0x64, 0x08, 0x64, 0x08, 0x64, 0x08, 0x64, 0x08, 0x64, 0x08, 0x64, 0x08, 0x64, 0x08, 0x64, 0x08, 0x64, 0x08, 0x64, 0x08, 0x64, 0x08, 0x64, 0x08, 0x64, 0x08, 0x64, 0x08,
  0x64, 0x08, 0x64, 0x08, 0x64, 0x08, 0x64, 0x08, 0x64, 0x08, 0x64, 0x08, 0x64, 0x08, 0x64, 0x08, 0x64, 0x08, 0x64, 0x08, 0x64, 0x08, 0x64, 0x08, 0x64, 0x08, 0x64, 0x08, 0x64, 0x08, 0x64, 0x08,
  0xa4, 0x10, 0x64, 0x08, 0x64, 0x08, 0x64, 0x08, 0x64, 0x08, 0x64, 0x08, 0x64, 0x08, 0x64, 0x08, 0x64, 0x08, 0x64, 0x08, 0x41, 0x20, 0x00, 0x18, 0xf3, 0xac, 0xcf, 0x93, 0xab, 0x6a, 0x17, 0xbe,
  0x7a, 0xbe, 0x04, 0x39, 0x52, 0x84, 0x35, 0x95, 0xd7, 0xa5, 0xf8, 0xa5, 0xfb, 0xc6, 0x9e, 0xdf, 0x5d, 0xdf, 0xdf, 0xff, 0xff, 0xff, 0xff, 0xff, 0xff, 0xff, 0xff, 0xff, 0xff, 0xff, 0xff, 0xff,
  0xff, 0xff, 0xff, 0xff, 0xff, 0xff, 0xff, 0xff, 0x9e, 0xdf, 0x7e, 0xdf, 0x9e, 0xdf, 0x9e, 0xdf, 0x9e, 0xdf, 0x9e, 0xdf, 0x9e, 0xdf, 0x9e, 0xdf, 0x9e, 0xdf, 0x9e, 0xdf, 0x9e, 0xdf, 0x9e, 0xdf,
  0x9e, 0xdf, 0x7d, 0xdf, 0x7d, 0xdf, 0x7d, 0xdf, 0x7d, 0xdf, 0x7d, 0xdf, 0x7d, 0xdf, 0x7d, 0xdf, 0x7d, 0xdf, 0x7e, 0xe7, 0x5d, 0xdf, 0x7d, 0xdf, 0x7d, 0xdf, 0x7e, 0xdf, 0x7d, 0xdf, 0x7d, 0xdf,
  0x7e, 0xdf, 0xff, 0xff, 0xff, 0xf7, 0x9e, 0xdf, 0x9e, 0xdf, 0x9e, 0xdf, 0x9e, 0xdf, 0x9e, 0xdf, 0x9e, 0xdf, 0x9e, 0xdf, 0x9e, 0xdf, 0x9e, 0xdf, 0x9e, 0xdf, 0x9e, 0xdf, 0x9e, 0xdf, 0x9e, 0xdf,
  0x9e, 0xdf, 0x9e, 0xdf, 0x9e, 0xdf, 0x5d, 0xd7, 0xdb, 0xc6, 0x9a, 0xbe, 0x9a, 0xb6, 0x18, 0xa6, 0x18, 0xa6, 0x75, 0x95, 0x97, 0x9d, 0x15, 0x8d, 0xf4, 0x84, 0xb3, 0x84, 0x2d, 0x5b, 0xc8, 0x51,
  0xbe, 0xff, 0x1c, 0xe7, 0x29, 0x62, 0xba, 0xde, 0xc7, 0x61, 0x00, 0x20, 0x05, 0x31, 0x64, 0x08, 0x64, 0x08, 0x64, 0x08, 0x64, 0x08, 0x64, 0x08, 0x64, 0x08, 0x64, 0x08, 0x47, 0x19, 0x64, 0x08,
  0x64, 0x08, 0x64, 0x08, 0x64, 0x08, 0x64, 0x08, 0x64, 0x08, 0x64, 0x08, 0x64, 0x08, 0x64, 0x08, 0x64, 0x08, 0x64, 0x08, 0x64, 0x08, 0x64, 0x08, 0x48, 0x19, 0x64, 0x08, 0x64, 0x08, 0x64, 0x08,
  0xa4, 0x10, 0x64, 0x08, 0x64, 0x08, 0x64, 0x08, 0x64, 0x08, 0x64, 0x08, 0x64, 0x08, 0x64, 0x08, 0x64, 0x08, 0x64, 0x08, 0x64, 0x08, 0x64, 0x08, 0x64, 0x08, 0x64, 0x08, 0x64, 0x08, 0x64, 0x08,
  0x64, 0x08, 0x64, 0x08, 0x64, 0x08, 0x64, 0x08, 0x64, 0x08, 0x64, 0x08, 0x64, 0x08, 0x64, 0x08, 0x64, 0x08, 0x64, 0x08, 0x64, 0x08, 0x64, 0x08, 0x64, 0x08, 0x64, 0x08, 0x64, 0x08, 0x64, 0x08,
  0xa4, 0x10, 0x64, 0x08, 0x64, 0x08, 0x64, 0x08, 0x64, 0x08, 0x64, 0x08, 0x64, 0x08, 0x64, 0x08, 0x64, 0x08, 0x64, 0x08, 0x64, 0x08, 0x64, 0x08, 0x64, 0x08, 0x64, 0x08, 0x64, 0x08, 0x64, 0x08,
  0x64, 0x08, 0x64, 0x08, 0x64, 0x08, 0x64, 0x08, 0x64, 0x08, 0x64, 0x08, 0x64, 0x08, 0x64, 0x08, 0x64, 0x08, 0x64, 0x08, 0x64, 0x08, 0x64, 0x08, 0x64, 0x08, 0x64, 0x08, 0x64, 0x08, 0x64, 0x08,
  0xa4, 0x10, 0x64, 0x08, 0x64, 0x08, 0x64, 0x08, 0x64, 0x08, 0x64, 0x08, 0x64, 0x08, 0x64, 0x08, 0x64, 0x08, 0x64, 0x08, 0x64, 0x08, 0x64, 0x08, 0x64, 0x08, 0x64, 0x08, 0x64, 0x08, 0x64, 0x08,
  0x64, 0x08, 0x64, 0x08, 0x64, 0x08, 0x64, 0x08, 0x64, 0x08, 0x64, 0x08, 0x64, 0x08, 0x64, 0x08, 0x64, 0x08, 0x64, 0x08, 0x64, 0x08, 0x64, 0x08, 0x64, 0x08, 0x64, 0x08, 0x64, 0x08, 0x64, 0x08,
  0xa4, 0x10, 0x64, 0x08, 0x64, 0x08, 0x64, 0x08, 0x64, 0x08, 0x64, 0x08, 0x64, 0x08, 0x64, 0x08, 0x64, 0x08, 0x64, 0x08, 0x64, 0x08, 0x64, 0x08, 0x64, 0x08, 0x64, 0x08, 0x64, 0x08, 0x64, 0x08,
  0x64, 0x08, 0x64, 0x08, 0x64, 0x08, 0x47, 0x19, 0x64, 0x08, 0x64, 0x08, 0x64, 0x08, 0x64, 0x08, 0x64, 0x08, 0x64, 0x08, 0x64, 0x08, 0x64, 0x08, 0x64, 0x08, 0x64, 0x08, 0x64, 0x08, 0x64, 0x08,
  0xa4, 0x10, 0x64, 0x08, 0x27, 0x19, 0x64, 0x08, 0x64, 0x08, 0x64, 0x08, 0x64, 0x08, 0x64, 0x08, 0x27, 0x19, 0x64, 0x08, 0x64, 0x08, 0x64, 0x08, 0x64, 0x08, 0x64, 0x08, 0x64, 0x08, 0x64, 0x08,
  0x64, 0x08, 0x64, 0x08, 0x64, 0x08, 0x27, 0x19, 0x64, 0x08, 0x64, 0x08, 0x64, 0x08, 0x26, 0x19, 0x64, 0x08, 0x64, 0x08, 0x64, 0x08, 0x64, 0x08, 0x64, 0x08, 0x64, 0x08, 0x64, 0x08, 0x64, 0x08,
  0xa4, 0x10, 0x64, 0x08, 0x64, 0x08, 0x64, 0x08, 0x64, 0x08, 0x64, 0x08, 0x64, 0x08, 0x64, 0x08, 0x64, 0x08, 0x64, 0x08, 0x64, 0x08, 0x64, 0x08, 0x64, 0x08, 0x64, 0x08, 0x64, 0x08, 0x64, 0x08,
  0x64, 0x08, 0x64, 0x08, 0x64, 0x08, 0x64, 0x08, 0x64, 0x08, 0x64, 0x08, 0x64, 0x08, 0x64, 0x08, 0x64, 0x08, 0x64, 0x08, 0x64, 0x08, 0x64, 0x08, 0x64, 0x08, 0x64, 0x08, 0x64, 0x08, 0x64, 0x08,
  0xa4, 0x10, 0x64, 0x08, 0x64, 0x08, 0x64, 0x08, 0x64, 0x08, 0x64, 0x08, 0x64, 0x08, 0x64, 0x08, 0x64, 0x08, 0x63, 0x10, 0x00, 0x28, 0x82, 0x30, 0x59, 0xd6, 0x25, 0x49, 0x2d, 0x73, 0x1c, 0xd7,
  0x8b, 0x5a, 0xa7, 0x49, 0x52, 0x7c, 0x14, 0x8d, 0xf8, 0xa5, 0x59, 0xae, 0x7d, 0xdf, 0x7d, 0xdf, 0x9e, 0xef, 0xff, 0xff, 0xff, 0xff, 0xff, 0xff, 0xff, 0xff, 0xff, 0xff, 0xff, 0xff, 0xff, 0xff,
  0xff, 0xff, 0xff, 0xff, 0xff, 0xff, 0xbe, 0xef, 0x7d, 0xdf, 0x7e, 0xdf, 0xbe, 0xef, 0xbe, 0xef, 0x9e, 0xdf, 0x9e, 0xdf, 0x9e, 0xdf, 0x9e, 0xdf, 0x7e, 0xdf, 0x7d, 0xdf, 0x7d, 0xdf, 0x9e, 0xdf,
  0xbe, 0xdf, 0xff, 0xe7, 0xff, 0xe7, 0xff, 0xef, 0xff, 0xef, 0xff, 0xef, 0xff, 0xef, 0xff, 0xef, 0xff, 0xef, 0xff, 0xef, 0xff, 0xef, 0xff, 0xef, 0xff, 0xef, 0xff, 0xef, 0xff, 0xef, 0xff, 0xe7,
  0xbf, 0xe7, 0xbf, 0xef, 0x9e, 0xe7, 0x5d, 0xdf, 0x7d, 0xdf, 0x9e, 0xdf, 0x9e, 0xdf, 0x9e, 0xdf, 0x9e, 0xdf, 0x9e, 0xdf, 0x9e, 0xdf, 0x9e, 0xdf, 0x9e, 0xdf, 0xbe, 0xe7, 0xdf, 0xef, 0x9e, 0xdf,
  0x9e, 0xdf, 0x9e, 0xdf, 0x7e, 0xdf, 0x9e, 0xe7, 0x1c, 0xc7, 0xfc, 0xc6, 0xba, 0xbe, 0x79, 0xb6, 0x18, 0xa6, 0x38, 0xae, 0xf8, 0xa5, 0x76, 0x95, 0x15, 0x8d, 0x72, 0x7c, 0xaf, 0x6b, 0x46, 0x39,
  0x92, 0xa4, 0xff, 0xff, 0x6a, 0x6a, 0x31, 0x9c, 0x14, 0xb5, 0x00, 0x18, 0xa3, 0x38, 0xe6, 0x18, 0x64, 0x08, 0x64, 0x08, 0x64, 0x08, 0x64, 0x08, 0x64, 0x08, 0x64, 0x08, 0x47, 0x19, 0x64, 0x08,
  0x64, 0x08, 0x64, 0x08, 0x64, 0x08, 0x64, 0x08, 0x64, 0x08, 0x64, 0x08, 0x64, 0x08, 0x64, 0x08, 0x64, 0x08, 0x64, 0x08, 0x64, 0x08, 0x64, 0x08, 0x64, 0x08, 0x48, 0x19, 0x64, 0x08, 0x64, 0x08,
  0xa4, 0x10, 0x64, 0x08, 0x64, 0x08, 0x64, 0x08, 0x64, 0x08, 0x64, 0x08, 0x64, 0x08, 0x64, 0x08, 0x64, 0x08, 0x64, 0x08, 0x64, 0x08, 0x64, 0x08, 0x64, 0x08, 0x64, 0x08, 0x64, 0x08, 0x64, 0x08,
  0x64, 0x08, 0x64, 0x08, 0x64, 0x08, 0x64, 0x08, 0x64, 0x08, 0x64, 0x08, 0x64, 0x08, 0x64, 0x08, 0x64, 0x08, 0x64, 0x08, 0x64, 0x08, 0x64, 0x08, 0x64, 0x08, 0x64, 0x08, 0x64, 0x08, 0x64, 0x08,
  0xa4, 0x10, 0x64, 0x08, 0x64, 0x08, 0x64, 0x08, 0x64, 0x08, 0x64, 0x08, 0x64, 0x08, 0x64, 0x08, 0x64, 0x08, 0x64, 0x08, 0x64, 0x08, 0x64, 0x08, 0x64, 0x08, 0x64, 0x08, 0x64, 0x08, 0x64, 0x08,
  0x64, 0x08, 0x64, 0x08, 0x64, 0x08, 0x64, 0x08, 0x64, 0x08, 0x64, 0x08, 0x64, 0x08, 0x64, 0x08, 0x64, 0x08, 0x64, 0x08, 0x64, 0x08, 0x64, 0x08, 0x64, 0x08, 0x64, 0x08, 0x64, 0x08, 0x64, 0x08,
  0xa4, 0x10, 0x64, 0x08, 0x64, 0x08, 0x64, 0x08, 0x64, 0x08, 0x64, 0x08, 0x64, 0x08, 0x64, 0x08, 0x64, 0x08, 0x64, 0x08, 0x64, 0x08, 0x64, 0x08, 0x64, 0x08, 0x64, 0x08, 0x64, 0x08, 0x64, 0x08,
  0x64, 0x08, 0x64, 0x08, 0x64, 0x08, 0x64, 0x08, 0x64, 0x08, 0x64, 0x08, 0x64, 0x08, 0x64, 0x08, 0x64, 0x08, 0x64, 0x08, 0x64, 0x08, 0x64, 0x08, 0x64, 0x08, 0x64, 0x08, 0x64, 0x08, 0x64, 0x08,
  0xa4, 0x10, 0x64, 0x08, 0x64, 0x08, 0x64, 0x08, 0x64, 0x08, 0x64, 0x08, 0x64, 0x08, 0x64, 0x08, 0x64, 0x08, 0x64, 0x08, 0x64, 0x08, 0x64, 0x08, 0x64, 0x08, 0x64, 0x08, 0x64, 0x08, 0x64, 0x08,
  0x64, 0x08, 0x64, 0x08, 0x64, 0x08, 0x47, 0x19, 0x64, 0x08, 0x64, 0x08, 0x64, 0x08, 0x64, 0x08, 0x64, 0x08, 0x64, 0x08, 0x64, 0x08, 0x64, 0x08, 0x64, 0x08, 0x64, 0x08, 0x64, 0x08, 0x64, 0x08,
  0xa4, 0x10, 0x64, 0x08, 0x27, 0x19, 0x64, 0x08, 0x64, 0x08, 0x27, 0x19, 0x64, 0x08, 0x64, 0x08, 0x27, 0x19, 0x64, 0x08, 0x64, 0x08, 0x64, 0x08, 0x64, 0x08, 0x64, 0x08, 0x64, 0x08, 0x64, 0x08,
  0x64, 0x08, 0x64, 0x08, 0x64, 0x08, 0x27, 0x19, 0x64, 0x08, 0x64, 0x08, 0x64, 0x08, 0x26, 0x19, 0x64, 0x08, 0x64, 0x08, 0x64, 0x08, 0x64, 0x08, 0x64, 0x08, 0x64, 0x08, 0x64, 0x08, 0x64, 0x08,
  0xa4, 0x10, 0x64, 0x08, 0x64, 0x08, 0x64, 0x08, 0x64, 0x08, 0x64, 0x08, 0x64, 0x08, 0x64, 0x08, 0x64, 0x08, 0x64, 0x08, 0x64, 0x08, 0x64, 0x08, 0x64, 0x08, 0x64, 0x08, 0x64, 0x08, 0x64, 0x08,
  0x64, 0x08, 0x64, 0x08, 0x64, 0x08, 0x64, 0x08, 0x64, 0x08, 0x64, 0x08, 0x64, 0x08, 0x64, 0x08, 0x64, 0x08, 0x64, 0x08, 0x64, 0x08, 0x64, 0x08, 0x64, 0x08, 0x64, 0x08, 0x64, 0x08, 0x06, 0x19,
  0xa4, 0x10, 0x63, 0x08, 0x63, 0x08, 0x63, 0x08, 0x63, 0x08, 0x63, 0x08, 0x63, 0x08, 0x63, 0x08, 0x63, 0x08, 0x62, 0x18, 0x00, 0x20, 0xeb, 0x72, 0x14, 0xb5, 0x00, 0x20, 0x51, 0x8c, 0xf8, 0xad,
  0x62, 0x30, 0x49, 0x52, 0x10, 0x7c, 0x96, 0x9d, 0xf7, 0xa5, 0xfb, 0xc6, 0x9e, 0xe7, 0x9e, 0xe7, 0xdf, 0xff, 0xff, 0xff, 0xff, 0xff, 0xff, 0xff, 0xff, 0xff, 0xff, 0xff, 0xff, 0xff, 0xff, 0xff,
  0xff, 0xff, 0xff, 0xff, 0xdf, 0xf7, 0x7d, 0xdf, 0x9e, 0xdf, 0x7e, 0xdf, 0x9e, 0xdf, 0x9e, 0xdf, 0x9e, 0xdf, 0x7d, 0xdf, 0x7e, 0xdf, 0xbe, 0xdf, 0xff, 0xe7, 0xff, 0xef, 0xff, 0xef, 0xdf, 0xe7,
  0x3c, 0xd7, 0x59, 0xc6, 0x76, 0xad, 0xb2, 0x9c, 0xf0, 0x83, 0x6e, 0x7b, 0x2c, 0x73, 0xec, 0x72, 0xec, 0x72, 0xec, 0x72, 0x0c, 0x73, 0x4d, 0x73, 0xae, 0x83, 0x51, 0x8c, 0x14, 0xa5, 0xd7, 0xb5,
  0x9a, 0xc6, 0x5d, 0xd7, 0xff, 0xe7, 0xff, 0xef, 0xdf, 0xe7, 0x7d, 0xdf, 0x7d, 0xdf, 0x7d, 0xdf, 0x7d, 0xdf, 0x9e, 0xe7, 0x9e, 0xdf, 0x9e, 0xdf, 0x9e, 0xdf, 0xbe, 0xef, 0xdf, 0xf7, 0x9e, 0xdf,
  0x9e, 0xdf, 0x9e, 0xdf, 0x9e, 0xdf, 0x9e, 0xdf, 0x5d, 0xd7, 0x3c, 0xcf, 0xdb, 0xc6, 0xdb, 0xc6, 0xf8, 0xa5, 0x59, 0xb6, 0x59, 0xae, 0xb7, 0x9d, 0x56, 0x95, 0x11, 0x74, 0x6f, 0x63, 0x29, 0x4a,
  0x05, 0x41, 0xff, 0xff, 0xcf, 0x8b, 0xe4, 0x38, 0xdb, 0xde, 0x41, 0x30, 0x20, 0x30, 0x26, 0x29, 0x63, 0x08, 0x63, 0x08, 0x63, 0x08, 0x63, 0x08, 0x63, 0x08, 0x63, 0x08, 0x47, 0x19, 0x63, 0x08,
  0x63, 0x08, 0x63, 0x08, 0x63, 0x08, 0x63, 0x08, 0x63, 0x08, 0x63, 0x08, 0x63, 0x08, 0x63, 0x08, 0x63, 0x08, 0x63, 0x08, 0x63, 0x08, 0x63, 0x08, 0x63, 0x08, 0x63, 0x08, 0x48, 0x19, 0x63, 0x08,
  0xa4, 0x10, 0x63, 0x08, 0x63, 0x08, 0x63, 0x08, 0x63, 0x08, 0x63, 0x08, 0x63, 0x08, 0x63, 0x08, 0x63, 0x08, 0x63, 0x08, 0x63, 0x08, 0x63, 0x08, 0x63, 0x08, 0x63, 0x08, 0x63, 0x08, 0x63, 0x08,
  0x63, 0x08, 0x63, 0x08, 0x63, 0x08, 0x63, 0x08, 0x63, 0x08, 0x63, 0x08, 0x63, 0x08, 0x63, 0x08, 0x63, 0x08, 0x63, 0x08, 0x63, 0x08, 0x63, 0x08, 0x63, 0x08, 0x63, 0x08, 0x63, 0x08, 0x63, 0x08,
  0xa4, 0x10, 0x63, 0x08, 0x63, 0x08, 0x63, 0x08, 0x63, 0x08, 0x63, 0x08, 0x63, 0x08, 0x63, 0x08, 0x63, 0x08, 0x63, 0x08, 0x63, 0x08, 0x63, 0x08, 0x63, 0x08, 0x63, 0x08, 0x63, 0x08, 0x63, 0x08,
  0x63, 0x08, 0x63, 0x08, 0x63, 0x08, 0x63, 0x08, 0x63, 0x08, 0x63, 0x08, 0x63, 0x08, 0x63, 0x08, 0x63, 0x08, 0x63, 0x08, 0x63, 0x08, 0x63, 0x08, 0x63, 0x08, 0x63, 0x08, 0x63, 0x08, 0x63, 0x08,
  0xa4, 0x10, 0x63, 0x08, 0x63, 0x08, 0x63, 0x08, 0x63, 0x08, 0x63, 0x08, 0x63, 0x08, 0x63, 0x08, 0x63, 0x08, 0x63, 0x08, 0x63, 0x08, 0x63, 0x08, 0x63, 0x08, 0x63, 0x08, 0x63, 0x08, 0x63, 0x08,
  0x63, 0x08, 0x63, 0x08, 0x63, 0x08, 0x63, 0x08, 0x63, 0x08, 0x63, 0x08, 0x63, 0x08, 0x63, 0x08, 0x63, 0x08, 0x63, 0x08, 0x63, 0x08, 0x63, 0x08, 0x63, 0x08, 0x63, 0x08, 0x63, 0x08, 0x63, 0x08,
  0xa4, 0x10, 0x63, 0x08, 0x63, 0x08, 0x63, 0x08, 0x63, 0x08, 0x63, 0x08, 0x63, 0x08, 0x63, 0x08, 0x63, 0x08, 0x63, 0x08, 0x63, 0x08, 0x63, 0x08, 0x63, 0x08, 0x63, 0x08, 0x63, 0x08, 0x63, 0x08,
  0x63, 0x08, 0x63, 0x08, 0x63, 0x08, 0x47, 0x19, 0x63, 0x08, 0x63, 0x08, 0x63, 0x08, 0x63, 0x08, 0x63, 0x08, 0x63, 0x08, 0x63, 0x08, 0x63, 0x08, 0x63, 0x08, 0x63, 0x08, 0x63, 0x08, 0x63, 0x08,
  0xa4, 0x10, 0x63, 0x08, 0x27, 0x19, 0x63, 0x08, 0x27, 0x19, 0x63, 0x08, 0x63, 0x08, 0x63, 0x08, 0x27, 0x19, 0x63, 0x08, 0x63, 0x08, 0x63, 0x08, 0x63, 0x08, 0x63, 0x08, 0x63, 0x08, 0x63, 0x08,
  0x63, 0x08, 0x63, 0x08, 0x63, 0x08, 0x27, 0x19, 0x63, 0x08, 0x63, 0x08, 0x63, 0x08, 0x26, 0x19, 0x63, 0x08, 0x63, 0x08, 0x63, 0x08, 0x63, 0x08, 0x63, 0x08, 0x63, 0x08, 0x63, 0x08, 0x63, 0x08,
  0xa4, 0x10, 0x63, 0x08, 0x63, 0x08, 0x63, 0x08, 0x63, 0x08, 0x63, 0x08, 0x63, 0x08, 0x63, 0x08, 0x63, 0x08, 0x63, 0x08, 0x63, 0x08, 0x63, 0x08, 0x63, 0x08, 0x63, 0x08, 0x63, 0x08, 0x63, 0x08,
  0x63, 0x08, 0x63, 0x08, 0x63, 0x08, 0x63, 0x08, 0x63, 0x08, 0x63, 0x08, 0x63, 0x08, 0x63, 0x08, 0x63, 0x08, 0x63, 0x08, 0x63, 0x08, 0x63, 0x08, 0x63, 0x08, 0x63, 0x08, 0x06, 0x19, 0x63, 0x08,
  0xa4, 0x10, 0x63, 0x08, 0x63, 0x08, 0x63, 0x08, 0x63, 0x08, 0x63, 0x08, 0x63, 0x08, 0x63, 0x08, 0x63, 0x08, 0x41, 0x20, 0x00, 0x18, 0x14, 0xa5, 0xec, 0x72, 0x00, 0x20, 0xf8, 0xad, 0xec, 0x62,
  0x41, 0x28, 0x49, 0x52, 0xb3, 0x84, 0xb7, 0x9d, 0x38, 0xae, 0x5d, 0xd7, 0x9e, 0xe7, 0xbe, 0xef, 0xff, 0xff, 0xff, 0xff, 0xff, 0xff, 0xff, 0xff, 0xff, 0xff, 0xff, 0xff, 0xff, 0xff, 0xff, 0xff,
  0xff, 0xff, 0xff, 0xff, 0x9e, 0xe7, 0x7e, 0xdf, 0x9e, 0xdf, 0x9e, 0xdf, 0x7d, 0xdf, 0x7d, 0xdf, 0xdf, 0xdf, 0xff, 0xef, 0xff, 0xef, 0x5d, 0xd7, 0xb7, 0xb5, 0xf0, 0x83, 0x6a, 0x62, 0x45, 0x51,
  0xa2, 0x40, 0x81, 0x40, 0xc2, 0x48, 0x23, 0x59, 0xa4, 0x61, 0xe5, 0x69, 0x05, 0x72, 0x66, 0x7a, 0x66, 0x7a, 0x46, 0x7a, 0x46, 0x7a, 0x06, 0x72, 0xe5, 0x69, 0x63, 0x59, 0x02, 0x51, 0xc2, 0x48,
  0xc2, 0x40, 0xe3, 0x48, 0xc7, 0x59, 0x0c, 0x73, 0x18, 0xbe, 0xbe, 0xdf, 0x9e, 0xdf, 0xff, 0xef, 0xff, 0xe7, 0x9e, 0xe7, 0x7d, 0xdf, 0x7e, 0xdf, 0x9e, 0xdf, 0x9e, 0xdf, 0x9e, 0xdf, 0x9e, 0xdf,
  0x9e, 0xdf, 0x9e, 0xdf, 0x9e, 0xdf, 0x9e, 0xdf, 0x9e, 0xdf, 0x5d, 0xcf, 0x1c, 0xcf, 0x1c, 0xcf, 0x39, 0xae, 0x18, 0xa6, 0x59, 0xb6, 0xd7, 0xa5, 0x96, 0x95, 0x31, 0x7c, 0x2e, 0x63, 0x6a, 0x52,
  0x00, 0x20, 0xd7, 0xc5, 0xdb, 0xde, 0x00, 0x18, 0x38, 0xce, 0x28, 0x62, 0x00, 0x20, 0x45, 0x31, 0x63, 0x08, 0x63, 0x08, 0x63, 0x08, 0x63, 0x08, 0x63, 0x08, 0x63, 0x08, 0x47, 0x19, 0x63, 0x08,
  0x63, 0x08, 0x63, 0x08, 0x63, 0x08, 0x63, 0x08, 0x63, 0x08, 0x63, 0x08, 0x63, 0x08, 0x63, 0x08, 0x63, 0x08, 0x63, 0x08, 0x63, 0x08, 0x63, 0x08, 0x63, 0x08, 0x63, 0x08, 0x48, 0x19, 0x63, 0x08,
  0xa4, 0x10, 0x63, 0x08, 0x63, 0x08, 0x63, 0x08, 0x63, 0x08, 0x63, 0x08, 0x63, 0x08, 0x63, 0x08, 0x63, 0x08, 0x63, 0x08, 0x63, 0x08, 0x63, 0x08, 0x63, 0x08, 0x63, 0x08, 0x63, 0x08, 0x63, 0x08,
  0x63, 0x08, 0x63, 0x08, 0x63, 0x08, 0x63, 0x08, 0x63, 0x08, 0x63, 0x08, 0x63, 0x08, 0x63, 0x08, 0x63, 0x08, 0x63, 0x08, 0x63, 0x08, 0x63, 0x08, 0x63, 0x08, 0x63, 0x08, 0x63, 0x08, 0x63, 0x08,
  0xa4, 0x10, 0x63, 0x08, 0x63, 0x08, 0x63, 0x08, 0x63, 0x08, 0x63, 0x08, 0x63, 0x08, 0x63, 0x08, 0x63, 0x08, 0x63, 0x08, 0x63, 0x08, 0x63, 0x08, 0x63, 0x08, 0x63, 0x08, 0x63, 0x08, 0x63, 0x08,
  0x63, 0x08, 0x63, 0x08, 0x63, 0x08, 0x63, 0x08, 0x63, 0x08, 0x63, 0x08, 0x63, 0x08, 0x63, 0x08, 0x63, 0x08, 0x63, 0x08, 0x63, 0x08, 0x63, 0x08, 0x63, 0x08, 0x63, 0x08, 0x63, 0x08, 0x63, 0x08,
  0xa4, 0x10, 0x63, 0x08, 0x63, 0x08, 0x63, 0x08, 0x63, 0x08, 0x63, 0x08, 0x63, 0x08, 0x63, 0x08, 0x63, 0x08, 0x63, 0x08, 0x63, 0x08, 0x63, 0x08, 0x63, 0x08, 0x63, 0x08, 0x63, 0x08, 0x63, 0x08,
  0x63, 0x08, 0x63, 0x08, 0x63, 0x08, 0x63, 0x08, 0x63, 0x08, 0x63, 0x08, 0x63, 0x08, 0x63, 0x08, 0x63, 0x08, 0x63, 0x08, 0x63, 0x08, 0x63, 0x08, 0x63, 0x08, 0x63, 0x08, 0x63, 0x08, 0x63, 0x08,
  0xa4, 0x10, 0x63, 0x08, 0x63, 0x08, 0x63, 0x08, 0x63, 0x08, 0x63, 0x08, 0x63, 0x08, 0x63, 0x08, 0x63, 0x08, 0x63, 0x08, 0x63, 0x08, 0x63, 0x08, 0x63, 0x08, 0x63, 0x08, 0x63, 0x08, 0x63, 0x08,
  0x63, 0x08, 0x63, 0x08, 0x63, 0x08, 0x47, 0x19, 0x63, 0x08, 0x63, 0x08, 0x63, 0x08, 0x63, 0x08, 0x63, 0x08, 0x63, 0x08, 0x63, 0x08, 0x63, 0x08, 0x63, 0x08, 0x63, 0x08, 0x63, 0x08, 0x63, 0x08,
  0xa4, 0x10, 0x63, 0x08, 0x63, 0x08, 0x27, 0x19, 0x63, 0x08, 0x63, 0x08, 0x63, 0x08, 0x27, 0x19, 0x63, 0x08, 0x63, 0x08, 0x63, 0x08, 0x63, 0x08, 0x63, 0x08, 0x63, 0x08, 0x63, 0x08, 0x63, 0x08,
  0x63, 0x08, 0x63, 0x08, 0x63, 0x08, 0x27, 0x19, 0x63, 0x08, 0x63, 0x08, 0x63, 0x08, 0x26, 0x19, 0x63, 0x08, 0x63, 0x08, 0x63, 0x08, 0x63, 0x08, 0x63, 0x08, 0x63, 0x08, 0x63, 0x08, 0x63, 0x08,
  0xa4, 0x10, 0x63, 0x08, 0x63, 0x08, 0x63, 0x08, 0x63, 0x08, 0x63, 0x08, 0x63, 0x08, 0x63, 0x08, 0x63, 0x08, 0x63, 0x08, 0x63, 0x08, 0x63, 0x08, 0x63, 0x08, 0x63, 0x08, 0x63, 0x08, 0x63, 0x08,
  0x63, 0x08, 0x63, 0x08, 0x63, 0x08, 0x63, 0x08, 0x63, 0x08, 0x63, 0x08, 0x63, 0x08, 0x63, 0x08, 0x63, 0x08, 0x63, 0x08, 0x63, 0x08, 0x63, 0x08, 0x63, 0x08, 0x06, 0x19, 0x63, 0x08, 0x63, 0x08,
  0xa4, 0x10, 0x63, 0x08, 0x63, 0x08, 0x63, 0x08, 0x63, 0x08, 0x63, 0x08, 0x63, 0x08, 0x63, 0x08, 0x63, 0x08, 0x00, 0x20, 0x00, 0x28, 0xd8, 0xbd, 0xc3, 0x40, 0x66, 0x41, 0x39, 0xae, 0xa3, 0x38,
  0x21, 0x28, 0xcb, 0x5a, 0xf4, 0x8c, 0xd7, 0x9d, 0x9a, 0xb6, 0x7d, 0xdf, 0x9e, 0xe7, 0xdf, 0xf7, 0xff, 0xff, 0xff, 0xff, 0xff, 0xff, 0xff, 0xff, 0xff, 0xff, 0xff, 0xff, 0xff, 0xff, 0xff, 0xff,
  0xff, 0xff, 0xdf, 0xff, 0x7e, 0xdf, 0x7d, 0xdf, 0x7d, 0xdf, 0x9e, 0xdf, 0xff, 0xe7, 0xff, 0xef, 0xfb, 0xce, 0x72, 0x94, 0x29, 0x5a, 0xc3, 0x40, 0xa1, 0x40, 0x63, 0x59, 0xa7, 0x82, 0xcb, 0xa3,
  0xad, 0xbc, 0x70, 0xd5, 0xf2, 0xe5, 0x54, 0xf6, 0xb5, 0xfe, 0xb5, 0xf6, 0x74, 0xf6, 0x74, 0xf6, 0x74, 0xf6, 0x74, 0xf6, 0x94, 0xf6, 0x94, 0xf6, 0x94, 0xf6, 0x74, 0xee, 0x54, 0xee, 0x13, 0xe6,
  0x92, 0xd5, 0xef, 0xc4, 0xec, 0xab, 0x47, 0x7a, 0x61, 0x40, 0x7d, 0xdf, 0x7d, 0xd7, 0x51, 0x8c, 0x96, 0xb5, 0x9e, 0xe7, 0xff, 0xef, 0xdf, 0xe7, 0x7d, 0xdf, 0x7e, 0xdf, 0x9e, 0xdf, 0x9e, 0xdf,
  0x9e, 0xdf, 0x9e, 0xdf, 0x9e, 0xdf, 0x9e, 0xdf, 0x9e, 0xdf, 0x5d, 0xd7, 0x5d, 0xd7, 0x1c, 0xcf, 0xba, 0xbe, 0xd7, 0x9d, 0x59, 0xb6, 0x18, 0xa6, 0x55, 0x95, 0x72, 0x7c, 0x2d, 0x63, 0x4a, 0x52,
  0x00, 0x28, 0x6a, 0x6a, 0xff, 0xff, 0xa3, 0x38, 0x30, 0x9c, 0x10, 0x94, 0x00, 0x18, 0x04, 0x39, 0x83, 0x08, 0x63, 0x08, 0x63, 0x08, 0x63, 0x08, 0x63, 0x08, 0x63, 0x08, 0x47, 0x19, 0x63, 0x08,
  0x63, 0x08, 0x63, 0x08, 0x63, 0x08, 0x63, 0x08, 0x63, 0x08, 0x63, 0x08, 0x63, 0x08, 0x63, 0x08, 0x63, 0x08, 0x63, 0x08, 0x63, 0x08, 0x63, 0x08, 0x63, 0x08, 0x63, 0x08, 0x48, 0x19, 0x63, 0x08,
  0xa4, 0x10, 0x63, 0x08, 0x63, 0x08, 0x63, 0x08, 0x63, 0x08, 0x63, 0x08, 0x63, 0x08, 0x63, 0x08, 0x63, 0x08, 0x63, 0x08, 0x63, 0x08, 0x63, 0x08, 0x63, 0x08, 0x63, 0x08, 0x63, 0x08, 0x63, 0x08,
  0x63, 0x08, 0x63, 0x08, 0x63, 0x08, 0x63, 0x08, 0x63, 0x08, 0x63, 0x08, 0x63, 0x08, 0x63, 0x08, 0x63, 0x08, 0x63, 0x08, 0x63, 0x08, 0x63, 0x08, 0x63, 0x08, 0x63, 0x08, 0x63, 0x08, 0x63, 0x08,
  0xa4, 0x10, 0x63, 0x08, 0x63, 0x08, 0x63, 0x08, 0x63, 0x08, 0x63, 0x08, 0x63, 0x08, 0x63, 0x08, 0x63, 0x08, 0x63, 0x08, 0x63, 0x08, 0x63, 0x08, 0x63, 0x08, 0x63, 0x08, 0x63, 0x08, 0x63, 0x08,
  0x63, 0x08, 0x63, 0x08, 0x63, 0x08, 0x63, 0x08, 0x63, 0x08, 0x63, 0x08, 0x63, 0x08, 0x63, 0x08, 0x63, 0x08, 0x63, 0x08, 0x63, 0x08, 0x63, 0x08, 0x63, 0x08, 0x63, 0x08, 0x63, 0x08, 0x63, 0x08,
  0xa4, 0x10, 0x63, 0x08, 0x63, 0x08, 0x63, 0x08, 0x63, 0x08, 0x63, 0x08, 0x63, 0x08, 0x63, 0x08, 0x63, 0x08, 0x63, 0x08, 0x63, 0x08, 0x63, 0x08, 0x63, 0x08, 0x63, 0x08, 0x63, 0x08, 0x63, 0x08,
  0x63, 0x08, 0x63, 0x08, 0x63, 0x08, 0x63, 0x08, 0x63, 0x08, 0x63, 0x08, 0x63, 0x08, 0x63, 0x08, 0x63, 0x08, 0x63, 0x08, 0x63, 0x08, 0x63, 0x08, 0x63, 0x08, 0x63, 0x08, 0x63, 0x08, 0x63, 0x08,
  0xa4, 0x10, 0x63, 0x08, 0x47, 0x19, 0x47, 0x19, 0x47, 0x19, 0x47, 0x19, 0x47, 0x19, 0x47, 0x19, 0x47, 0x19, 0x63, 0x08, 0x63, 0x08, 0x63, 0x08, 0x63, 0x08, 0x63, 0x08, 0x63, 0x08, 0x63, 0x08,
  0x63, 0x08, 0x63, 0x08, 0x63, 0x08, 0x47, 0x19, 0x63, 0x08, 0x63, 0x08, 0x63, 0x08, 0x63, 0x08, 0x63, 0x08, 0x63, 0x08, 0x63, 0x08, 0x63, 0x08, 0x63, 0x08, 0x63, 0x08, 0x63, 0x08, 0x63, 0x08,
  0xa4, 0x10, 0x63, 0x08, 0x27, 0x19, 0x63, 0x08, 0x27, 0x19, 0x27, 0x19, 0x27, 0x19, 0x63, 0x08, 0x63, 0x08, 0x63, 0x08, 0x63, 0x08, 0x63, 0x08, 0x63, 0x08, 0x63, 0x08, 0x63, 0x08, 0x63, 0x08,
  0x63, 0x08, 0x63, 0x08, 0x27, 0x19, 0x63, 0x08, 0x63, 0x08, 0x63, 0x08, 0x63, 0x08, 0x26, 0x19, 0x63, 0x08, 0x63, 0x08, 0x63, 0x08, 0x63, 0x08, 0x63, 0x08, 0x63, 0x08, 0x63, 0x08, 0x63, 0x08,
  0xa4, 0x10, 0x63, 0x08, 0x63, 0x08, 0x63, 0x08, 0x63, 0x08, 0x63, 0x08, 0x63, 0x08, 0x63, 0x08, 0x63, 0x08, 0x63, 0x08, 0x63, 0x08, 0x63, 0x08, 0x63, 0x08, 0x63, 0x08, 0x63, 0x08, 0x63, 0x08,
  0x63, 0x08, 0x63, 0x08, 0x63, 0x08, 0x63, 0x08, 0x63, 0x08, 0x63, 0x08, 0x63, 0x08, 0x63, 0x08, 0x63, 0x08, 0x63, 0x08, 0x63, 0x08, 0x63, 0x08, 0x06, 0x19, 0x63, 0x08, 0x63, 0x08, 0x63, 0x08,
  0xa4, 0x10, 0x63, 0x08, 0x63, 0x08, 0x63, 0x08, 0x63, 0x08, 0x63, 0x08, 0x63, 0x08, 0x63, 0x08, 0x62, 0x08, 0x00, 0x20, 0xe3, 0x40, 0x97, 0xad, 0x00, 0x20, 0x8e, 0x73, 0xb3, 0x8c, 0x00, 0x20,
  0x21, 0x30, 0x6e, 0x6b, 0x55, 0x95, 0xf8, 0x9d, 0xfb, 0xc6, 0x9e, 0xe7, 0x9e, 0xe7, 0xdf, 0xf7, 0xff, 0xff, 0xff, 0xff, 0xff, 0xff, 0xff, 0xff, 0xff, 0xff, 0xff, 0xff, 0xff, 0xff, 0xff, 0xff,
  0xff, 0xff, 0xbe, 0xef, 0x5d, 0xd7, 0xbe, 0xdf, 0xff, 0xef, 0x9e, 0xdf, 0x55, 0xad, 0x6a, 0x62, 0xa2, 0x38, 0x23, 0x59, 0xe8, 0x8a, 0x6d, 0xbc, 0xb1, 0xdd, 0x32, 0xee, 0x32, 0xee, 0xf2, 0xe5,
  0xd1, 0xe5, 0xf2, 0xe5, 0x12, 0xe6, 0x34, 0xee, 0x74, 0xee, 0x75, 0xee, 0x54, 0xe6, 0x33, 0xe6, 0x33, 0xe6, 0x13, 0xe6, 0x13, 0xe6, 0x33, 0xe6, 0x34, 0xe6, 0x34, 0xe6, 0x54, 0xee, 0x75, 0xee,
  0x95, 0xee, 0xb5, 0xf6, 0xd6, 0xf6, 0x37, 0xff, 0xa5, 0x69, 0xaf, 0x83, 0xa7, 0x51, 0x64, 0x59, 0xe3, 0x50, 0x04, 0x41, 0x8e, 0x7b, 0xba, 0xce, 0xff, 0xef, 0xff, 0xe7, 0x7d, 0xdf, 0x7e, 0xdf,
  0x9e, 0xdf, 0xdf, 0xf7, 0x9e, 0xe7, 0x7e, 0xdf, 0x9e, 0xdf, 0x7e, 0xdf, 0x7e, 0xd7, 0x3d, 0xcf, 0xfc, 0xce, 0xd7, 0x9d, 0x38, 0xae, 0x39, 0xae, 0x15, 0x8d, 0x31, 0x74, 0x2d, 0x63, 0x29, 0x52,
  0x62, 0x30, 0x62, 0x38, 0xdf, 0xff, 0xeb, 0x72, 0x29, 0x62, 0x96, 0xbd, 0x00, 0x18, 0xc3, 0x38, 0x05, 0x19, 0x63, 0x08, 0x63, 0x08, 0x63, 0x08, 0x63, 0x08, 0x63, 0x08, 0x47, 0x19, 0x63, 0x08,
  0x63, 0x08, 0x63, 0x08, 0x63, 0x08, 0x63, 0x08, 0x63, 0x08, 0x63, 0x08, 0x63, 0x08, 0x63, 0x08, 0x63, 0x08, 0x63, 0x08, 0x63, 0x08, 0x63, 0x08, 0x63, 0x08, 0x63, 0x08, 0x48, 0x19, 0x63, 0x08,
  0xa4, 0x10, 0x63, 0x08, 0x63, 0x08, 0x63, 0x08, 0x63, 0x08, 0x63, 0x08, 0x63, 0x08, 0x63, 0x08, 0x63, 0x08, 0x63, 0x08, 0x63, 0x08, 0x63, 0x08, 0x63, 0x08, 0x63, 0x08, 0x63, 0x08, 0x63, 0x08,
  0x63, 0x08, 0x63, 0x08, 0x63, 0x08, 0x63, 0x08, 0x63, 0x08, 0x63, 0x08, 0x63, 0x08, 0x63, 0x08, 0x63, 0x08, 0x63, 0x08, 0x63, 0x08, 0x63, 0x08, 0x63, 0x08, 0x63, 0x08, 0x63, 0x08, 0x63, 0x08,
  0xa4, 0x10, 0x63, 0x08, 0x63, 0x08, 0x63, 0x08, 0x63, 0x08, 0x63, 0x08, 0x63, 0x08, 0x63, 0x08, 0x63, 0x08, 0x63, 0x08, 0x63, 0x08, 0x63, 0x08, 0x63, 0x08, 0x63, 0x08, 0x63, 0x08, 0x63, 0x08,
  0x63, 0x08, 0x63, 0x08, 0x63, 0x08, 0x63, 0x08, 0x63, 0x08, 0x63, 0x08, 0x63, 0x08, 0x63, 0x08, 0x63, 0x08, 0x63, 0x08, 0x63, 0x08, 0x63, 0x08, 0x63, 0x08, 0x63, 0x08, 0x63, 0x08, 0x63, 0x08,
  0xa4, 0x10, 0x63, 0x08, 0x63, 0x08, 0x63, 0x08, 0x63, 0x08, 0x63, 0x08, 0x63, 0x08, 0x63, 0x08, 0x63, 0x08, 0x63, 0x08, 0x63, 0x08, 0x63, 0x08, 0x63, 0x08, 0x63, 0x08, 0x63, 0x08, 0x63, 0x08,
  0x63, 0x08, 0x63, 0x08, 0x63, 0x08, 0x63, 0x08, 0x63, 0x08, 0x63, 0x08, 0x63, 0x08, 0x63, 0x08, 0x63, 0x08, 0x63, 0x08, 0x63, 0x08, 0x63, 0x08, 0x63, 0x08, 0x63, 0x08, 0x63, 0x08, 0x63, 0x08,
  0xa4, 0x10, 0x63, 0x08, 0x47, 0x19, 0x47, 0x19, 0x47, 0x19, 0x47, 0x19, 0x47, 0x19, 0x47, 0x19, 0x47, 0x19, 0x63, 0x08, 0x63, 0x08, 0x63, 0x08, 0x63, 0x08, 0x63, 0x08, 0x63, 0x08, 0x63, 0x08,
  0x63, 0x08, 0x63, 0x08, 0x63, 0x08, 0x47, 0x19, 0x63, 0x08, 0x63, 0x08, 0x63, 0x08, 0x63, 0x08, 0x63, 0x08, 0x63, 0x08, 0x63, 0x08, 0x63, 0x08, 0x63, 0x08, 0x63, 0x08, 0x63, 0x08, 0x63, 0x08,
  0xa4, 0x10, 0x27, 0x19, 0x63, 0x08, 0x63, 0x08, 0x63, 0x08, 0x63, 0x08, 0x63, 0x08, 0x63, 0x08, 0x63, 0x08, 0x63, 0x08, 0x63, 0x08, 0x63, 0x08, 0x63, 0x08, 0x63, 0x08, 0x63, 0x08, 0x63, 0x08,
  0x63, 0x08, 0x27, 0x19, 0x63, 0x08, 0x63, 0x08, 0x63, 0x08, 0x63, 0x08, 0x63, 0x08, 0x26, 0x19, 0x63, 0x08, 0x63, 0x08, 0x63, 0x08, 0x63, 0x08, 0x63, 0x08, 0x63, 0x08, 0x63, 0x08, 0x63, 0x08,
  0xa4, 0x10, 0x63, 0x08, 0x63, 0x08, 0x63, 0x08, 0x63, 0x08, 0x63, 0x08, 0x63, 0x08, 0x63, 0x08, 0x63, 0x08, 0x63, 0x08, 0x63, 0x08, 0x63, 0x08, 0x63, 0x08, 0x63, 0x08, 0x63, 0x08, 0x63, 0x08,
  0x63, 0x08, 0x63, 0x08, 0x63, 0x08, 0x63, 0x08, 0x63, 0x08, 0x63, 0x08, 0x63, 0x08, 0x63, 0x08, 0x63, 0x08, 0x63, 0x08, 0x63, 0x08, 0x06, 0x19, 0x63, 0x08, 0x63, 0x08, 0x63, 0x08, 0x63, 0x08,
  0x26, 0x19, 0x63, 0x08, 0x63, 0x08, 0x63, 0x08, 0x63, 0x08, 0x63, 0x08, 0x63, 0x08, 0x63, 0x08, 0x62, 0x10, 0x00, 0x20, 0xe7, 0x51, 0xb3, 0x94, 0x00, 0x18, 0xd3, 0x8c, 0xec, 0x62, 0x00, 0x20,
  0xe4, 0x38, 0x31, 0x74, 0xb7, 0x9d, 0xf8, 0xa5, 0x3c, 0xd7, 0x7e, 0xdf, 0x9e, 0xe7, 0xff, 0xff, 0xff, 0xff, 0xff, 0xff, 0xff, 0xff, 0xff, 0xff, 0xff, 0xff, 0xff, 0xff, 0xff, 0xff, 0xff, 0xff,
  0xdf, 0xff, 0xdf, 0xef, 0xff, 0xef, 0x1c, 0xd7, 0xf0, 0x83, 0x04, 0x41, 0xa2, 0x48, 0x87, 0x7a, 0xae, 0xbc, 0xf2, 0xe5, 0x12, 0xe6, 0xf2, 0xe5, 0xd1, 0xdd, 0xb1, 0xdd, 0xb1, 0xdd, 0xd1, 0xdd,
  0xf2, 0xe5, 0x33, 0xe6, 0x75, 0xee, 0x75, 0xee, 0xb5, 0xf6, 0xb6, 0xf6, 0xb6, 0xf6, 0x95, 0xee, 0x74, 0xee, 0x74, 0xee, 0x75, 0xee, 0x75, 0xee, 0x75, 0xee, 0x95, 0xee, 0xb6, 0xf6, 0xb6, 0xf6,
  0xd6, 0xf6, 0xd6, 0xf6, 0x95, 0xee, 0xd6, 0xfe, 0xaf, 0xbc, 0x00, 0x10, 0x09, 0x8b, 0x37, 0xff, 0x54, 0xee, 0x6e, 0xb4, 0xc5, 0x61, 0x82, 0x38, 0x49, 0x62, 0x18, 0xbe, 0xff, 0xef, 0xdf, 0xe7,
  0x5d, 0xdf, 0x9e, 0xe7, 0x9e, 0xdf, 0x9e, 0xdf, 0x9e, 0xdf, 0x9e, 0xdf, 0x9e, 0xdf, 0x5d, 0xd7, 0x3d, 0xd7, 0x18, 0xa6, 0x18, 0xa6, 0x39, 0xae, 0x55, 0x95, 0x11, 0x74, 0x4e, 0x63, 0xe8, 0x49,
  0x82, 0x30, 0x00, 0x20, 0x9a, 0xd6, 0x34, 0xb5, 0xc3, 0x40, 0x18, 0xce, 0x00, 0x20, 0x61, 0x30, 0x05, 0x21, 0x63, 0x08, 0x63, 0x08, 0x63, 0x08, 0x63, 0x08, 0x63, 0x08, 0x47, 0x19, 0x63, 0x08,
  0x63, 0x08, 0x63, 0x08, 0x63, 0x08, 0x63, 0x08, 0x63, 0x08, 0x63, 0x08, 0x63, 0x08, 0x63, 0x08, 0x63, 0x08, 0x63, 0x08, 0x63, 0x08, 0x63, 0x08, 0x63, 0x08, 0x63, 0x08, 0x48, 0x19, 0x63, 0x08,
  0xa4, 0x10, 0x63, 0x08, 0x63, 0x08, 0x63, 0x08, 0x63, 0x08, 0x63, 0x08, 0x63, 0x08, 0x63, 0x08, 0x63, 0x08, 0x63, 0x08, 0x63, 0x08, 0x63, 0x08, 0x63, 0x08, 0x63, 0x08, 0x63, 0x08, 0x63, 0x08,
  0x63, 0x08, 0x63, 0x08, 0x63, 0x08, 0x63, 0x08, 0x63, 0x08, 0x63, 0x08, 0x63, 0x08, 0x63, 0x08, 0x63, 0x08, 0x63, 0x08, 0x63, 0x08, 0x63, 0x08, 0x63, 0x08, 0x63, 0x08, 0x63, 0x08, 0x63, 0x08,
  0xa4, 0x10, 0x63, 0x08, 0x63, 0x08, 0x63, 0x08, 0x63, 0x08, 0x63, 0x08, 0x63, 0x08, 0x63, 0x08, 0x63, 0x08, 0x63, 0x08, 0x63, 0x08, 0x63, 0x08, 0x63, 0x08, 0x63, 0x08, 0x63, 0x08, 0x63, 0x08,
  0x63, 0x08, 0x63, 0x08, 0x63, 0x08, 0x63, 0x08, 0x63, 0x08, 0x63, 0x08, 0x63, 0x08, 0x63, 0x08, 0x63, 0x08, 0x63, 0x08, 0x63, 0x08, 0x63, 0x08, 0x63, 0x08, 0x63, 0x08, 0x63, 0x08, 0x63, 0x08,
  0xa4, 0x10, 0x63, 0x08, 0x63, 0x08, 0x63, 0x08, 0x63, 0x08, 0x63, 0x08, 0x63, 0x08, 0x63, 0x08, 0x63, 0x08, 0x63, 0x08, 0x63, 0x08, 0x63, 0x08, 0x63, 0x08, 0x63, 0x08, 0x63, 0x08, 0x63, 0x08,
  0x63, 0x08, 0x63, 0x08, 0x63, 0x08, 0x63, 0x08, 0x63, 0x08, 0x63, 0x08, 0x63, 0x08, 0x63, 0x08, 0x63, 0x08, 0x63, 0x08, 0x63, 0x08, 0x63, 0x08, 0x63, 0x08, 0x63, 0x08, 0x63, 0x08, 0x63, 0x08,
  0xa4, 0x10, 0x63, 0x08, 0x47, 0x19, 0x47, 0x19, 0x47, 0x19, 0x47, 0x19, 0x47, 0x19, 0x47, 0x19, 0x47, 0x19, 0x63, 0x08, 0x63, 0x08, 0x63, 0x08, 0x63, 0x08, 0x63, 0x08, 0x63, 0x08, 0x63, 0x08,
  0x63, 0x08, 0x63, 0x08, 0x63, 0x08, 0x47, 0x19, 0x63, 0x08, 0x63, 0x08, 0x63, 0x08, 0x63, 0x08, 0x63, 0x08, 0x63, 0x08, 0x63, 0x08, 0x63, 0x08, 0x63, 0x08, 0x63, 0x08, 0x63, 0x08, 0x63, 0x08,
  0x67, 0x21, 0x63, 0x08, 0x63, 0x08, 0x63, 0x08, 0x63, 0x08, 0x63, 0x08, 0x63, 0x08, 0x63, 0x08, 0x63, 0x08, 0x63, 0x08, 0x63, 0x08, 0x63, 0x08, 0x63, 0x08, 0x63, 0x08, 0x63, 0x08, 0x63, 0x08,
  0x27, 0x19, 0x63, 0x08, 0x63, 0x08, 0x63, 0x08, 0x63, 0x08, 0x63, 0x08, 0x63, 0x08, 0x26, 0x19, 0x63, 0x08, 0x63, 0x08, 0x63, 0x08, 0x63, 0x08, 0x63, 0x08, 0x63, 0x08, 0x63, 0x08, 0x63, 0x08,
  0xa4, 0x10, 0x63, 0x08, 0x63, 0x08, 0x63, 0x08, 0x63, 0x08, 0x63, 0x08, 0x63, 0x08, 0x63, 0x08, 0x63, 0x08, 0x63, 0x08, 0x63, 0x08, 0x63, 0x08, 0x63, 0x08, 0x63, 0x08, 0x63, 0x08, 0x63, 0x08,
  0x63, 0x08, 0x63, 0x08, 0x63, 0x08, 0x63, 0x08, 0x63, 0x08, 0x63, 0x08, 0x63, 0x08, 0x63, 0x08, 0x63, 0x08, 0x63, 0x08, 0x06, 0x19, 0x63, 0x08, 0x63, 0x08, 0x63, 0x08, 0x63, 0x08, 0x63, 0x08,
  0x26, 0x19, 0x63, 0x08, 0x63, 0x08, 0x63, 0x08, 0x63, 0x08, 0x63, 0x08, 0x63, 0x08, 0x63, 0x08, 0x42, 0x18, 0x00, 0x20, 0x8a, 0x62, 0xaf, 0x7b, 0x00, 0x20, 0x76, 0x9d, 0xc7, 0x51, 0x00, 0x20,
  0xc8, 0x51, 0xf4, 0x84, 0xd7, 0x9d, 0x18, 0xa6, 0x5d, 0xd7, 0x7e, 0xdf, 0xbe, 0xef, 0xff, 0xff, 0xff, 0xff, 0xff, 0xff, 0xff, 0xff, 0xff, 0xff, 0xff, 0xff, 0xff, 0xff, 0xdf, 0xff, 0xff, 0xff,
  0xff, 0xff, 0xdb, 0xce, 0x6e, 0x73, 0xc3, 0x38, 0x43, 0x51, 0xaa, 0xa3, 0x90, 0xd5, 0x12, 0xe6, 0xd1, 0xdd, 0x91, 0xdd, 0xb1, 0xdd, 0xd2, 0xdd, 0x13, 0xe6, 0x13, 0xe6, 0x33, 0xe6, 0x74, 0xee,
  0x95, 0xee, 0xb6, 0xf6, 0xb6, 0xf6, 0xb6, 0xf6, 0xd6, 0xf6, 0xf7, 0xf6, 0xf7, 0xf6, 0xd6, 0xf6, 0xb6, 0xf6, 0x95, 0xee, 0xb5, 0xee, 0xb6, 0xf6, 0xd6, 0xf6, 0xd7, 0xf6, 0xd7, 0xf6, 0xf7, 0xf6,
  0xf7, 0xf6, 0xf7, 0xf6, 0xf7, 0xf6, 0xd6, 0xf6, 0x75, 0xee, 0x6e, 0xb4, 0xd6, 0xf6, 0x95, 0xee, 0xb5, 0xee, 0x17, 0xff, 0x17, 0xff, 0xd3, 0xdd, 0xa8, 0x7a, 0x81, 0x30, 0x8a, 0x62, 0xdb, 0xce,
  0xff, 0xef, 0x7e, 0xdf, 0x7e, 0xdf, 0x9e, 0xdf, 0x9e, 0xdf, 0x9e, 0xdf, 0x9e, 0xdf, 0x5d, 0xd7, 0x5d, 0xd7, 0x59, 0xb6, 0xf8, 0xa5, 0x38, 0xae, 0x96, 0x9d, 0xf0, 0x73, 0x2e, 0x63, 0xa7, 0x41,
  0x41, 0x30, 0x00, 0x20, 0xb2, 0xac, 0x9a, 0xde, 0x20, 0x30, 0x18, 0xce, 0x41, 0x30, 0x20, 0x30, 0x87, 0x31, 0x63, 0x08, 0x63, 0x08, 0x63, 0x08, 0x63, 0x08, 0x63, 0x08, 0x47, 0x19, 0x63, 0x08,
  0x63, 0x08, 0x63, 0x08, 0x63, 0x08, 0x63, 0x08, 0x63, 0x08, 0x63, 0x08, 0x63, 0x08, 0x63, 0x08, 0x63, 0x08, 0x63, 0x08, 0x63, 0x08, 0x63, 0x08, 0x63, 0x08, 0x63, 0x08, 0x48, 0x19, 0x63, 0x08,
  0xa4, 0x10, 0x63, 0x08, 0x63, 0x08, 0x63, 0x08, 0x63, 0x08, 0x63, 0x08, 0x63, 0x08, 0x63, 0x08, 0x63, 0x08, 0x63, 0x08, 0x63, 0x08, 0x63, 0x08, 0x63, 0x08, 0x63, 0x08, 0x63, 0x08, 0x63, 0x08,
  0x63, 0x08, 0x63, 0x08, 0x63, 0x08, 0x63, 0x08, 0x63, 0x08, 0x63, 0x08, 0x63, 0x08, 0x63, 0x08, 0x63, 0x08, 0x63, 0x08, 0x63, 0x08, 0x63, 0x08, 0x63, 0x08, 0x63, 0x08, 0x63, 0x08, 0x63, 0x08,
  0xa4, 0x10, 0x63, 0x08, 0x63, 0x08, 0x63, 0x08, 0x63, 0x08, 0x63, 0x08, 0x63, 0x08, 0x63, 0x08, 0x63, 0x08, 0x63, 0x08, 0x63, 0x08, 0x63, 0x08, 0x63, 0x08, 0x63, 0x08, 0x63, 0x08, 0x63, 0x08,
  0x63, 0x08, 0x63, 0x08, 0x63, 0x08, 0x63, 0x08, 0x63, 0x08, 0x63, 0x08, 0x63, 0x08, 0x63, 0x08, 0x63, 0x08, 0x63, 0x08, 0x63, 0x08, 0x63, 0x08, 0x63, 0x08, 0x63, 0x08, 0x63, 0x08, 0x63, 0x08,
  0xa4, 0x10, 0x63, 0x08, 0x63, 0x08, 0x63, 0x08, 0x63, 0x08, 0x63, 0x08, 0x63, 0x08, 0x63, 0x08, 0x63, 0x08, 0x63, 0x08, 0x63, 0x08, 0x63, 0x08, 0x63, 0x08, 0x63, 0x08, 0x63, 0x08, 0x63, 0x08,
  0x63, 0x08, 0x63, 0x08, 0x63, 0x08, 0x48, 0x19, 0x48, 0x19, 0x48, 0x19, 0x48, 0x19, 0x48, 0x19, 0x63, 0x08, 0x63, 0x08, 0x63, 0x08, 0x63, 0x08, 0x63, 0x08, 0x63, 0x08, 0x63, 0x08, 0x63, 0x08,
  0xa4, 0x10, 0x63, 0x08, 0x47, 0x19, 0x47, 0x19, 0x47, 0x19, 0x47, 0x19, 0x47, 0x19, 0x47, 0x19, 0x47, 0x19, 0x63, 0x08, 0x63, 0x08, 0x63, 0x08, 0x63, 0x08, 0x63, 0x08, 0x63, 0x08, 0x63, 0x08,
  0x63, 0x08, 0x63, 0x08, 0x63, 0x08, 0x47, 0x19, 0x63, 0x08, 0x63, 0x08, 0x63, 0x08, 0x63, 0x08, 0x63, 0x08, 0x63, 0x08, 0x63, 0x08, 0x63, 0x08, 0x63, 0x08, 0x63, 0x08, 0x63, 0x08, 0x27, 0x19,
  0xa4, 0x10, 0x63, 0x08, 0x63, 0x08, 0x63, 0x08, 0x63, 0x08, 0x63, 0x08, 0x63, 0x08, 0x63, 0x08, 0x63, 0x08, 0x63, 0x08, 0x63, 0x08, 0x63, 0x08, 0x63, 0x08, 0x63, 0x08, 0x63, 0x08, 0x27, 0x19,
  0x63, 0x08, 0x63, 0x08, 0x63, 0x08, 0x63, 0x08, 0x63, 0x08, 0x63, 0x08, 0x63, 0x08, 0x26, 0x19, 0x63, 0x08, 0x63, 0x08, 0x63, 0x08, 0x63, 0x08, 0x63, 0x08, 0x63, 0x08, 0x63, 0x08, 0x63, 0x08,
  0xa4, 0x10, 0x63, 0x08, 0x63, 0x08, 0x63, 0x08, 0x63, 0x08, 0x63, 0x08, 0x63, 0x08, 0x63, 0x08, 0x63, 0x08, 0x63, 0x08, 0x63, 0x08, 0x63, 0x08, 0x63, 0x08, 0x63, 0x08, 0x63, 0x08, 0x63, 0x08,
  0x63, 0x08, 0x63, 0x08, 0x63, 0x08, 0x63, 0x08, 0x63, 0x08, 0x63, 0x08, 0x63, 0x08, 0x63, 0x08, 0x63, 0x08, 0x06, 0x19, 0x63, 0x08, 0x63, 0x08, 0x63, 0x08, 0x63, 0x08, 0x63, 0x08, 0x63, 0x08,
  0x26, 0x19, 0x63, 0x08, 0x63, 0x08, 0x63, 0x08, 0x63, 0x08, 0x63, 0x08, 0x63, 0x08, 0x63, 0x08, 0x42, 0x18, 0x00, 0x20, 0x8e, 0x7b, 0x2d, 0x73, 0x20, 0x28, 0xb6, 0xa5, 0xc4, 0x38, 0x00, 0x28,
  0x8a, 0x5a, 0x76, 0x95, 0xd7, 0x9d, 0x18, 0xae, 0x5d, 0xd7, 0x5d, 0xdf, 0x9e, 0xef, 0xff, 0xff, 0xff, 0xff, 0xff, 0xff, 0xff, 0xff, 0xff, 0xff, 0xff, 0xff, 0xff, 0xff, 0xff, 0xff, 0x7d, 0xf7,
  0x8e, 0x83, 0xa2, 0x30, 0xc5, 0x61, 0x6d, 0xb4, 0xf2, 0xe5, 0x53, 0xee, 0x12, 0xe6, 0x12, 0xe6, 0x33, 0xee, 0x74, 0xee, 0x53, 0xee, 0x53, 0xee, 0x33, 0xe6, 0x54, 0xee, 0x95, 0xee, 0xb6, 0xf6,
  0xd6, 0xf6, 0xd7, 0xf6, 0xf7, 0xf6, 0xf7, 0xf6, 0xf7, 0xf6, 0xf7, 0xf6, 0xf7, 0xf6, 0xf7, 0xf6, 0xd6, 0xf6, 0xd6, 0xf6, 0xd6, 0xf6, 0xd6, 0xf6, 0xf7, 0xf6, 0xf7, 0xf6, 0xf7, 0xf6, 0xf7, 0xf6,
  0xf7, 0xf6, 0xf7, 0xf6, 0xf7, 0xf6, 0xd6, 0xf6, 0xf7, 0xf6, 0x99, 0xff, 0x79, 0xff, 0x99, 0xff, 0x78, 0xff, 0x37, 0xff, 0x37, 0xff, 0x78, 0xff, 0x78, 0xff, 0x34, 0xe6, 0x67, 0x7a, 0x61, 0x30,
  0xcf, 0x83, 0xbf, 0xe7, 0xdf, 0xe7, 0x7d, 0xdf, 0x7e, 0xdf, 0x7e, 0xdf, 0x7e, 0xdf, 0x7d, 0xdf, 0x7d, 0xdf, 0x7a, 0xb6, 0xd7, 0xa5, 0x18, 0xa6, 0xf7, 0xa5, 0xf0, 0x73, 0xcc, 0x5a, 0x86, 0x41,
  0x62, 0x38, 0x00, 0x20, 0x4d, 0x83, 0xbe, 0xf7, 0x00, 0x30, 0x79, 0xd6, 0x45, 0x49, 0x00, 0x28, 0x46, 0x31, 0x63, 0x08, 0x63, 0x08, 0x63, 0x08, 0x63, 0x08, 0x63, 0x08, 0x47, 0x19, 0x63, 0x08,
  0x63, 0x08, 0x63, 0x08, 0x63, 0x08, 0x63, 0x08, 0x63, 0x08, 0x63, 0x08, 0x63, 0x08, 0x63, 0x08, 0x63, 0x08, 0x63, 0x08, 0x63, 0x08, 0x63, 0x08, 0x63, 0x08, 0x63, 0x08, 0x48, 0x19, 0x63, 0x08,
  0xa4, 0x10, 0x63, 0x08, 0x63, 0x08, 0x63, 0x08, 0x63, 0x08, 0x63, 0x08, 0x63, 0x08, 0x63, 0x08, 0x63, 0x08, 0x63, 0x08, 0x63, 0x08, 0x63, 0x08, 0x63, 0x08, 0x63, 0x08, 0x63, 0x08, 0x63, 0x08,
  0x63, 0x08, 0x63, 0x08, 0x63, 0x08, 0x63, 0x08, 0x63, 0x08, 0x63, 0x08, 0x63, 0x08, 0x63, 0x08, 0x63, 0x08, 0x63, 0x08, 0x63, 0x08, 0x63, 0x08, 0x63, 0x08, 0x63, 0x08, 0x63, 0x08, 0x63, 0x08,
  0xa4, 0x10, 0x63, 0x08, 0x63, 0x08, 0x63, 0x08, 0x63, 0x08, 0x63, 0x08, 0x63, 0x08, 0x63, 0x08, 0x63, 0x08, 0x63, 0x08, 0x63, 0x08, 0x63, 0x08, 0x63, 0x08, 0x63, 0x08, 0x63, 0x08, 0x63, 0x08,
  0x63, 0x08, 0x63, 0x08, 0x63, 0x08, 0x63, 0x08, 0x63, 0x08, 0x63, 0x08, 0x63, 0x08, 0x63, 0x08, 0x63, 0x08, 0x63, 0x08, 0x63, 0x08, 0x63, 0x08, 0x63, 0x08, 0x63, 0x08, 0x63, 0x08, 0x63, 0x08,
  0xa4, 0x10, 0x63, 0x08, 0x63, 0x08, 0x63, 0x08, 0x63, 0x08, 0x63, 0x08, 0x63, 0x08, 0x63, 0x08, 0x63, 0x08, 0x63, 0x08, 0x63, 0x08, 0x63, 0x08, 0x63, 0x08, 0x63, 0x08, 0x63, 0x08, 0x63, 0x08,
  0x63, 0x08, 0x63, 0x08, 0x63, 0x08, 0x48, 0x19, 0x48, 0x19, 0x48, 0x19, 0x48, 0x19, 0x48, 0x19, 0x63, 0x08, 0x63, 0x08, 0x63, 0x08, 0x63, 0x08, 0x63, 0x08, 0x63, 0x08, 0x63, 0x08, 0x63, 0x08,
  0xa4, 0x10, 0x63, 0x08, 0x47, 0x19, 0x47, 0x19, 0x47, 0x19, 0x47, 0x19, 0x47, 0x19, 0x47, 0x19, 0x47, 0x19, 0x63, 0x08, 0x63, 0x08, 0x63, 0x08, 0x63, 0x08, 0x63, 0x08, 0x63, 0x08, 0x63, 0x08,
  0x63, 0x08, 0x63, 0x08, 0x47, 0x19, 0x63, 0x08, 0x63, 0x08, 0x63, 0x08, 0x63, 0x08, 0x63, 0x08, 0x63, 0x08, 0x63, 0x08, 0x63, 0x08, 0x63, 0x08, 0x63, 0x08, 0x63, 0x08, 0x27, 0x19, 0x63, 0x08,
  0xa4, 0x10, 0x63, 0x08, 0x63, 0x08, 0x63, 0x08, 0x63, 0x08, 0x63, 0x08, 0x63, 0x08, 0x63, 0x08, 0x63, 0x08, 0x63, 0x08, 0x63, 0x08, 0x63, 0x08, 0x63, 0x08, 0x63, 0x08, 0x27, 0x19, 0x63, 0x08,
  0x63, 0x08, 0x63, 0x08, 0x63, 0x08, 0x63, 0x08, 0x63, 0x08, 0x63, 0x08, 0x63, 0x08, 0x26, 0x19, 0x63, 0x08, 0x63, 0x08, 0x63, 0x08, 0x63, 0x08, 0x63, 0x08, 0x63, 0x08, 0x63, 0x08, 0x63, 0x08,
  0xa4, 0x10, 0x63, 0x08, 0x63, 0x08, 0x63, 0x08, 0x63, 0x08, 0x63, 0x08, 0x63, 0x08, 0x63, 0x08, 0x63, 0x08, 0x63, 0x08, 0x63, 0x08, 0x63, 0x08, 0x63, 0x08, 0x63, 0x08, 0x63, 0x08, 0x63, 0x08,
  0x63, 0x08, 0x63, 0x08, 0x63, 0x08, 0x63, 0x08, 0x63, 0x08, 0x63, 0x08, 0x63, 0x08, 0x63, 0x08, 0x06, 0x19, 0x63, 0x08, 0x63, 0x08, 0x63, 0x08, 0x63, 0x08, 0x63, 0x08, 0x63, 0x08, 0x63, 0x08,
  0x26, 0x19, 0x63, 0x08, 0x63, 0x08, 0x63, 0x08, 0x63, 0x08, 0x63, 0x08, 0x63, 0x08, 0x63, 0x08, 0x42, 0x20, 0x00, 0x28, 0xc3, 0x38, 0x62, 0x30, 0xa3, 0x38, 0x14, 0x95, 0x41, 0x30, 0x21, 0x30,
  0x2c, 0x6b, 0x59, 0xa6, 0x39, 0xa6, 0xba, 0xb6, 0xdf, 0xe7, 0xbf, 0xe7, 0xff, 0xf7, 0xff, 0xff, 0xff, 0xff, 0xff, 0xff, 0xff, 0xff, 0xff, 0xff, 0xff, 0xff, 0xff, 0xff, 0x92, 0xa4, 0xc3, 0x40,
  0x63, 0x51, 0xad, 0xbc, 0x12, 0xee, 0xf2, 0xe5, 0x30, 0xcd, 0xe5, 0x69, 0x64, 0x59, 0x84, 0x61, 0xe5, 0x69, 0x67, 0x7a, 0x8a, 0x9b, 0x50, 0xcd, 0xd6, 0xf6, 0x37, 0xff, 0xf6, 0xf6, 0xb6, 0xf6,
  0xf7, 0xf6, 0xf7, 0xf6, 0xf7, 0xf6, 0xf7, 0xf6, 0x18, 0xff, 0xf7, 0xf6, 0x38, 0xff, 0x17, 0xff, 0x38, 0xff, 0xf7, 0xf6, 0xf7, 0xfe, 0x37, 0xff, 0x18, 0xff, 0xf7, 0xf6, 0xf7, 0xf6, 0xf7, 0xf6,
  0xf7, 0xfe, 0xf7, 0xf6, 0x18, 0xff, 0x99, 0xff, 0x38, 0xff, 0xd3, 0xd5, 0x0d, 0xa4, 0xe9, 0x82, 0x47, 0x72, 0xe6, 0x69, 0xe6, 0x61, 0xe9, 0x82, 0xb6, 0xf6, 0xf7, 0xfe, 0xf6, 0xfe, 0xcf, 0xc4,
  0xe2, 0x48, 0x65, 0x41, 0xba, 0xce, 0xff, 0xef, 0xdf, 0xe7, 0xdf, 0xe7, 0xdf, 0xe7, 0xdf, 0xe7, 0xff, 0xef, 0x3c, 0xcf, 0x79, 0xae, 0x59, 0xae, 0xf8, 0xa5, 0x52, 0x7c, 0xcc, 0x52, 0x86, 0x41,
  0x82, 0x38, 0x00, 0x28, 0x28, 0x6a, 0xdb, 0xe6, 0x00, 0x30, 0x66, 0x51, 0x41, 0x30, 0x00, 0x30, 0x25, 0x31, 0x63, 0x08, 0x63, 0x08, 0x63, 0x08, 0x63, 0x08, 0x63, 0x08, 0x47, 0x19, 0x63, 0x08,
  0x63, 0x08, 0x63, 0x08, 0x63, 0x08, 0x63, 0x08, 0x63, 0x08, 0x63, 0x08, 0x63, 0x08, 0x63, 0x08, 0x63, 0x08, 0x63, 0x08, 0x63, 0x08, 0x63, 0x08, 0x63, 0x08, 0x63, 0x08, 0x48, 0x19, 0x63, 0x08,
  0xa4, 0x10, 0x63, 0x08, 0x63, 0x08, 0x63, 0x08, 0x63, 0x08, 0x63, 0x08, 0x63, 0x08, 0x63, 0x08, 0x63, 0x08, 0x63, 0x08, 0x63, 0x08, 0x63, 0x08, 0x63, 0x08, 0x63, 0x08, 0x63, 0x08, 0x63, 0x08,
  0x63, 0x08, 0x63, 0x08, 0x63, 0x08, 0x63, 0x08, 0x63, 0x08, 0x63, 0x08, 0x63, 0x08, 0x63, 0x08, 0x63, 0x08, 0x63, 0x08, 0x63, 0x08, 0x63, 0x08, 0x63, 0x08, 0x63, 0x08, 0x63, 0x08, 0x63, 0x08,
  0xa4, 0x10, 0x63, 0x08, 0x63, 0x08, 0x63, 0x08, 0x63, 0x08, 0x63, 0x08, 0x63, 0x08, 0x63, 0x08, 0x63, 0x08, 0x63, 0x08, 0x63, 0x08, 0x63, 0x08, 0x63, 0x08, 0x63, 0x08, 0x63, 0x08, 0x63, 0x08,
  0x63, 0x08, 0x63, 0x08, 0x63, 0x08, 0x63, 0x08, 0x63, 0x08, 0x63, 0x08, 0x63, 0x08, 0x63, 0x08, 0x63, 0x08, 0x63, 0x08, 0x63, 0x08, 0x63, 0x08, 0x63, 0x08, 0x63, 0x08, 0x63, 0x08, 0x63, 0x08,
  0xa4, 0x10, 0x63, 0x08, 0x63, 0x08, 0x63, 0x08, 0x63, 0x08, 0x63, 0x08, 0x63, 0x08, 0x63, 0x08, 0x63, 0x08, 0x63, 0x08, 0x63, 0x08, 0x63, 0x08, 0x63, 0x08, 0x63, 0x08, 0x63, 0x08, 0x63, 0x08,
  0x63, 0x08, 0x63, 0x08, 0x63, 0x08, 0x48, 0x19, 0x48, 0x19, 0x48, 0x19, 0x48, 0x19, 0x48, 0x19, 0x63, 0x08, 0x63, 0x08, 0x63, 0x08, 0x63, 0x08, 0x63, 0x08, 0x63, 0x08, 0x63, 0x08, 0x63, 0x08,
  0xa4, 0x10, 0x63, 0x08, 0x47, 0x19, 0x47, 0x19, 0x47, 0x19, 0x47, 0x19, 0x47, 0x19, 0x47, 0x19, 0x47, 0x19, 0x63, 0x08, 0x63, 0x08, 0x63, 0x08, 0x63, 0x08, 0x63, 0x08, 0x63, 0x08, 0x63, 0x08,
  0x63, 0x08, 0x47, 0x19, 0x63, 0x08, 0x63, 0x08, 0x63, 0x08, 0x63, 0x08, 0x63, 0x08, 0x63, 0x08, 0x63, 0x08, 0x63, 0x08, 0x63, 0x08, 0x63, 0x08, 0x63, 0x08, 0x27, 0x19, 0x63, 0x08, 0x63, 0x08,
  0xa4, 0x10, 0x63, 0x08, 0x63, 0x08, 0x63, 0x08, 0x63, 0x08, 0x63, 0x08, 0x63, 0x08, 0x63, 0x08, 0x63, 0x08, 0x63, 0x08, 0x63, 0x08, 0x63, 0x08, 0x63, 0x08, 0x27, 0x19, 0x63, 0x08, 0x63, 0x08,
  0x63, 0x08, 0x63, 0x08, 0x63, 0x08, 0x63, 0x08, 0x63, 0x08, 0x63, 0x08, 0x63, 0x08, 0x26, 0x19, 0x63, 0x08, 0x63, 0x08, 0x63, 0x08, 0x26, 0x19, 0x26, 0x19, 0x26, 0x19, 0x63, 0x08, 0x63, 0x08,
  0xa4, 0x10, 0x63, 0x08, 0x63, 0x08, 0x63, 0x08, 0x63, 0x08, 0x63, 0x08, 0x63, 0x08, 0x63, 0x08, 0x63, 0x08, 0x63, 0x08, 0x63, 0x08, 0x63, 0x08, 0x63, 0x08, 0x63, 0x08, 0x63, 0x08, 0x63, 0x08,
  0x63, 0x08, 0x63, 0x08, 0x63, 0x08, 0x63, 0x08, 0x63, 0x08, 0x63, 0x08, 0x63, 0x08, 0x63, 0x08, 0x06, 0x19, 0x63, 0x08, 0x63, 0x08, 0x63, 0x08, 0x63, 0x08, 0x63, 0x08, 0x63, 0x08, 0x63, 0x08,
  0x26, 0x19, 0x63, 0x08, 0x63, 0x08, 0x63, 0x08, 0x63, 0x08, 0x63, 0x08, 0x63, 0x08, 0x63, 0x08, 0x61, 0x28, 0x00, 0x28, 0x06, 0x6a, 0x06, 0x6a, 0x82, 0x38, 0x62, 0x38, 0x00, 0x28, 0x21, 0x30,
  0x31, 0x7c, 0x71, 0x84, 0x6e, 0x6b, 0x51, 0x84, 0x96, 0xad, 0xd7, 0xb5, 0x7a, 0xce, 0x1c, 0xe7, 0x5d, 0xef, 0xbe, 0xff, 0xff, 0xff, 0xff, 0xff, 0x9d, 0xf7, 0xc7, 0x61, 0xa1, 0x40, 0xcb, 0xa3,
  0xf1, 0xe5, 0xd1, 0xe5, 0x91, 0xdd, 0xf2, 0xe5, 0x06, 0x72, 0x62, 0x30, 0x31, 0xa4, 0xf8, 0xcd, 0x76, 0xbd, 0x51, 0x9c, 0x8a, 0x72, 0x45, 0x51, 0x85, 0x59, 0xcc, 0x9b, 0xd6, 0xf6, 0x79, 0xff,
  0xd7, 0xf6, 0x17, 0xff, 0x78, 0xff, 0x58, 0xff, 0xb6, 0xee, 0x38, 0xff, 0x55, 0xe6, 0xb6, 0xf6, 0x34, 0xe6, 0xd6, 0xf6, 0xd6, 0xf6, 0x55, 0xe6, 0x95, 0xee, 0x79, 0xff, 0x58, 0xff, 0x18, 0xff,
  0xf7, 0xf6, 0x99, 0xff, 0xd6, 0xf6, 0xcc, 0x9b, 0x85, 0x59, 0x45, 0x51, 0xaa, 0x72, 0x31, 0x9c, 0x55, 0xbd, 0x18, 0xce, 0x4e, 0x8b, 0x00, 0x20, 0xed, 0xa3, 0x38, 0xff, 0x75, 0xee, 0x95, 0xf6,
  0x54, 0xee, 0xa8, 0x82, 0x61, 0x30, 0x75, 0xad, 0xfb, 0xd6, 0x9a, 0xce, 0x79, 0xc6, 0x39, 0xbe, 0x18, 0xbe, 0x55, 0x9d, 0x10, 0x7c, 0x34, 0x95, 0x7a, 0xae, 0x31, 0x7c, 0x66, 0x41, 0x42, 0x30,
  0x00, 0x28, 0x00, 0x28, 0x00, 0x30, 0xa2, 0x40, 0x23, 0x51, 0x66, 0x7a, 0xe2, 0x48, 0x00, 0x28, 0x66, 0x39, 0x63, 0x08, 0x63, 0x08, 0x63, 0x08, 0x63, 0x08, 0x63, 0x08, 0x47, 0x19, 0x63, 0x08,
  0x63, 0x08, 0x63, 0x08, 0x63, 0x08, 0x63, 0x08, 0x63, 0x08, 0x63, 0x08, 0x63, 0x08, 0x63, 0x08, 0x63, 0x08, 0x63, 0x08, 0x63, 0x08, 0x63, 0x08, 0x63, 0x08, 0x63, 0x08, 0x48, 0x19, 0x63, 0x08,
  0xa4, 0x10, 0x63, 0x08, 0x63, 0x08, 0x63, 0x08, 0x63, 0x08, 0x63, 0x08, 0x63, 0x08, 0x63, 0x08, 0x63, 0x08, 0x63, 0x08, 0x63, 0x08, 0x63, 0x08, 0x63, 0x08, 0x63, 0x08, 0x63, 0x08, 0x63, 0x08,
  0x63, 0x08, 0x63, 0x08, 0x63, 0x08, 0x63, 0x08, 0x63, 0x08, 0x63, 0x08, 0x63, 0x08, 0x63, 0x08, 0x63, 0x08, 0x63, 0x08, 0x63, 0x08, 0x63, 0x08, 0x63, 0x08, 0x63, 0x08, 0x63, 0x08, 0x63, 0x08,
  0xa4, 0x10, 0x63, 0x08, 0x63, 0x08, 0x63, 0x08, 0x63, 0x08, 0x63, 0x08, 0x63, 0x08, 0x63, 0x08, 0x63, 0x08, 0x63, 0x08, 0x63, 0x08, 0x63, 0x08, 0x63, 0x08, 0x63, 0x08, 0x63, 0x08, 0x63, 0x08,
  0x63, 0x08, 0x63, 0x08, 0x63, 0x08, 0x63, 0x08, 0x63, 0x08, 0x63, 0x08, 0x63, 0x08, 0x63, 0x08, 0x63, 0x08, 0x63, 0x08, 0x63, 0x08, 0x63, 0x08, 0x63, 0x08, 0x63, 0x08, 0x63, 0x08, 0x63, 0x08,
  0xa4, 0x10, 0x63, 0x08, 0x63, 0x08, 0x63, 0x08, 0x63, 0x08, 0x63, 0x08, 0x63, 0x08, 0x63, 0x08, 0x63, 0x08, 0x63, 0x08, 0x63, 0x08, 0x63, 0x08, 0x63, 0x08, 0x63, 0x08, 0x63, 0x08, 0x63, 0x08,
  0x63, 0x08, 0x63, 0x08, 0x63, 0x08, 0x48, 0x19, 0x48, 0x19, 0x48, 0x19, 0x48, 0x19, 0x48, 0x19, 0x63, 0x08, 0x63, 0x08, 0x63, 0x08, 0x63, 0x08, 0x63, 0x08, 0x63, 0x08, 0x63, 0x08, 0x63, 0x08,
  0xa4, 0x10, 0x63, 0x08, 0x47, 0x19, 0x47, 0x19, 0x47, 0x19, 0x47, 0x19, 0x47, 0x19, 0x47, 0x19, 0x47, 0x19, 0x63, 0x08, 0x63, 0x08, 0x63, 0x08, 0x63, 0x08, 0x63, 0x08, 0x63, 0x08, 0x63, 0x08,
  0x47, 0x19, 0x63, 0x08, 0x63, 0x08, 0x63, 0x08, 0x63, 0x08, 0x63, 0x08, 0x63, 0x08, 0x63, 0x08, 0x63, 0x08, 0x63, 0x08, 0x63, 0x08, 0x63, 0x08, 0x27, 0x19, 0x63, 0x08, 0x63, 0x08, 0x63, 0x08,
  0xa4, 0x10, 0x63, 0x08, 0x63, 0x08, 0x63, 0x08, 0x63, 0x08, 0x63, 0x08, 0x63, 0x08, 0x63, 0x08, 0x63, 0x08, 0x63, 0x08, 0x63, 0x08, 0x63, 0x08, 0x27, 0x19, 0x63, 0x08, 0x63, 0x08, 0x63, 0x08,
  0x63, 0x08, 0x63, 0x08, 0x63, 0x08, 0x63, 0x08, 0x63, 0x08, 0x63, 0x08, 0x63, 0x08, 0x26, 0x19, 0x63, 0x08, 0x63, 0x08, 0x26, 0x19, 0x26, 0x19, 0x26, 0x19, 0x26, 0x19, 0x26, 0x19, 0x63, 0x08,
  0xa4, 0x10, 0x63, 0x08, 0x63, 0x08, 0x63, 0x08, 0x63, 0x08, 0x63, 0x08, 0x63, 0x08, 0x63, 0x08, 0x63, 0x08, 0x63, 0x08, 0x63, 0x08, 0x63, 0x08, 0x63, 0x08, 0x63, 0x08, 0x63, 0x08, 0x63, 0x08,
  0x63, 0x08, 0x63, 0x08, 0x63, 0x08, 0x63, 0x08, 0x63, 0x08, 0x63, 0x08, 0x63, 0x08, 0x63, 0x08, 0x06, 0x19, 0x63, 0x08, 0x63, 0x08, 0x63, 0x08, 0x63, 0x08, 0x63, 0x08, 0x63, 0x08, 0x63, 0x08,
  0x26, 0x19, 0x63, 0x08, 0x63, 0x08, 0x63, 0x08, 0x63, 0x08, 0x63, 0x08, 0x63, 0x08, 0x63, 0x08, 0x61, 0x28, 0x00, 0x20, 0x2d, 0xac, 0xf2, 0xed, 0x0f, 0xc5, 0xce, 0xc4, 0x6a, 0x9b, 0x21, 0x30,
  0xe7, 0x49, 0x40, 0x38, 0x84, 0x61, 0x03, 0x51, 0xc2, 0x48, 0xa2, 0x40, 0xc2, 0x48, 0xa2, 0x40, 0xc3, 0x40, 0xe3, 0x40, 0xaf, 0x93, 0xff, 0xff, 0x72, 0xa4, 0x81, 0x48, 0xd1, 0xdd, 0xd1, 0xe5,
  0x70, 0xd5, 0xb1, 0xdd, 0xf2, 0xe5, 0x53, 0xee, 0xc2, 0x40, 0x14, 0xb5, 0xff, 0xff, 0xff, 0xff, 0xff, 0xff, 0xff, 0xff, 0xff, 0xff, 0x9e, 0xf7, 0x55, 0xbd, 0xe8, 0x59, 0xc2, 0x38, 0x6f, 0xac,
  0x79, 0xff, 0x95, 0xee, 0x72, 0xc5, 0x0d, 0x9c, 0x61, 0x30, 0xc6, 0x59, 0x82, 0x38, 0x24, 0x49, 0xa2, 0x40, 0x44, 0x49, 0x64, 0x51, 0xa2, 0x38, 0x82, 0x30, 0x6f, 0xa4, 0x92, 0xcd, 0xd6, 0xf6,
  0x58, 0xff, 0x4e, 0xac, 0xc2, 0x38, 0x49, 0x62, 0xb6, 0xc5, 0xbe, 0xf7, 0xff, 0xff, 0xff, 0xff, 0xff, 0xff, 0xde, 0xff, 0xff, 0xff, 0x8e, 0x93, 0xa5, 0x61, 0x79, 0xff, 0xf7, 0xf6, 0x95, 0xee,
  0x33, 0xe6, 0x94, 0xf6, 0xab, 0x9b, 0x41, 0x30, 0xc2, 0x40, 0xc2, 0x40, 0xa2, 0x40, 0xa2, 0x40, 0xa2, 0x40, 0xe2, 0x48, 0x02, 0x51, 0x61, 0x40, 0xf3, 0x8c, 0x45, 0x49, 0xe2, 0x48, 0x46, 0x7a,
  0xa7, 0x82, 0x69, 0x9b, 0x0b, 0xac, 0x8d, 0xbc, 0xad, 0xc4, 0xb0, 0xe5, 0xc5, 0x61, 0x00, 0x20, 0xa7, 0x41, 0x63, 0x08, 0x63, 0x08, 0x63, 0x08, 0x63, 0x08, 0x63, 0x08, 0x47, 0x19, 0x63, 0x08,
  0x63, 0x08, 0x63, 0x08, 0x63, 0x08, 0x63, 0x08, 0x63, 0x08, 0x63, 0x08, 0x63, 0x08, 0x63, 0x08, 0x63, 0x08, 0x63, 0x08, 0x63, 0x08, 0x63, 0x08, 0x63, 0x08, 0x63, 0x08, 0x48, 0x19, 0x63, 0x08,
  0xa4, 0x10, 0x63, 0x08, 0x63, 0x08, 0x63, 0x08, 0x63, 0x08, 0x63, 0x08, 0x63, 0x08, 0x63, 0x08, 0x63, 0x08, 0x63, 0x08, 0x63, 0x08, 0x63, 0x08, 0x63, 0x08, 0x63, 0x08, 0x63, 0x08, 0x63, 0x08,
  0x63, 0x08, 0x63, 0x08, 0x63, 0x08, 0x63, 0x08, 0x63, 0x08, 0x63, 0x08, 0x63, 0x08, 0x63, 0x08, 0x63, 0x08, 0x63, 0x08, 0x63, 0x08, 0x63, 0x08, 0x63, 0x08, 0x63, 0x08, 0x63, 0x08, 0x63, 0x08,
  0xa4, 0x10, 0x63, 0x08, 0x63, 0x08, 0x63, 0x08, 0x63, 0x08, 0x63, 0x08, 0x63, 0x08, 0x63, 0x08, 0x63, 0x08, 0x63, 0x08, 0x63, 0x08, 0x63, 0x08, 0x63, 0x08, 0x63, 0x08, 0x63, 0x08, 0x63, 0x08,
  0x63, 0x08, 0x63, 0x08, 0x63, 0x08, 0x63, 0x08, 0x63, 0x08, 0x63, 0x08, 0x63, 0x08, 0x63, 0x08, 0x63, 0x08, 0x63, 0x08, 0x63, 0x08, 0x63, 0x08, 0x63, 0x08, 0x63, 0x08, 0x63, 0x08, 0x63, 0x08,
  0xa4, 0x10, 0x63, 0x08, 0x63, 0x08, 0x63, 0x08, 0x63, 0x08, 0x63, 0x08, 0x63, 0x08, 0x63, 0x08, 0x63, 0x08, 0x63, 0x08, 0x63, 0x08, 0x63, 0x08, 0x63, 0x08, 0x63, 0x08, 0x63, 0x08, 0x63, 0x08,
  0x63, 0x08, 0x63, 0x08, 0x63, 0x08, 0x48, 0x19, 0x48, 0x19, 0x48, 0x19, 0x48, 0x19, 0x48, 0x19, 0x63, 0x08, 0x63, 0x08, 0x63, 0x08, 0x63, 0x08, 0x63, 0x08, 0x63, 0x08, 0x63, 0x08, 0x63, 0x08,
  0xa4, 0x10, 0x47, 0x19, 0x63, 0x08, 0x63, 0x08, 0x63, 0x08, 0x63, 0x08, 0x63, 0x08, 0x63, 0x08, 0x63, 0x08, 0x63, 0x08, 0x63, 0x08, 0x63, 0x08, 0x63, 0x08, 0x63, 0x08, 0x63, 0x08, 0x47, 0x19,
  0x63, 0x08, 0x63, 0x08, 0x63, 0x08, 0x63, 0x08, 0x63, 0x08, 0x63, 0x08, 0x63, 0x08, 0x63, 0x08, 0x63, 0x08, 0x63, 0x08, 0x63, 0x08, 0x27, 0x19, 0x63, 0x08, 0x63, 0x08, 0x63, 0x08, 0x63, 0x08,
  0xa4, 0x10, 0x63, 0x08, 0x63, 0x08, 0x63, 0x08, 0x63, 0x08, 0x63, 0x08, 0x63, 0x08, 0x63, 0x08, 0x63, 0x08, 0x63, 0x08, 0x63, 0x08, 0x27, 0x19, 0x63, 0x08, 0x63, 0x08, 0x63, 0x08, 0x63, 0x08,
  0x63, 0x08, 0x63, 0x08, 0x63, 0x08, 0x63, 0x08, 0x63, 0x08, 0x63, 0x08, 0x63, 0x08, 0x26, 0x19, 0x63, 0x08, 0x63, 0x08, 0x26, 0x19, 0x26, 0x19, 0x26, 0x19, 0x26, 0x19, 0x26, 0x19, 0x63, 0x08,
  0xa4, 0x10, 0x63, 0x08, 0x63, 0x08, 0x63, 0x08, 0x63, 0x08, 0x63, 0x08, 0x63, 0x08, 0x63, 0x08, 0x63, 0x08, 0x63, 0x08, 0x63, 0x08, 0x63, 0x08, 0x63, 0x08, 0x63, 0x08, 0x63, 0x08, 0x63, 0x08,
  0x63, 0x08, 0x63, 0x08, 0x63, 0x08, 0x63, 0x08, 0x63, 0x08, 0x63, 0x08, 0x63, 0x08, 0x63, 0x08, 0x06, 0x19, 0x63, 0x08, 0x63, 0x08, 0x63, 0x08, 0x63, 0x08, 0x63, 0x08, 0x63, 0x08, 0x63, 0x08,
  0x26, 0x19, 0x63, 0x08, 0x63, 0x08, 0x63, 0x08, 0x63, 0x08, 0x63, 0x08, 0x63, 0x08, 0x63, 0x08, 0x41, 0x28, 0x00, 0x20, 0xec, 0xa3, 0x0b, 0xbc, 0x69, 0xab, 0x4c, 0xbc, 0xf1, 0xed, 0x26, 0x72,
  0x00, 0x20, 0x8d, 0xbc, 0x11, 0xe6, 0xd1, 0xdd, 0xd1, 0xdd, 0xb1, 0xdd, 0xb1, 0xdd, 0x70, 0xd5, 0x30, 0xcd, 0xae, 0xc4, 0x20, 0x38, 0xf7, 0xcd, 0x8b, 0x72, 0xc8, 0x8a, 0x32, 0xee, 0x50, 0xd5,
  0x90, 0xdd, 0xf2, 0xe5, 0x54, 0xee, 0xb5, 0xf6, 0x23, 0x51, 0xd7, 0xc5, 0xbc, 0xff, 0x70, 0xac, 0x50, 0xa4, 0xf6, 0xcd, 0x5c, 0xef, 0xff, 0xff, 0xff, 0xff, 0xff, 0xff, 0x55, 0xbd, 0x62, 0x30,
  0xa5, 0x51, 0x64, 0x59, 0x02, 0x49, 0x83, 0x69, 0x45, 0x7a, 0xc8, 0xcb, 0xa6, 0x9a, 0xe6, 0xb2, 0xc5, 0xba, 0xc6, 0xb2, 0x48, 0xcb, 0x86, 0xb2, 0x04, 0x7a, 0x83, 0x71, 0x61, 0x48, 0x23, 0x51,
  0x64, 0x51, 0xc3, 0x38, 0xb6, 0xc5, 0xff, 0xff, 0xff, 0xff, 0xff, 0xff, 0x9d, 0xf7, 0xd6, 0xcd, 0xce, 0x93, 0x90, 0xac, 0xbc, 0xff, 0xf4, 0xb4, 0xc6, 0x69, 0x79, 0xff, 0xf7, 0xf6, 0xf7, 0xf6,
  0x95, 0xee, 0x13, 0xe6, 0x53, 0xee, 0xb1, 0xdd, 0x71, 0xd5, 0x91, 0xd5, 0x91, 0xdd, 0xb1, 0xdd, 0xb1, 0xdd, 0xb1, 0xdd, 0x32, 0xee, 0x49, 0x93, 0x20, 0x28, 0xe2, 0x48, 0x4f, 0xd5, 0xb0, 0xdd,
  0x90, 0xdd, 0x0e, 0xcd, 0x2b, 0xb4, 0x89, 0xab, 0xc6, 0x92, 0x6c, 0xc4, 0xc5, 0x61, 0x00, 0x20, 0xa7, 0x49, 0x63, 0x08, 0x63, 0x08, 0x63, 0x08, 0x63, 0x08, 0x63, 0x08, 0x47, 0x19, 0x63, 0x08,
  0x63, 0x08, 0x63, 0x08, 0x63, 0x08, 0x63, 0x08, 0x63, 0x08, 0x63, 0x08, 0x63, 0x08, 0x63, 0x08, 0x63, 0x08, 0x63, 0x08, 0x63, 0x08, 0x63, 0x08, 0x63, 0x08, 0x63, 0x08, 0x48, 0x19, 0x63, 0x08,
  0xa4, 0x10, 0x63, 0x08, 0x63, 0x08, 0x63, 0x08, 0x63, 0x08, 0x63, 0x08, 0x63, 0x08, 0x63, 0x08, 0x63, 0x08, 0x63, 0x08, 0x63, 0x08, 0x63, 0x08, 0x63, 0x08, 0x63, 0x08, 0x63, 0x08, 0x63, 0x08,
  0x63, 0x08, 0x63, 0x08, 0x63, 0x08, 0x63, 0x08, 0x63, 0x08, 0x63, 0x08, 0x63, 0x08, 0x63, 0x08, 0x63, 0x08, 0x63, 0x08, 0x63, 0x08, 0x63, 0x08, 0x63, 0x08, 0x63, 0x08, 0x63, 0x08, 0x63, 0x08,
  0xa4, 0x10, 0x63, 0x08, 0x63, 0x08, 0x63, 0x08, 0x63, 0x08, 0x63, 0x08, 0x63, 0x08, 0x63, 0x08, 0x63, 0x08, 0x63, 0x08, 0x63, 0x08, 0x63, 0x08, 0x63, 0x08, 0x63, 0x08, 0x63, 0x08, 0x63, 0x08,
  0x63, 0x08, 0x63, 0x08, 0x63, 0x08, 0x63, 0x08, 0x63, 0x08, 0x63, 0x08, 0x63, 0x08, 0x63, 0x08, 0x63, 0x08, 0x63, 0x08, 0x63, 0x08, 0x63, 0x08, 0x63, 0x08, 0x63, 0x08, 0x63, 0x08, 0x63, 0x08,
  0xa4, 0x10, 0x63, 0x08, 0x63, 0x08, 0x63, 0x08, 0x63, 0x08, 0x63, 0x08, 0x63, 0x08, 0x63, 0x08, 0x63, 0x08, 0x63, 0x08, 0x63, 0x08, 0x63, 0x08, 0x63, 0x08, 0x63, 0x08, 0x63, 0x08, 0x63, 0x08,
  0x63, 0x08, 0x63, 0x08, 0x48, 0x19, 0x63, 0x08, 0x63, 0x08, 0x63, 0x08, 0x63, 0x08, 0x63, 0x08, 0x63, 0x08, 0x63, 0x08, 0x63, 0x08, 0x63, 0x08, 0x63, 0x08, 0x63, 0x08, 0x63, 0x08, 0x63, 0x08,
  0x68, 0x21, 0x63, 0x08, 0x63, 0x08, 0x63, 0x08, 0x63, 0x08, 0x63, 0x08, 0x63, 0x08, 0x63, 0x08, 0x63, 0x08, 0x63, 0x08, 0x63, 0x08, 0x63, 0x08, 0x63, 0x08, 0x63, 0x08, 0x47, 0x19, 0x63, 0x08,
  0x63, 0x08, 0x63, 0x08, 0x63, 0x08, 0x63, 0x08, 0x63, 0x08, 0x63, 0x08, 0x63, 0x08, 0x63, 0x08, 0x63, 0x08, 0x63, 0x08, 0x27, 0x19, 0x63, 0x08, 0x63, 0x08, 0x63, 0x08, 0x63, 0x08, 0x63, 0x08,
  0xa4, 0x10, 0x63, 0x08, 0x63, 0x08, 0x63, 0x08, 0x63, 0x08, 0x63, 0x08, 0x63, 0x08, 0x63, 0x08, 0x63, 0x08, 0x63, 0x08, 0x27, 0x19, 0x63, 0x08, 0x63, 0x08, 0x63, 0x08, 0x63, 0x08, 0x63, 0x08,
  0x63, 0x08, 0x63, 0x08, 0x63, 0x08, 0x63, 0x08, 0x63, 0x08, 0x63, 0x08, 0x63, 0x08, 0x26, 0x19, 0x63, 0x08, 0x63, 0x08, 0x26, 0x19, 0x26, 0x19, 0x26, 0x19, 0x26, 0x19, 0x26, 0x19, 0x63, 0x08,
  0xa4, 0x10, 0x63, 0x08, 0x63, 0x08, 0x63, 0x08, 0x63, 0x08, 0x63, 0x08, 0x63, 0x08, 0x63, 0x08, 0x63, 0x08, 0x63, 0x08, 0x63, 0x08, 0x63, 0x08, 0x63, 0x08, 0x63, 0x08, 0x63, 0x08, 0x63, 0x08,
  0x63, 0x08, 0x63, 0x08, 0x63, 0x08, 0x63, 0x08, 0x63, 0x08, 0x63, 0x08, 0x63, 0x08, 0x63, 0x08, 0x06, 0x19, 0x63, 0x08, 0x63, 0x08, 0x63, 0x08, 0x63, 0x08, 0x63, 0x08, 0x63, 0x08, 0x63, 0x08,
  0x67, 0x21, 0xa4, 0x10, 0xa4, 0x10, 0xa4, 0x10, 0xa4, 0x10, 0xa4, 0x10, 0xa4, 0x10, 0xa4, 0x10, 0x61, 0x28, 0x00, 0x20, 0xec, 0xa3, 0x2b, 0xbc, 0x48, 0xa3, 0x0b, 0xb4, 0x0e, 0xcd, 0xce, 0xc4,
  0x8a, 0x9b, 0xb0, 0xdd, 0x2f, 0xd5, 0x90, 0xdd, 0xd1, 0xdd, 0xf2, 0xe5, 0x12, 0xe6, 0x53, 0xee, 0x53, 0xee, 0x94, 0xf6, 0xab, 0xa3, 0x05, 0x49, 0x25, 0x51, 0xae, 0xbc, 0xf2, 0xe5, 0xb1, 0xdd,
  0x13, 0xe6, 0x74, 0xee, 0x95, 0xf6, 0x37, 0xff, 0xc5, 0x61, 0xb7, 0xbd, 0x9c, 0xff, 0xd1, 0xb4, 0xa2, 0x38, 0xc2, 0x40, 0xea, 0x82, 0x17, 0xd6, 0xff, 0xff, 0xff, 0xff, 0xff, 0xff, 0x9d, 0xff,
  0xa3, 0x30, 0x02, 0x61, 0xc7, 0xf3, 0x45, 0xeb, 0x44, 0xf3, 0x04, 0xf3, 0x44, 0xfb, 0x24, 0xfb, 0x04, 0xfb, 0xe5, 0xf2, 0x64, 0xea, 0x64, 0xe2, 0x64, 0xda, 0x25, 0xda, 0xc4, 0xd1, 0x00, 0x48,
  0x45, 0x49, 0xdf, 0xff, 0xff, 0xff, 0xff, 0xff, 0xff, 0xff, 0x94, 0xc5, 0x07, 0x62, 0x81, 0x38, 0x64, 0x51, 0x52, 0xc5, 0xdd, 0xff, 0xd3, 0xac, 0x26, 0x6a, 0x99, 0xff, 0xf7, 0xf6, 0xf7, 0xf6,
  0xb6, 0xf6, 0x54, 0xee, 0x13, 0xe6, 0x53, 0xee, 0x33, 0xee, 0x13, 0xe6, 0x12, 0xe6, 0xf2, 0xe5, 0xf2, 0xe5, 0xd2, 0xdd, 0xb1, 0xdd, 0xf1, 0xe5, 0xe2, 0x48, 0x29, 0x93, 0xd0, 0xe5, 0x2e, 0xcd,
  0x2e, 0xcd, 0xee, 0xcc, 0x6c, 0xbc, 0xa9, 0xab, 0xe7, 0x92, 0xad, 0xc4, 0xc5, 0x61, 0x00, 0x20, 0xc7, 0x49, 0xa4, 0x10, 0xa4, 0x10, 0xa4, 0x10, 0xa4, 0x10, 0xa4, 0x10, 0x67, 0x21, 0xa4, 0x10,
  0xa4, 0x10, 0xa4, 0x10, 0xa4, 0x10, 0xa4, 0x10, 0xa4, 0x10, 0xa4, 0x10, 0xa4, 0x10, 0xa4, 0x10, 0xa4, 0x10, 0xa4, 0x10, 0xa4, 0x10, 0xa4, 0x10, 0xa4, 0x10, 0xa4, 0x10, 0x68, 0x21, 0xa4, 0x10,
  0xc4, 0x10, 0xa4, 0x10, 0xa4, 0x10, 0xa4, 0x10, 0xa4, 0x10, 0xa4, 0x10, 0xa4, 0x10, 0xa4, 0x10, 0xa4, 0x10, 0xa4, 0x10, 0xa4, 0x10, 0xa4, 0x10, 0xa4, 0x10, 0xa4, 0x10, 0xa4, 0x10, 0xa4, 0x10,
  0xa4, 0x10, 0xa4, 0x10, 0xa4, 0x10, 0xa4, 0x10, 0xa4, 0x10, 0xa4, 0x10, 0xa4, 0x10, 0xa4, 0x10, 0xa4, 0x10, 0xa4, 0x10, 0xa4, 0x10, 0xa4, 0x10, 0xa4, 0x10, 0xa4, 0x10, 0xa4, 0x10, 0xa4, 0x10,
  0xc4, 0x10, 0xa4, 0x10, 0xa4, 0x10, 0xa4, 0x10, 0xa4, 0x10, 0xa4, 0x10, 0xa4, 0x10, 0xa4, 0x10, 0xa4, 0x10, 0xa4, 0x10, 0xa4, 0x10, 0xa4, 0x10, 0xa4, 0x10, 0xa4, 0x10, 0xa4, 0x10, 0xa4, 0x10,
  0xa4, 0x10, 0xa4, 0x10, 0xa4, 0x10, 0xa4, 0x10, 0xa4, 0x10, 0xa4, 0x10, 0xa4, 0x10, 0xa4, 0x10, 0xa4, 0x10, 0xa4, 0x10, 0xa4, 0x10, 0xa4, 0x10, 0xa4, 0x10, 0xa4, 0x10, 0xa4, 0x10, 0xa4, 0x10,
  0xc4, 0x10, 0xa4, 0x10, 0xa4, 0x10, 0xa4, 0x10, 0xa4, 0x10, 0xa4, 0x10, 0xa4, 0x10, 0xa4, 0x10, 0xa4, 0x10, 0xa4, 0x10, 0xa4, 0x10, 0xa4, 0x10, 0xa4, 0x10, 0xa4, 0x10, 0xa4, 0x10, 0xa4, 0x10,
  0xa4, 0x10, 0x68, 0x21, 0xa4, 0x10, 0xa4, 0x10, 0xa4, 0x10, 0xa4, 0x10, 0xa4, 0x10, 0xa4, 0x10, 0xa4, 0x10, 0xa4, 0x10, 0xa4, 0x10, 0xa4, 0x10, 0xa4, 0x10, 0xa4, 0x10, 0xa4, 0x10, 0x68, 0x21,
  0xc4, 0x10, 0xa4, 0x10, 0xa4, 0x10, 0xa4, 0x10, 0xa4, 0x10, 0xa4, 0x10, 0xa4, 0x10, 0xa4, 0x10, 0xa4, 0x10, 0xa4, 0x10, 0xa4, 0x10, 0xa4, 0x10, 0xa4, 0x10, 0x67, 0x21, 0xa4, 0x10, 0xa4, 0x10,
  0xa4, 0x10, 0xa4, 0x10, 0xa4, 0x10, 0xa4, 0x10, 0xa4, 0x10, 0xa4, 0x10, 0xa4, 0x10, 0xa4, 0x10, 0xa4, 0x10, 0x67, 0x21, 0xa4, 0x10, 0xa4, 0x10, 0xa4, 0x10, 0xa4, 0x10, 0xa4, 0x10, 0xa4, 0x10,
  0xc4, 0x10, 0xa4, 0x10, 0xa4, 0x10, 0xa4, 0x10, 0xa4, 0x10, 0xa4, 0x10, 0xa4, 0x10, 0xa4, 0x10, 0xa4, 0x10, 0x47, 0x21, 0xa4, 0x10, 0xa4, 0x10, 0xa4, 0x10, 0xa4, 0x10, 0xa4, 0x10, 0xa4, 0x10,
  0xa4, 0x10, 0xa4, 0x10, 0xa4, 0x10, 0xa4, 0x10, 0xa4, 0x10, 0xa4, 0x10, 0xa4, 0x10, 0x47, 0x19, 0xa4, 0x10, 0xa4, 0x10, 0x47, 0x19, 0x47, 0x19, 0x47, 0x19, 0x47, 0x19, 0xa4, 0x10, 0xa4, 0x10,
  0xc4, 0x10, 0xa4, 0x10, 0xa4, 0x10, 0xa4, 0x10, 0xa4, 0x10, 0xa4, 0x10, 0xa4, 0x10, 0xa4, 0x10, 0xa4, 0x10, 0xa4, 0x10, 0xa4, 0x10, 0xa4, 0x10, 0xa4, 0x10, 0xa4, 0x10, 0xa4, 0x10, 0xa4, 0x10,
  0xa4, 0x10, 0xa4, 0x10, 0xa4, 0x10, 0xa4, 0x10, 0xa4, 0x10, 0xa4, 0x10, 0xa4, 0x10, 0xa4, 0x10, 0x26, 0x19, 0xa4, 0x10, 0xa4, 0x10, 0xa4, 0x10, 0xa4, 0x10, 0xa4, 0x10, 0xa4, 0x10, 0xa4, 0x10,
  0x26, 0x19, 0x63, 0x08, 0x63, 0x08, 0x63, 0x08, 0x63, 0x08, 0x63, 0x08, 0x63, 0x08, 0x63, 0x08, 0x41, 0x28, 0x00, 0x20, 0xcc, 0xa3, 0x0b, 0xbc, 0x48, 0xa3, 0x8c, 0xc4, 0x0e, 0xcd, 0x6f, 0xd5,
  0x90, 0xdd, 0x2e, 0xcd, 0x90, 0xdd, 0xf2, 0xdd, 0x13, 0xe6, 0x33, 0xe6, 0x54, 0xee, 0x54, 0xee, 0x54, 0xee, 0x13, 0xe6, 0x53, 0xee, 0xa2, 0x48, 0xa2, 0x48, 0x12, 0xe6, 0xf2, 0xe5, 0x12, 0xe6,
  0xb5, 0xee, 0xf6, 0xf6, 0xd6, 0xf6, 0x98, 0xff, 0xe6, 0x69, 0xd4, 0xac, 0xdd, 0xff, 0x56, 0xde, 0x0b, 0x83, 0x00, 0x28, 0x00, 0x28, 0x82, 0x40, 0xee, 0x9b, 0x9d, 0xf7, 0xff, 0xff, 0x51, 0x9c,
  0xc2, 0x38, 0xc3, 0x91, 0xe4, 0xf2, 0xa3, 0xe2, 0xa3, 0xe2, 0xc3, 0xea, 0xc3, 0xea, 0xe4, 0xea, 0xe4, 0xea, 0xe4, 0xea, 0xe4, 0xea, 0xc3, 0xea, 0x43, 0xda, 0xe3, 0xd1, 0x84, 0xc9, 0xc2, 0x80,
  0xe3, 0x48, 0xb3, 0xa4, 0xff, 0xff, 0x5c, 0xf7, 0xad, 0x93, 0x41, 0x30, 0x00, 0x28, 0x00, 0x30, 0x6c, 0x8b, 0x35, 0xde, 0xdd, 0xff, 0x31, 0x9c, 0xa8, 0x7a, 0xba, 0xff, 0xf7, 0xf6, 0x18, 0xff,
  0xf7, 0xf6, 0x75, 0xee, 0x54, 0xee, 0x54, 0xee, 0x54, 0xee, 0x54, 0xee, 0x34, 0xe6, 0x13, 0xe6, 0xf2, 0xe5, 0xf2, 0xe5, 0xb1, 0xdd, 0xb1, 0xdd, 0x0f, 0xcd, 0x70, 0xd5, 0x90, 0xdd, 0x6f, 0xd5,
  0x4f, 0xd5, 0x0e, 0xcd, 0xcd, 0xcc, 0xea, 0xb3, 0xe7, 0x9a, 0xad, 0xcc, 0xa5, 0x61, 0x00, 0x20, 0xa7, 0x49, 0x63, 0x08, 0x63, 0x08, 0x63, 0x08, 0x63, 0x08, 0x63, 0x08, 0x47, 0x19, 0x63, 0x08,
  0x63, 0x08, 0x63, 0x08, 0x63, 0x08, 0x63, 0x08, 0x63, 0x08, 0x63, 0x08, 0x63, 0x08, 0x63, 0x08, 0x63, 0x08, 0x63, 0x08, 0x63, 0x08, 0x63, 0x08, 0x63, 0x08, 0x63, 0x08, 0x48, 0x19, 0x63, 0x08,
  0xa4, 0x10, 0x63, 0x08, 0x63, 0x08, 0x63, 0x08, 0x63, 0x08, 0x63, 0x08, 0x63, 0x08, 0x63, 0x08, 0x63, 0x08, 0x63, 0x08, 0x63, 0x08, 0x63, 0x08, 0x63, 0x08, 0x63, 0x08, 0x63, 0x08, 0x63, 0x08,
  0x63, 0x08, 0x63, 0x08, 0x63, 0x08, 0x63, 0x08, 0x63, 0x08, 0x63, 0x08, 0x63, 0x08, 0x63, 0x08, 0x63, 0x08, 0x63, 0x08, 0x63, 0x08, 0x63, 0x08, 0x63, 0x08, 0x63, 0x08, 0x63, 0x08, 0x63, 0x08,
  0xa4, 0x10, 0x63, 0x08, 0x63, 0x08, 0x63, 0x08, 0x63, 0x08, 0x63, 0x08, 0x63, 0x08, 0x63, 0x08, 0x63, 0x08, 0x63, 0x08, 0x63, 0x08, 0x63, 0x08, 0x63, 0x08, 0x63, 0x08, 0x63, 0x08, 0x63, 0x08,
  0x63, 0x08, 0x63, 0x08, 0x63, 0x08, 0x63, 0x08, 0x63, 0x08, 0x63, 0x08, 0x63, 0x08, 0x63, 0x08, 0x63, 0x08, 0x63, 0x08, 0x63, 0x08, 0x63, 0x08, 0x63, 0x08, 0x63, 0x08, 0x63, 0x08, 0x63, 0x08,
  0xa4, 0x10, 0x63, 0x08, 0x63, 0x08, 0x63, 0x08, 0x63, 0x08, 0x63, 0x08, 0x63, 0x08, 0x63, 0x08, 0x63, 0x08, 0x63, 0x08, 0x63, 0x08, 0x63, 0x08, 0x63, 0x08, 0x63, 0x08, 0x63, 0x08, 0x63, 0x08,
  0x48, 0x19, 0x63, 0x08, 0x63, 0x08, 0x63, 0x08, 0x63, 0x08, 0x63, 0x08, 0x63, 0x08, 0x63, 0x08, 0x63, 0x08, 0x63, 0x08, 0x63, 0x08, 0x63, 0x08, 0x63, 0x08, 0x63, 0x08, 0x47, 0x19, 0x63, 0x08,
  0xa4, 0x10, 0x63, 0x08, 0x63, 0x08, 0x63, 0x08, 0x63, 0x08, 0x63, 0x08, 0x63, 0x08, 0x63, 0x08, 0x63, 0x08, 0x63, 0x08, 0x63, 0x08, 0x63, 0x08, 0x47, 0x19, 0x63, 0x08, 0x63, 0x08, 0x63, 0x08,
  0x63, 0x08, 0x63, 0x08, 0x63, 0x08, 0x63, 0x08, 0x63, 0x08, 0x63, 0x08, 0x63, 0x08, 0x63, 0x08, 0x27, 0x19, 0x63, 0x08, 0x63, 0x08, 0x63, 0x08, 0x63, 0x08, 0x63, 0x08, 0x63, 0x08, 0x63, 0x08,
  0xa4, 0x10, 0x63, 0x08, 0x63, 0x08, 0x63, 0x08, 0x63, 0x08, 0x63, 0x08, 0x63, 0x08, 0x63, 0x08, 0x27, 0x19, 0x63, 0x08, 0x63, 0x08, 0x63, 0x08, 0x63, 0x08, 0x63, 0x08, 0x63, 0x08, 0x63, 0x08,
  0x63, 0x08, 0x63, 0x08, 0x63, 0x08, 0x63, 0x08, 0x63, 0x08, 0x63, 0x08, 0x63, 0x08, 0x26, 0x19, 0x63, 0x08, 0x26, 0x19, 0x63, 0x08, 0x63, 0x08, 0x63, 0x08, 0x63, 0x08, 0x63, 0x08, 0x63, 0x08,
  0xa4, 0x10, 0x63, 0x08, 0x63, 0x08, 0x63, 0x08, 0x63, 0x08, 0x63, 0x08, 0x63, 0x08, 0x63, 0x08, 0x63, 0x08, 0x63, 0x08, 0x63, 0x08, 0x63, 0x08, 0x63, 0x08, 0x63, 0x08, 0x63, 0x08, 0x63, 0x08,
  0x63, 0x08, 0x63, 0x08, 0x63, 0x08, 0x63, 0x08, 0x63, 0x08, 0x63, 0x08, 0x63, 0x08, 0x63, 0x08, 0x06, 0x19, 0x63, 0x08, 0x63, 0x08, 0x63, 0x08, 0x63, 0x08, 0x63, 0x08, 0x63, 0x08, 0x63, 0x08,
  0x26, 0x19, 0x63, 0x08, 0x63, 0x08, 0x63, 0x08, 0x63, 0x08, 0x63, 0x08, 0x63, 0x08, 0x63, 0x08, 0x61, 0x28, 0x00, 0x20, 0xcb, 0xa3, 0x2b, 0xbc, 0xaa, 0xab, 0xee, 0xcc, 0x0e, 0xcd, 0x0e, 0xcd,
  0x2e, 0xd5, 0x6f, 0xd5, 0xb1, 0xdd, 0x13, 0xe6, 0x54, 0xe6, 0x54, 0xee, 0xb6, 0xee, 0xb6, 0xee, 0xb5, 0xee, 0x95, 0xee, 0xd5, 0xf6, 0x2d, 0xac, 0x09, 0x8b, 0xd5, 0xf6, 0x95, 0xee, 0x95, 0xee,
  0xd6, 0xf6, 0x17, 0xff, 0xf7, 0xf6, 0xb9, 0xff, 0x47, 0x72, 0x31, 0x9c, 0xff, 0xff, 0x77, 0xe6, 0xce, 0x93, 0x41, 0x30, 0x20, 0x30, 0x00, 0x30, 0x00, 0x28, 0xce, 0x9b, 0xcb, 0x72, 0x80, 0x48,
  0x05, 0xd3, 0x45, 0xfb, 0xe4, 0xea, 0xc3, 0xea, 0xe3, 0xea, 0xe3, 0xea, 0xe4, 0xea, 0xe4, 0xea, 0xe4, 0xea, 0xe4, 0xea, 0xe4, 0xea, 0xe4, 0xea, 0x04, 0xeb, 0xc4, 0xea, 0x44, 0xda, 0xe4, 0xd9,
  0x23, 0xb1, 0x00, 0x40, 0x4c, 0x7b, 0x2f, 0xac, 0x00, 0x20, 0x00, 0x30, 0x20, 0x30, 0xc3, 0x48, 0xd1, 0xb4, 0x36, 0xde, 0xfe, 0xff, 0xcf, 0x8b, 0xe9, 0x82, 0xba, 0xff, 0xf7, 0xf6, 0x18, 0xff,
  0x18, 0xff, 0xd6, 0xf6, 0x95, 0xee, 0x95, 0xee, 0x95, 0xee, 0xb6, 0xf6, 0xb6, 0xf6, 0x54, 0xee, 0x34, 0xe6, 0x33, 0xe6, 0xf2, 0xe5, 0xb1, 0xdd, 0xd2, 0xe5, 0xd2, 0xdd, 0xb1, 0xdd, 0x90, 0xdd,
  0x4f, 0xd5, 0x0e, 0xcd, 0xad, 0xc4, 0x6c, 0xbc, 0xe7, 0x9a, 0xad, 0xc4, 0xa5, 0x61, 0x00, 0x20, 0xa7, 0x41, 0x63, 0x08, 0x63, 0x08, 0x63, 0x08, 0x63, 0x08, 0x63, 0x08, 0x47, 0x19, 0x63, 0x08,
  0x63, 0x08, 0x63, 0x08, 0x63, 0x08, 0x63, 0x08, 0x63, 0x08, 0x63, 0x08, 0x63, 0x08, 0x63, 0x08, 0x63, 0x08, 0x63, 0x08, 0x63, 0x08, 0x63, 0x08, 0x63, 0x08, 0x63, 0x08, 0x48, 0x19, 0x63, 0x08,
  0xa4, 0x10, 0x63, 0x08, 0x63, 0x08, 0x63, 0x08, 0x63, 0x08, 0x63, 0x08, 0x63, 0x08, 0x63, 0x08, 0x63, 0x08, 0x63, 0x08, 0x63, 0x08, 0x63, 0x08, 0x63, 0x08, 0x63, 0x08, 0x63, 0x08, 0x63, 0x08,
  0x63, 0x08, 0x63, 0x08, 0x63, 0x08, 0x63, 0x08, 0x63, 0x08, 0x63, 0x08, 0x63, 0x08, 0x63, 0x08, 0x63, 0x08, 0x63, 0x08, 0x63, 0x08, 0x63, 0x08, 0x63, 0x08, 0x63, 0x08, 0x63, 0x08, 0x63, 0x08,
  0xa4, 0x10, 0x63, 0x08, 0x63, 0x08, 0x63, 0x08, 0x63, 0x08, 0x63, 0x08, 0x63, 0x08, 0x63, 0x08, 0x63, 0x08, 0x63, 0x08, 0x63, 0x08, 0x63, 0x08, 0x63, 0x08, 0x63, 0x08, 0x63, 0x08, 0x63, 0x08,
  0x63, 0x08, 0x63, 0x08, 0x63, 0x08, 0x63, 0x08, 0x63, 0x08, 0x63, 0x08, 0x63, 0x08, 0x63, 0x08, 0x63, 0x08, 0x63, 0x08, 0x63, 0x08, 0x63, 0x08, 0x63, 0x08, 0x63, 0x08, 0x63, 0x08, 0x63, 0x08,
  0xa4, 0x10, 0x63, 0x08, 0x63, 0x08, 0x63, 0x08, 0x63, 0x08, 0x63, 0x08, 0x63, 0x08, 0x63, 0x08, 0x63, 0x08, 0x63, 0x08, 0x63, 0x08, 0x63, 0x08, 0x63, 0x08, 0x63, 0x08, 0x63, 0x08, 0x48, 0x19,
  0x63, 0x08, 0x63, 0x08, 0x63, 0x08, 0x63, 0x08, 0x63, 0x08, 0x63, 0x08, 0x63, 0x08, 0x63, 0x08, 0x63, 0x08, 0x63, 0x08, 0x63, 0x08, 0x63, 0x08, 0x63, 0x08, 0x47, 0x19, 0x63, 0x08, 0x63, 0x08,
  0xa4, 0x10, 0x63, 0x08, 0x63, 0x08, 0x63, 0x08, 0x63, 0x08, 0x63, 0x08, 0x63, 0x08, 0x63, 0x08, 0x63, 0x08, 0x63, 0x08, 0x63, 0x08, 0x47, 0x19, 0x63, 0x08, 0x63, 0x08, 0x63, 0x08, 0x63, 0x08,
  0x63, 0x08, 0x63, 0x08, 0x63, 0x08, 0x63, 0x08, 0x63, 0x08, 0x63, 0x08, 0x63, 0x08, 0x27, 0x19, 0x63, 0x08, 0x63, 0x08, 0x63, 0x08, 0x63, 0x08, 0x63, 0x08, 0x63, 0x08, 0x63, 0x08, 0x63, 0x08,
  0xa4, 0x10, 0x63, 0x08, 0x63, 0x08, 0x63, 0x08, 0x63, 0x08, 0x63, 0x08, 0x63, 0x08, 0x27, 0x19, 0x63, 0x08, 0x63, 0x08, 0x63, 0x08, 0x63, 0x08, 0x63, 0x08, 0x63, 0x08, 0x63, 0x08, 0x63, 0x08,
  0x63, 0x08, 0x63, 0x08, 0x63, 0x08, 0x63, 0x08, 0x63, 0x08, 0x63, 0x08, 0x63, 0x08, 0x26, 0x19, 0x26, 0x19, 0x63, 0x08, 0x63, 0x08, 0x63, 0x08, 0x63, 0x08, 0x63, 0x08, 0x63, 0x08, 0x63, 0x08,
  0xa4, 0x10, 0x63, 0x08, 0x63, 0x08, 0x63, 0x08, 0x63, 0x08, 0x63, 0x08, 0x63, 0x08, 0x63, 0x08, 0x63, 0x08, 0x63, 0x08, 0x63, 0x08, 0x63, 0x08, 0x63, 0x08, 0x63, 0x08, 0x63, 0x08, 0x63, 0x08,
  0x63, 0x08, 0x63, 0x08, 0x63, 0x08, 0x63, 0x08, 0x63, 0x08, 0x63, 0x08, 0x63, 0x08, 0x63, 0x08, 0x06, 0x19, 0x63, 0x08, 0x63, 0x08, 0x63, 0x08, 0x63, 0x08, 0x63, 0x08, 0x63, 0x08, 0x63, 0x08,
  0x26, 0x19, 0x63, 0x08, 0x63, 0x08, 0x63, 0x08, 0x63, 0x08, 0x63, 0x08, 0x63, 0x08, 0x63, 0x08, 0x61, 0x28, 0x00, 0x20, 0xcb, 0xa3, 0x2b, 0xbc, 0x2b, 0xb4, 0xcd, 0xcc, 0x0e, 0xcd, 0x2f, 0xd5,
  0x6f, 0xd5, 0xb0, 0xdd, 0xf2, 0xe5, 0x54, 0xe6, 0x75, 0xee, 0x75, 0xee, 0xb6, 0xf6, 0xf6, 0xf6, 0x37, 0xff, 0x17, 0xff, 0xb6, 0xf6, 0xb5, 0xf6, 0x95, 0xee, 0x17, 0xff, 0x18, 0xff, 0x17, 0xff,
  0x17, 0xff, 0x17, 0xff, 0xf7, 0xf6, 0xba, 0xff, 0x4a, 0x8b, 0xec, 0x7a, 0xff, 0xff, 0xb9, 0xe6, 0xd1, 0xb4, 0xa2, 0x40, 0x00, 0x28, 0x00, 0x30, 0x00, 0x30, 0x20, 0x28, 0xc1, 0x48, 0x26, 0xe3,
  0x25, 0xfb, 0xc3, 0xea, 0xc3, 0xea, 0xe3, 0xea, 0xe3, 0xea, 0xe3, 0xea, 0xe4, 0xea, 0x04, 0xeb, 0x04, 0xeb, 0xe4, 0xea, 0xe4, 0xea, 0xe4, 0xea, 0xe4, 0xea, 0xe4, 0xea, 0x04, 0xeb, 0x84, 0xe2,
  0x05, 0xda, 0x23, 0xa9, 0x00, 0x38, 0x61, 0x30, 0x20, 0x30, 0x00, 0x30, 0x00, 0x30, 0x65, 0x59, 0x93, 0xcd, 0x77, 0xe6, 0xff, 0xff, 0xab, 0x72, 0xac, 0x93, 0xba, 0xff, 0xf7, 0xf6, 0x18, 0xff,
  0x18, 0xff, 0x18, 0xff, 0x17, 0xff, 0xf7, 0xfe, 0xf7, 0xf6, 0xd6, 0xf6, 0xd6, 0xf6, 0x95, 0xee, 0x75, 0xee, 0x75, 0xee, 0x33, 0xe6, 0xf2, 0xe5, 0xf2, 0xe5, 0xf2, 0xe5, 0xf2, 0xdd, 0xb1, 0xdd,
  0x70, 0xd5, 0x0e, 0xcd, 0xce, 0xc4, 0x8c, 0xc4, 0x48, 0xa3, 0xad, 0xc4, 0xc5, 0x61, 0x00, 0x20, 0xa6, 0x41, 0x63, 0x08, 0x63, 0x08, 0x63, 0x08, 0x63, 0x08, 0x63, 0x08, 0x47, 0x19, 0x63, 0x08,
  0x63, 0x08, 0x63, 0x08, 0x63, 0x08, 0x63, 0x08, 0x63, 0x08, 0x63, 0x08, 0x63, 0x08, 0x63, 0x08, 0x63, 0x08, 0x63, 0x08, 0x63, 0x08, 0x63, 0x08, 0x63, 0x08, 0x63, 0x08, 0x48, 0x19, 0x63, 0x08,
  0xa4, 0x10, 0x63, 0x08, 0x63, 0x08, 0x63, 0x08, 0x63, 0x08, 0x63, 0x08, 0x63, 0x08, 0x63, 0x08, 0x63, 0x08, 0x63, 0x08, 0x63, 0x08, 0x63, 0x08, 0x63, 0x08, 0x63, 0x08, 0x63, 0x08, 0x63, 0x08,
  0x63, 0x08, 0x63, 0x08, 0x63, 0x08, 0x63, 0x08, 0x63, 0x08, 0x63, 0x08, 0x63, 0x08, 0x63, 0x08, 0x63, 0x08, 0x63, 0x08, 0x63, 0x08, 0x63, 0x08, 0x63, 0x08, 0x63, 0x08, 0x63, 0x08, 0x63, 0x08,
  0xa4, 0x10, 0x63, 0x08, 0x63, 0x08, 0x63, 0x08, 0x63, 0x08, 0x63, 0x08, 0x63, 0x08, 0x63, 0x08, 0x63, 0x08, 0x63, 0x08, 0x63, 0x08, 0x63, 0x08, 0x63, 0x08, 0x63, 0x08, 0x63, 0x08, 0x63, 0x08,
  0x63, 0x08, 0x63, 0x08, 0x63, 0x08, 0x63, 0x08, 0x63, 0x08, 0x63, 0x08, 0x63, 0x08, 0x63, 0x08, 0x63, 0x08, 0x63, 0x08, 0x63, 0x08, 0x63, 0x08, 0x63, 0x08, 0x63, 0x08, 0x63, 0x08, 0x63, 0x08,
  0xa4, 0x10, 0x63, 0x08, 0x63, 0x08, 0x63, 0x08, 0x63, 0x08, 0x63, 0x08, 0x63, 0x08, 0x63, 0x08, 0x63, 0x08, 0x63, 0x08, 0x63, 0x08, 0x63, 0x08, 0x63, 0x08, 0x63, 0x08, 0x48, 0x19, 0x63, 0x08,
  0x63, 0x08, 0x63, 0x08, 0x63, 0x08, 0x63, 0x08, 0x63, 0x08, 0x63, 0x08, 0x63, 0x08, 0x63, 0x08, 0x63, 0x08, 0x63, 0x08, 0x63, 0x08, 0x63, 0x08, 0x47, 0x19, 0x63, 0x08, 0x63, 0x08, 0x63, 0x08,
  0xa4, 0x10, 0x63, 0x08, 0x63, 0x08, 0x63, 0x08, 0x63, 0x08, 0x63, 0x08, 0x63, 0x08, 0x63, 0x08, 0x63, 0x08, 0x63, 0x08, 0x47, 0x19, 0x63, 0x08, 0x63, 0x08, 0x63, 0x08, 0x63, 0x08, 0x63, 0x08,
  0x63, 0x08, 0x63, 0x08, 0x63, 0x08, 0x63, 0x08, 0x63, 0x08, 0x63, 0x08, 0x27, 0x19, 0x63, 0x08, 0x63, 0x08, 0x63, 0x08, 0x63, 0x08, 0x63, 0x08, 0x63, 0x08, 0x63, 0x08, 0x63, 0x08, 0x63, 0x08,
  0xa4, 0x10, 0x63, 0x08, 0x63, 0x08, 0x63, 0x08, 0x63, 0x08, 0x63, 0x08, 0x27, 0x19, 0x63, 0x08, 0x63, 0x08, 0x63, 0x08, 0x63, 0x08, 0x63, 0x08, 0x63, 0x08, 0x63, 0x08, 0x63, 0x08, 0x63, 0x08,
  0x63, 0x08, 0x63, 0x08, 0x63, 0x08, 0x63, 0x08, 0x63, 0x08, 0x63, 0x08, 0x26, 0x19, 0x26, 0x19, 0x63, 0x08, 0x63, 0x08, 0x63, 0x08, 0x63, 0x08, 0x63, 0x08, 0x63, 0x08, 0x63, 0x08, 0x63, 0x08,
  0xa4, 0x10, 0x63, 0x08, 0x63, 0x08, 0x63, 0x08, 0x63, 0x08, 0x63, 0x08, 0x63, 0x08, 0x63, 0x08, 0x63, 0x08, 0x63, 0x08, 0x63, 0x08, 0x63, 0x08, 0x63, 0x08, 0x63, 0x08, 0x63, 0x08, 0x63, 0x08,
  0x63, 0x08, 0x63, 0x08, 0x63, 0x08, 0x63, 0x08, 0x63, 0x08, 0x63, 0x08, 0x63, 0x08, 0x63, 0x08, 0x06, 0x19, 0x63, 0x08, 0x63, 0x08, 0x63, 0x08, 0x63, 0x08, 0x63, 0x08, 0x63, 0x08, 0x63, 0x08,
  0x26, 0x19, 0x63, 0x08, 0x63, 0x08, 0x63, 0x08, 0x63, 0x08, 0x63, 0x08, 0x63, 0x08, 0x63, 0x08, 0x41, 0x28, 0x00, 0x20, 0xcb, 0x9b, 0x6c, 0xc4, 0x6c, 0xbc, 0xcd, 0xcc, 0x2f, 0xd5, 0x4f, 0xd5,
  0x90, 0xdd, 0xd1, 0xdd, 0x12, 0xe6, 0x54, 0xe6, 0xb5, 0xf6, 0xf6, 0xfe, 0x16, 0xff, 0x95, 0xee, 0xb2, 0xd5, 0x55, 0xe6, 0x38, 0xff, 0xf7, 0xf6, 0x18, 0xff, 0x17, 0xff, 0x17, 0xff, 0x17, 0xff,
  0x17, 0xff, 0x17, 0xff, 0xf7, 0xfe, 0x99, 0xff, 0xf0, 0xbc, 0x86, 0x59, 0xff, 0xff, 0x1b, 0xef, 0xd4, 0xd5, 0x07, 0x6a, 0x00, 0x28, 0x00, 0x30, 0x61, 0x38, 0xc6, 0x9a, 0x28, 0xfc, 0x04, 0xeb,
  0xc3, 0xea, 0xe3, 0xea, 0xe3, 0xea, 0xe3, 0xea, 0xe3, 0xea, 0xe3, 0xea, 0xe4, 0xea, 0x03, 0xeb, 0xe3, 0xea, 0xe4, 0xea, 0xe4, 0xea, 0xe4, 0xea, 0xe4, 0xea, 0xe4, 0xea, 0xe4, 0xea, 0xe4, 0xea,
  0x84, 0xe2, 0x04, 0xd2, 0x64, 0xc1, 0x41, 0x68, 0x00, 0x30, 0x00, 0x30, 0x00, 0x30, 0x27, 0x6a, 0x15, 0xd6, 0xb8, 0xe6, 0x7d, 0xf7, 0x45, 0x51, 0x51, 0xc5, 0x79, 0xff, 0x17, 0xff, 0x18, 0xff,
  0x18, 0xff, 0x18, 0xff, 0x18, 0xff, 0x18, 0xff, 0x18, 0xff, 0xf7, 0xf6, 0xd7, 0xf6, 0xd6, 0xf6, 0xb6, 0xee, 0x95, 0xee, 0x54, 0xee, 0x13, 0xe6, 0x13, 0xe6, 0x12, 0xe6, 0xb1, 0xdd, 0xd1, 0xdd,
  0xb1, 0xdd, 0x4f, 0xd5, 0xee, 0xcc, 0xcd, 0xcc, 0xa9, 0xab, 0xad, 0xc4, 0xc5, 0x61, 0x00, 0x20, 0x86, 0x41, 0x63, 0x08, 0x63, 0x08, 0x63, 0x08, 0x63, 0x08, 0x63, 0x08, 0x47, 0x19, 0x63, 0x08,
  0x63, 0x08, 0x63, 0x08, 0x63, 0x08, 0x63, 0x08, 0x63, 0x08, 0x63, 0x08, 0x63, 0x08, 0x63, 0x08, 0x63, 0x08, 0x63, 0x08, 0x63, 0x08, 0x63, 0x08, 0x63, 0x08, 0x63, 0x08, 0x48, 0x19, 0x63, 0x08,
  0xa4, 0x10, 0x63, 0x08, 0x63, 0x08, 0x63, 0x08, 0x63, 0x08, 0x63, 0x08, 0x63, 0x08, 0x63, 0x08, 0x63, 0x08, 0x63, 0x08, 0x63, 0x08, 0x63, 0x08, 0x63, 0x08, 0x63, 0x08, 0x63, 0x08, 0x63, 0x08,
  0x63, 0x08, 0x63, 0x08, 0x63, 0x08, 0x63, 0x08, 0x63, 0x08, 0x63, 0x08, 0x63, 0x08, 0x63, 0x08, 0x63, 0x08, 0x63, 0x08, 0x63, 0x08, 0x63, 0x08, 0x63, 0x08, 0x63, 0x08, 0x63, 0x08, 0x63, 0x08,
  0xa4, 0x10, 0x63, 0x08, 0x63, 0x08, 0x63, 0x08, 0x63, 0x08, 0x63, 0x08, 0x63, 0x08, 0x63, 0x08, 0x63, 0x08, 0x63, 0x08, 0x63, 0x08, 0x63, 0x08, 0x63, 0x08, 0x63, 0x08, 0x63, 0x08, 0x63, 0x08,
  0x63, 0x08, 0x63, 0x08, 0x63, 0x08, 0x63, 0x08, 0x63, 0x08, 0x63, 0x08, 0x63, 0x08, 0x63, 0x08, 0x63, 0x08, 0x63, 0x08, 0x63, 0x08, 0x63, 0x08, 0x63, 0x08, 0x63, 0x08, 0x63, 0x08, 0x63, 0x08,
  0xa4, 0x10, 0x63, 0x08, 0x63, 0x08, 0x63, 0x08, 0x63, 0x08, 0x63, 0x08, 0x63, 0x08, 0x63, 0x08, 0x63, 0x08, 0x63, 0x08, 0x63, 0x08, 0x63, 0x08, 0x63, 0x08, 0x48, 0x19, 0x63, 0x08, 0x63, 0x08,
  0x63, 0x08, 0x63, 0x08, 0x63, 0x08, 0x63, 0x08, 0x63, 0x08, 0x63, 0x08, 0x63, 0x08, 0x63, 0x08, 0x63, 0x08, 0x63, 0x08, 0x63, 0x08, 0x47, 0x19, 0x63, 0x08, 0x63, 0x08, 0x63, 0x08, 0x63, 0x08,
  0xa4, 0x10, 0x63, 0x08, 0x63, 0x08, 0x63, 0x08, 0x63, 0x08, 0x63, 0x08, 0x63, 0x08, 0x63, 0x08, 0x63, 0x08, 0x47, 0x19, 0x63, 0x08, 0x63, 0x08, 0x63, 0x08, 0x63, 0x08, 0x63, 0x08, 0x63, 0x08,
  0x63, 0x08, 0x63, 0x08, 0x63, 0x08, 0x63, 0x08, 0x63, 0x08, 0x27, 0x19, 0x63, 0x08, 0x63, 0x08, 0x63, 0x08, 0x63, 0x08, 0x63, 0x08, 0x63, 0x08, 0x63, 0x08, 0x63, 0x08, 0x63, 0x08, 0x63, 0x08,
  0xa4, 0x10, 0x63, 0x08, 0x63, 0x08, 0x63, 0x08, 0x63, 0x08, 0x27, 0x19, 0x63, 0x08, 0x63, 0x08, 0x63, 0x08, 0x63, 0x08, 0x63, 0x08, 0x63, 0x08, 0x63, 0x08, 0x63, 0x08, 0x63, 0x08, 0x63, 0x08,
  0x63, 0x08, 0x63, 0x08, 0x63, 0x08, 0x63, 0x08, 0x63, 0x08, 0x26, 0x19, 0x26, 0x19, 0x63, 0x08, 0x63, 0x08, 0x63, 0x08, 0x63, 0x08, 0x63, 0x08, 0x63, 0x08, 0x63, 0x08, 0x63, 0x08, 0x63, 0x08,
  0xa4, 0x10, 0x63, 0x08, 0x63, 0x08, 0x63, 0x08, 0x63, 0x08, 0x63, 0x08, 0x63, 0x08, 0x63, 0x08, 0x63, 0x08, 0x63, 0x08, 0x63, 0x08, 0x63, 0x08, 0x63, 0x08, 0x63, 0x08, 0x63, 0x08, 0x63, 0x08,
  0x63, 0x08, 0x63, 0x08, 0x63, 0x08, 0x63, 0x08, 0x63, 0x08, 0x63, 0x08, 0x63, 0x08, 0x63, 0x08, 0x06, 0x19, 0x63, 0x08, 0x63, 0x08, 0x63, 0x08, 0x63, 0x08, 0x63, 0x08, 0x63, 0x08, 0x63, 0x08,
  0x26, 0x19, 0x63, 0x08, 0x63, 0x08, 0x63, 0x08, 0x63, 0x08, 0x63, 0x08, 0x63, 0x08, 0x63, 0x08, 0x41, 0x28, 0x00, 0x20, 0xab, 0x9b, 0xed, 0xcc, 0x8c, 0xc4, 0xee, 0xcc, 0x0e, 0xd5, 0x4f, 0xd5,
  0x90, 0xdd, 0xf2, 0xe5, 0x13, 0xe6, 0xb5, 0xf6, 0x54, 0xe6, 0x71, 0xc5, 0x8f, 0xac, 0x2a, 0x8b, 0x6b, 0x93, 0x6b, 0x93, 0x92, 0xcd, 0x58, 0xff, 0xf7, 0xf6, 0x18, 0xff, 0x18, 0xff, 0x17, 0xff,
  0x18, 0xff, 0x18, 0xff, 0x18, 0xff, 0x38, 0xff, 0xb6, 0xee, 0xc3, 0x48, 0xba, 0xde, 0x5b, 0xf7, 0xb4, 0xcd, 0xc6, 0x61, 0x00, 0x30, 0x00, 0x20, 0x65, 0x8a, 0x28, 0xfc, 0xc3, 0xea, 0xc3, 0xea,
  0xe4, 0xea, 0xe3, 0xea, 0xe3, 0xea, 0xe3, 0xea, 0xe3, 0xea, 0xe3, 0xea, 0xe3, 0xea, 0xe3, 0xea, 0xe4, 0xea, 0xe4, 0xea, 0xe4, 0xea, 0xe4, 0xea, 0xe4, 0xea, 0xe4, 0xea, 0xe4, 0xea, 0xe4, 0xea,
  0xe3, 0xea, 0x63, 0xda, 0xe4, 0xc9, 0x64, 0xb9, 0x61, 0x68, 0x00, 0x28, 0x00, 0x30, 0x07, 0x6a, 0xf5, 0xd5, 0xd9, 0xee, 0x96, 0xc5, 0x04, 0x49, 0xf7, 0xf6, 0x38, 0xff, 0x18, 0xff, 0x18, 0xff,
  0x18, 0xff, 0x18, 0xff, 0x18, 0xff, 0x18, 0xff, 0x18, 0xff, 0x17, 0xff, 0xf7, 0xfe, 0xf7, 0xfe, 0xd7, 0xf6, 0xd6, 0xf6, 0x95, 0xee, 0x54, 0xee, 0x33, 0xe6, 0x12, 0xe6, 0x91, 0xd5, 0xef, 0xc4,
  0xd1, 0xe5, 0xb1, 0xdd, 0x2f, 0xd5, 0x0e, 0xcd, 0xeb, 0xb3, 0xce, 0xcc, 0xc5, 0x61, 0x00, 0x20, 0x86, 0x41, 0x63, 0x08, 0x63, 0x08, 0x63, 0x08, 0x63, 0x08, 0x63, 0x08, 0x47, 0x19, 0x63, 0x08,
  0x63, 0x08, 0x63, 0x08, 0x63, 0x08, 0x63, 0x08, 0x63, 0x08, 0x63, 0x08, 0x63, 0x08, 0x63, 0x08, 0x63, 0x08, 0x63, 0x08, 0x63, 0x08, 0x63, 0x08, 0x63, 0x08, 0x63, 0x08, 0x48, 0x19, 0x63, 0x08,
  0xa4, 0x10, 0x63, 0x08, 0x63, 0x08, 0x63, 0x08, 0x63, 0x08, 0x63, 0x08, 0x63, 0x08, 0x63, 0x08, 0x63, 0x08, 0x63, 0x08, 0x63, 0x08, 0x63, 0x08, 0x63, 0x08, 0x63, 0x08, 0x63, 0x08, 0x63, 0x08,
  0x63, 0x08, 0x63, 0x08, 0x63, 0x08, 0x63, 0x08, 0x63, 0x08, 0x63, 0x08, 0x63, 0x08, 0x63, 0x08, 0x63, 0x08, 0x63, 0x08, 0x63, 0x08, 0x63, 0x08, 0x63, 0x08, 0x63, 0x08, 0x63, 0x08, 0x63, 0x08,
  0xa4, 0x10, 0x63, 0x08, 0x63, 0x08, 0x63, 0x08, 0x63, 0x08, 0x63, 0x08, 0x63, 0x08, 0x63, 0x08, 0x63, 0x08, 0x63, 0x08, 0x63, 0x08, 0x63, 0x08, 0x63, 0x08, 0x63, 0x08, 0x63, 0x08, 0x63, 0x08,
  0x63, 0x08, 0x63, 0x08, 0x63, 0x08, 0x63, 0x08, 0x63, 0x08, 0x63, 0x08, 0x63, 0x08, 0x63, 0x08, 0x63, 0x08, 0x63, 0x08, 0x63, 0x08, 0x63, 0x08, 0x63, 0x08, 0x63, 0x08, 0x63, 0x08, 0x63, 0x08,
  0xa4, 0x10, 0x63, 0x08, 0x63, 0x08, 0x63, 0x08, 0x63, 0x08, 0x63, 0x08, 0x63, 0x08, 0x63, 0x08, 0x63, 0x08, 0x63, 0x08, 0x63, 0x08, 0x63, 0x08, 0x48, 0x19, 0x63, 0x08, 0x63, 0x08, 0x63, 0x08,
  0x63, 0x08, 0x63, 0x08, 0x63, 0x08, 0x63, 0x08, 0x63, 0x08, 0x63, 0x08, 0x63, 0x08, 0x63, 0x08, 0x63, 0x08, 0x63, 0x08, 0x47, 0x19, 0x63, 0x08, 0x63, 0x08, 0x63, 0x08, 0x63, 0x08, 0x63, 0x08,
  0xa4, 0x10, 0x63, 0x08, 0x63, 0x08, 0x63, 0x08, 0x63, 0x08, 0x63, 0x08, 0x63, 0x08, 0x63, 0x08, 0x47, 0x19, 0x63, 0x08, 0x63, 0x08, 0x63, 0x08, 0x63, 0x08, 0x63, 0x08, 0x63, 0x08, 0x63, 0x08,
  0x63, 0x08, 0x63, 0x08, 0x63, 0x08, 0x63, 0x08, 0x27, 0x19, 0x63, 0x08, 0x63, 0x08, 0x63, 0x08, 0x63, 0x08, 0x63, 0x08, 0x63, 0x08, 0x63, 0x08, 0x63, 0x08, 0x63, 0x08, 0x63, 0x08, 0x63, 0x08,
  0xa4, 0x10, 0x63, 0x08, 0x63, 0x08, 0x63, 0x08, 0x27, 0x19, 0x63, 0x08, 0x63, 0x08, 0x63, 0x08, 0x63, 0x08, 0x63, 0x08, 0x63, 0x08, 0x63, 0x08, 0x63, 0x08, 0x63, 0x08, 0x63, 0x08, 0x63, 0x08,
  0x63, 0x08, 0x63, 0x08, 0x63, 0x08, 0x63, 0x08, 0x26, 0x19, 0x26, 0x19, 0x63, 0x08, 0x63, 0x08, 0x63, 0x08, 0x63, 0x08, 0x63, 0x08, 0x63, 0x08, 0x63, 0x08, 0x63, 0x08, 0x63, 0x08, 0x63, 0x08,
  0xa4, 0x10, 0x63, 0x08, 0x63, 0x08, 0x63, 0x08, 0x63, 0x08, 0x63, 0x08, 0x63, 0x08, 0x63, 0x08, 0x63, 0x08, 0x63, 0x08, 0x63, 0x08, 0x63, 0x08, 0x63, 0x08, 0x63, 0x08, 0x63, 0x08, 0x63, 0x08,
  0x63, 0x08, 0x63, 0x08, 0x63, 0x08, 0x63, 0x08, 0x63, 0x08, 0x63, 0x08, 0x63, 0x08, 0x63, 0x08, 0x06, 0x19, 0x63, 0x08, 0x63, 0x08, 0x63, 0x08, 0x63, 0x08, 0x63, 0x08, 0x63, 0x08, 0x63, 0x08,
  0x26, 0x19, 0x63, 0x08, 0x63, 0x08, 0x63, 0x08, 0x63, 0x08, 0x63, 0x08, 0x63, 0x08, 0x63, 0x08, 0x41, 0x28, 0x00, 0x20, 0xab, 0x9b, 0x4f, 0xdd, 0xee, 0xcc, 0x0e, 0xcd, 0x2e, 0xd5, 0x4f, 0xd5,
  0xb1, 0xdd, 0x12, 0xe6, 0x53, 0xee, 0x91, 0xcd, 0x4b, 0x8b, 0x68, 0x72, 0x48, 0x72, 0x4a, 0x93, 0xac, 0xa3, 0x0c, 0xac, 0xe9, 0x82, 0x18, 0xf7, 0x17, 0xff, 0x18, 0xff, 0x18, 0xff, 0x18, 0xff,
  0x18, 0xff, 0x18, 0xff, 0x18, 0xff, 0xf7, 0xf6, 0xba, 0xff, 0xe6, 0x61, 0xaf, 0x93, 0xdd, 0xff, 0x73, 0xcd, 0x85, 0x59, 0x00, 0x20, 0x43, 0x51, 0x26, 0xd3, 0xc3, 0xea, 0xc3, 0xea, 0xe3, 0xea,
  0xe3, 0xea, 0xe3, 0xea, 0x04, 0xeb, 0x04, 0xeb, 0x04, 0xeb, 0xe3, 0xea, 0xe3, 0xea, 0xe3, 0xea, 0xe3, 0xea, 0xe4, 0xea, 0xe4, 0xea, 0xe4, 0xea, 0x04, 0xeb, 0x04, 0xeb, 0x04, 0xeb, 0xe4, 0xea,
  0xe3, 0xea, 0xc3, 0xea, 0x63, 0xda, 0xe4, 0xc9, 0x23, 0xa1, 0x20, 0x48, 0x00, 0x30, 0xa6, 0x61, 0x94, 0xcd, 0x3a, 0xf7, 0x6e, 0x8b, 0x68, 0x72, 0xba, 0xff, 0xf7, 0xf6, 0x18, 0xff, 0x18, 0xff,
  0x18, 0xff, 0x18, 0xff, 0x18, 0xff, 0x18, 0xff, 0x18, 0xff, 0x38, 0xff, 0x55, 0xe6, 0x11, 0xbd, 0x38, 0xff, 0xd7, 0xf6, 0xd6, 0xf6, 0x75, 0xee, 0xb2, 0xdd, 0xd2, 0xdd, 0x10, 0xcd, 0x4d, 0xac,
  0x50, 0xd5, 0x4f, 0xd5, 0x90, 0xdd, 0x4f, 0xd5, 0x2b, 0xb4, 0x0e, 0xd5, 0xc5, 0x61, 0x00, 0x20, 0x86, 0x39, 0x63, 0x08, 0x63, 0x08, 0x63, 0x08, 0x63, 0x08, 0x63, 0x08, 0x47, 0x19, 0x63, 0x08,
  0x63, 0x08, 0x63, 0x08, 0x63, 0x08, 0x63, 0x08, 0x63, 0x08, 0x63, 0x08, 0x63, 0x08, 0x63, 0x08, 0x63, 0x08, 0x63, 0x08, 0x63, 0x08, 0x63, 0x08, 0x47, 0x19, 0x47, 0x19, 0x48, 0x19, 0x47, 0x19,
  0x68, 0x19, 0x63, 0x08, 0x63, 0x08, 0x63, 0x08, 0x63, 0x08, 0x63, 0x08, 0x63, 0x08, 0x63, 0x08, 0x63, 0x08, 0x63, 0x08, 0x63, 0x08, 0x63, 0x08, 0x63, 0x08, 0x63, 0x08, 0x63, 0x08, 0x63, 0x08,
  0x63, 0x08, 0x63, 0x08, 0x63, 0x08, 0x63, 0x08, 0x63, 0x08, 0x63, 0x08, 0x63, 0x08, 0x63, 0x08, 0x63, 0x08, 0x63, 0x08, 0x63, 0x08, 0x63, 0x08, 0x63, 0x08, 0x63, 0x08, 0x63, 0x08, 0x63, 0x08,
  0xa4, 0x10, 0x63, 0x08, 0x63, 0x08, 0x63, 0x08, 0x63, 0x08, 0x63, 0x08, 0x63, 0x08, 0x63, 0x08, 0x63, 0x08, 0x63, 0x08, 0x63, 0x08, 0x63, 0x08, 0x63, 0x08, 0x63, 0x08, 0x63, 0x08, 0x63, 0x08,
  0x63, 0x08, 0x63, 0x08, 0x63, 0x08, 0x63, 0x08, 0x63, 0x08, 0x63, 0x08, 0x63, 0x08, 0x63, 0x08, 0x63, 0x08, 0x63, 0x08, 0x63, 0x08, 0x63, 0x08, 0x63, 0x08, 0x63, 0x08, 0x63, 0x08, 0x63, 0x08,
  0xa4, 0x10, 0x63, 0x08, 0x63, 0x08, 0x63, 0x08, 0x63, 0x08, 0x63, 0x08, 0x63, 0x08, 0x63, 0x08, 0x63, 0x08, 0x63, 0x08, 0x63, 0x08, 0x48, 0x19, 0x63, 0x08, 0x63, 0x08, 0x63, 0x08, 0x63, 0x08,
  0x63, 0x08, 0x63, 0x08, 0x63, 0x08, 0x63, 0x08, 0x63, 0x08, 0x63, 0x08, 0x63, 0x08, 0x63, 0x08, 0x63, 0x08, 0x47, 0x19, 0x63, 0x08, 0x63, 0x08, 0x63, 0x08, 0x63, 0x08, 0x63, 0x08, 0x63, 0x08,
  0xa4, 0x10, 0x63, 0x08, 0x63, 0x08, 0x63, 0x08, 0x63, 0x08, 0x63, 0x08, 0x63, 0x08, 0x47, 0x19, 0x63, 0x08, 0x63, 0x08, 0x63, 0x08, 0x63, 0x08, 0x63, 0x08, 0x63, 0x08, 0x63, 0x08, 0x63, 0x08,
  0x63, 0x08, 0x63, 0x08, 0x63, 0x08, 0x63, 0x08, 0x27, 0x19, 0x63, 0x08, 0x63, 0x08, 0x63, 0x08, 0x63, 0x08, 0x63, 0x08, 0x63, 0x08, 0x63, 0x08, 0x63, 0x08, 0x63, 0x08, 0x63, 0x08, 0x63, 0x08,
  0xa4, 0x10, 0x63, 0x08, 0x63, 0x08, 0x27, 0x19, 0x63, 0x08, 0x63, 0x08, 0x63, 0x08, 0x63, 0x08, 0x63, 0x08, 0x63, 0x08, 0x63, 0x08, 0x63, 0x08, 0x63, 0x08, 0x63, 0x08, 0x63, 0x08, 0x63, 0x08,
  0x63, 0x08, 0x63, 0x08, 0x63, 0x08, 0x26, 0x19, 0x26, 0x19, 0x63, 0x08, 0x63, 0x08, 0x63, 0x08, 0x63, 0x08, 0x63, 0x08, 0x63, 0x08, 0x63, 0x08, 0x63, 0x08, 0x63, 0x08, 0x63, 0x08, 0x63, 0x08,
  0xa4, 0x10, 0x63, 0x08, 0x63, 0x08, 0x63, 0x08, 0x63, 0x08, 0x63, 0x08, 0x63, 0x08, 0x63, 0x08, 0x63, 0x08, 0x63, 0x08, 0x63, 0x08, 0x63, 0x08, 0x63, 0x08, 0x63, 0x08, 0x63, 0x08, 0x63, 0x08,
  0x63, 0x08, 0x63, 0x08, 0x63, 0x08, 0x63, 0x08, 0x63, 0x08, 0x63, 0x08, 0x63, 0x08, 0x63, 0x08, 0x06, 0x19, 0x63, 0x08, 0x63, 0x08, 0x63, 0x08, 0x63, 0x08, 0x63, 0x08, 0x63, 0x08, 0x63, 0x08,
  0x26, 0x19, 0x63, 0x08, 0x63, 0x08, 0x63, 0x08, 0x63, 0x08, 0x63, 0x08, 0x63, 0x08, 0x63, 0x08, 0x41, 0x28, 0x00, 0x20, 0xab, 0x9b, 0xb0, 0xe5, 0x2e, 0xd5, 0x4f, 0xd5, 0x70, 0xd5, 0x70, 0xd5,
  0xf2, 0xe5, 0x33, 0xe6, 0x54, 0xee, 0x6a, 0x8b, 0x68, 0x72, 0xaf, 0xb4, 0x34, 0xe6, 0x58, 0xff, 0xf7, 0xfe, 0x4a, 0x93, 0x67, 0x72, 0x55, 0xe6, 0x38, 0xff, 0x17, 0xff, 0x18, 0xff, 0x18, 0xff,
  0x18, 0xff, 0x18, 0xff, 0x18, 0xff, 0xf7, 0xf6, 0x99, 0xff, 0x72, 0xcd, 0xe4, 0x48, 0x7c, 0xf7, 0x36, 0xde, 0x44, 0x49, 0x80, 0x40, 0x46, 0xe3, 0x24, 0xf3, 0xc3, 0xea, 0xe3, 0xea, 0xe3, 0xea,
  0xe3, 0xea, 0xe3, 0xea, 0xc2, 0xea, 0xa2, 0xea, 0xc2, 0xea, 0x04, 0xeb, 0xe3, 0xea, 0xe3, 0xea, 0xe3, 0xea, 0xe3, 0xea, 0xe4, 0xea, 0x04, 0xeb, 0xc3, 0xea, 0xa2, 0xea, 0xc3, 0xea, 0xe4, 0xea,
  0xe4, 0xea, 0xe3, 0xea, 0x83, 0xe2, 0x23, 0xd2, 0xc4, 0xc9, 0x03, 0xa9, 0x00, 0x38, 0x48, 0x72, 0x77, 0xe6, 0xb9, 0xe6, 0xe4, 0x40, 0xd3, 0xd5, 0x79, 0xff, 0xf7, 0xfe, 0x18, 0xff, 0x18, 0xff,
  0x18, 0xff, 0x18, 0xff, 0x18, 0xff, 0x18, 0xff, 0x18, 0xff, 0x58, 0xff, 0x14, 0xde, 0x2a, 0x83, 0x58, 0xff, 0xd7, 0xf6, 0x17, 0xff, 0xd3, 0xd5, 0x34, 0xee, 0x30, 0xcd, 0xcb, 0x9b, 0x0c, 0xac,
  0x6d, 0xb4, 0xee, 0xc4, 0x70, 0xd5, 0x2f, 0xd5, 0x6c, 0xbc, 0x2f, 0xd5, 0xc5, 0x61, 0x00, 0x20, 0x86, 0x41, 0x63, 0x08, 0x63, 0x08, 0x63, 0x08, 0x63, 0x08, 0x63, 0x08, 0x47, 0x19, 0x63, 0x08,
  0x63, 0x08, 0x63, 0x08, 0x63, 0x08, 0x63, 0x08, 0x63, 0x08, 0x63, 0x08, 0x63, 0x08, 0x63, 0x08, 0x63, 0x08, 0x63, 0x08, 0x63, 0x08, 0x63, 0x08, 0x47, 0x19, 0x47, 0x19, 0x48, 0x19, 0x47, 0x19,
  0x68, 0x19, 0x63, 0x08, 0x63, 0x08, 0x63, 0x08, 0x63, 0x08, 0x63, 0x08, 0x63, 0x08, 0x63, 0x08, 0x63, 0x08, 0x63, 0x08, 0x63, 0x08, 0x63, 0x08, 0x63, 0x08, 0x63, 0x08, 0x63, 0x08, 0x63, 0x08,
  0x63, 0x08, 0x63, 0x08, 0x63, 0x08, 0x63, 0x08, 0x63, 0x08, 0x63, 0x08, 0x63, 0x08, 0x63, 0x08, 0x63, 0x08, 0x63, 0x08, 0x63, 0x08, 0x63, 0x08, 0x63, 0x08, 0x63, 0x08, 0x63, 0x08, 0x63, 0x08,
  0xa4, 0x10, 0x63, 0x08, 0x63, 0x08, 0x63, 0x08, 0x63, 0x08, 0x63, 0x08, 0x63, 0x08, 0x63, 0x08, 0x63, 0x08, 0x63, 0x08, 0x63, 0x08, 0x63, 0x08, 0x63, 0x08, 0x63, 0x08, 0x63, 0x08, 0x63, 0x08,
  0x63, 0x08, 0x63, 0x08, 0x63, 0x08, 0x63, 0x08, 0x63, 0x08, 0x63, 0x08, 0x63, 0x08, 0x63, 0x08, 0x63, 0x08, 0x63, 0x08, 0x63, 0x08, 0x63, 0x08, 0x63, 0x08, 0x63, 0x08, 0x63, 0x08, 0x63, 0x08,
  0xa4, 0x10, 0x63, 0x08, 0x63, 0x08, 0x63, 0x08, 0x63, 0x08, 0x63, 0x08, 0x63, 0x08, 0x63, 0x08, 0x63, 0x08, 0x63, 0x08, 0x48, 0x19, 0x63, 0x08, 0x63, 0x08, 0x63, 0x08, 0x63, 0x08, 0x63, 0x08,
  0x63, 0x08, 0x63, 0x08, 0x63, 0x08, 0x63, 0x08, 0x63, 0x08, 0x63, 0x08, 0x63, 0x08, 0x63, 0x08, 0x47, 0x19, 0x63, 0x08, 0x63, 0x08, 0x63, 0x08, 0x63, 0x08, 0x63, 0x08, 0x63, 0x08, 0x63, 0x08,
  0xa4, 0x10, 0x63, 0x08, 0x63, 0x08, 0x63, 0x08, 0x63, 0x08, 0x63, 0x08, 0x47, 0x19, 0x63, 0x08, 0x63, 0x08, 0x63, 0x08, 0x63, 0x08, 0x63, 0x08, 0x63, 0x08, 0x63, 0x08, 0x63, 0x08, 0x63, 0x08,
  0x63, 0x08, 0x63, 0x08, 0x63, 0x08, 0x63, 0x08, 0x27, 0x19, 0x63, 0x08, 0x63, 0x08, 0x63, 0x08, 0x63, 0x08, 0x63, 0x08, 0x63, 0x08, 0x63, 0x08, 0x63, 0x08, 0x63, 0x08, 0x63, 0x08, 0x63, 0x08,
  0xa4, 0x10, 0x63, 0x08, 0x63, 0x08, 0x27, 0x19, 0x63, 0x08, 0x63, 0x08, 0x63, 0x08, 0x63, 0x08, 0x63, 0x08, 0x63, 0x08, 0x63, 0x08, 0x63, 0x08, 0x63, 0x08, 0x63, 0x08, 0x63, 0x08, 0x63, 0x08,
  0x63, 0x08, 0x63, 0x08, 0x26, 0x19, 0x26, 0x19, 0x63, 0x08, 0x63, 0x08, 0x63, 0x08, 0x63, 0x08, 0x63, 0x08, 0x63, 0x08, 0x63, 0x08, 0x63, 0x08, 0x63, 0x08, 0x63, 0x08, 0x63, 0x08, 0x63, 0x08,
  0xa4, 0x10, 0x63, 0x08, 0x63, 0x08, 0x63, 0x08, 0x63, 0x08, 0x06, 0x19, 0x06, 0x19, 0x06, 0x19, 0x63, 0x08, 0x63, 0x08, 0x63, 0x08, 0x63, 0x08, 0x63, 0x08, 0x63, 0x08, 0x63, 0x08, 0x63, 0x08,
  0x63, 0x08, 0x63, 0x08, 0x63, 0x08, 0x63, 0x08, 0x63, 0x08, 0x63, 0x08, 0x63, 0x08, 0x63, 0x08, 0x06, 0x19, 0x63, 0x08, 0x63, 0x08, 0x63, 0x08, 0x63, 0x08, 0x63, 0x08, 0x63, 0x08, 0x63, 0x08,
  0x26, 0x19, 0x63, 0x08, 0x63, 0x08, 0x63, 0x08, 0x63, 0x08, 0x63, 0x08, 0x63, 0x08, 0x63, 0x08, 0x41, 0x28, 0x00, 0x20, 0xcb, 0xa3, 0xd0, 0xe5, 0x4f, 0xd5, 0xb1, 0xdd, 0xb1, 0xdd, 0xd2, 0xdd,
  0x13, 0xe6, 0x54, 0xee, 0x54, 0xee, 0x87, 0x72, 0xaf, 0xb4, 0xb9, 0xff, 0xf7, 0xfe, 0xd7, 0xfe, 0xf7, 0xfe, 0xec, 0xa3, 0x27, 0x6a, 0x55, 0xe6, 0x38, 0xff, 0x17, 0xff, 0x18, 0xff, 0x18, 0xff,
  0x18, 0xff, 0x18, 0xff, 0x18, 0xff, 0x17, 0xff, 0x78, 0xff, 0x6b, 0x8b, 0x86, 0x51, 0x79, 0xde, 0x77, 0xde, 0x04, 0x49, 0x82, 0x91, 0xc4, 0xea, 0xa3, 0xe2, 0xe4, 0xea, 0xe3, 0xea, 0xe3, 0xea,
  0xe4, 0xea, 0xc3, 0xea, 0x4b, 0xec, 0x15, 0xf6, 0x8c, 0xf4, 0xc2, 0xea, 0xe4, 0xea, 0xe3, 0xea, 0xe3, 0xea, 0xe3, 0xea, 0xe4, 0xea, 0xa2, 0xea, 0x6c, 0xf4, 0x14, 0xfe, 0x4a, 0xf4, 0xe3, 0xea,
  0xe4, 0xea, 0xe4, 0xea, 0xe3, 0xea, 0x43, 0xda, 0xc3, 0xc9, 0x84, 0xc9, 0x20, 0x68, 0x85, 0x51, 0x98, 0xe6, 0x17, 0xce, 0x86, 0x49, 0xac, 0x93, 0x79, 0xff, 0x18, 0xff, 0x18, 0xff, 0x18, 0xff,
  0x18, 0xff, 0x18, 0xff, 0x18, 0xff, 0x18, 0xff, 0x18, 0xff, 0x38, 0xff, 0x75, 0xe6, 0x89, 0x72, 0xd7, 0xf6, 0x38, 0xff, 0xf4, 0xd5, 0xb3, 0xd5, 0xb6, 0xf6, 0x0d, 0xa4, 0xc8, 0x82, 0xac, 0x9b,
  0xcc, 0x9b, 0x6d, 0xb4, 0x2f, 0xcd, 0x4f, 0xd5, 0xad, 0xc4, 0x4f, 0xdd, 0xc5, 0x61, 0x00, 0x20, 0xa7, 0x41, 0x63, 0x08, 0x63, 0x08, 0x63, 0x08, 0x63, 0x08, 0x63, 0x08, 0x47, 0x19, 0x63, 0x08,
  0x63, 0x08, 0x63, 0x08, 0x63, 0x08, 0x63, 0x08, 0x63, 0x08, 0x63, 0x08, 0x63, 0x08, 0x63, 0x08, 0x63, 0x08, 0x63, 0x08, 0x63, 0x08, 0x63, 0x08, 0x47, 0x19, 0x47, 0x19, 0x48, 0x19, 0x47, 0x19,
  0x68, 0x19, 0x63, 0x08, 0x63, 0x08, 0x63, 0x08, 0x63, 0x08, 0x63, 0x08, 0x63, 0x08, 0x63, 0x08, 0x63, 0x08, 0x63, 0x08, 0x63, 0x08, 0x63, 0x08, 0x63, 0x08, 0x63, 0x08, 0x63, 0x08, 0x63, 0x08,
  0x63, 0x08, 0x63, 0x08, 0x63, 0x08, 0x63, 0x08, 0x63, 0x08, 0x63, 0x08, 0x63, 0x08, 0x63, 0x08, 0x63, 0x08, 0x63, 0x08, 0x63, 0x08, 0x63, 0x08, 0x63, 0x08, 0x63, 0x08, 0x63, 0x08, 0x63, 0x08,
  0xa4, 0x10, 0x63, 0x08, 0x63, 0x08, 0x63, 0x08, 0x63, 0x08, 0x63, 0x08, 0x63, 0x08, 0x63, 0x08, 0x63, 0x08, 0x63, 0x08, 0x63, 0x08, 0x63, 0x08, 0x63, 0x08, 0x63, 0x08, 0x63, 0x08, 0x63, 0x08,
  0x63, 0x08, 0x63, 0x08, 0x63, 0x08, 0x63, 0x08, 0x63, 0x08, 0x63, 0x08, 0x63, 0x08, 0x63, 0x08, 0x63, 0x08, 0x63, 0x08, 0x63, 0x08, 0x63, 0x08, 0x63, 0x08, 0x63, 0x08, 0x63, 0x08, 0x63, 0x08,
  0xa4, 0x10, 0x63, 0x08, 0x63, 0x08, 0x63, 0x08, 0x63, 0x08, 0x63, 0x08, 0x63, 0x08, 0x63, 0x08, 0x63, 0x08, 0x48, 0x19, 0x63, 0x08, 0x63, 0x08, 0x63, 0x08, 0x63, 0x08, 0x63, 0x08, 0x63, 0x08,
  0x63, 0x08, 0x63, 0x08, 0x63, 0x08, 0x63, 0x08, 0x63, 0x08, 0x63, 0x08, 0x63, 0x08, 0x47, 0x19, 0x63, 0x08, 0x63, 0x08, 0x63, 0x08, 0x63, 0x08, 0x63, 0x08, 0x63, 0x08, 0x63, 0x08, 0x63, 0x08,
  0xa4, 0x10, 0x63, 0x08, 0x63, 0x08, 0x63, 0x08, 0x63, 0x08, 0x47, 0x19, 0x63, 0x08, 0x63, 0x08, 0x63, 0x08, 0x63, 0x08, 0x63, 0x08, 0x63, 0x08, 0x63, 0x08, 0x63, 0x08, 0x63, 0x08, 0x63, 0x08,
  0x63, 0x08, 0x63, 0x08, 0x63, 0x08, 0x63, 0x08, 0x27, 0x19, 0x63, 0x08, 0x63, 0x08, 0x63, 0x08, 0x63, 0x08, 0x63, 0x08, 0x63, 0x08, 0x63, 0x08, 0x63, 0x08, 0x63, 0x08, 0x63, 0x08, 0x63, 0x08,
  0xa4, 0x10, 0x63, 0x08, 0x63, 0x08, 0x27, 0x19, 0x63, 0x08, 0x63, 0x08, 0x63, 0x08, 0x63, 0x08, 0x63, 0x08, 0x63, 0x08, 0x63, 0x08, 0x63, 0x08, 0x63, 0x08, 0x63, 0x08, 0x63, 0x08, 0x63, 0x08,
  0x63, 0x08, 0x26, 0x19, 0x26, 0x19, 0x63, 0x08, 0x63, 0x08, 0x63, 0x08, 0x63, 0x08, 0x63, 0x08, 0x63, 0x08, 0x63, 0x08, 0x63, 0x08, 0x63, 0x08, 0x63, 0x08, 0x63, 0x08, 0x63, 0x08, 0x63, 0x08,
  0xa4, 0x10, 0x63, 0x08, 0x63, 0x08, 0x63, 0x08, 0x06, 0x19, 0x06, 0x19, 0x06, 0x19, 0x06, 0x19, 0x06, 0x19, 0x63, 0x08, 0x63, 0x08, 0x63, 0x08, 0x63, 0x08, 0x63, 0x08, 0x63, 0x08, 0x63, 0x08,
  0x63, 0x08, 0x63, 0x08, 0x63, 0x08, 0x63, 0x08, 0x63, 0x08, 0x63, 0x08, 0x63, 0x08, 0x63, 0x08, 0x06, 0x19, 0x63, 0x08, 0x63, 0x08, 0x63, 0x08, 0x63, 0x08, 0x63, 0x08, 0x63, 0x08, 0x63, 0x08,
  0x26, 0x19, 0x63, 0x08, 0x63, 0x08, 0x63, 0x08, 0x63, 0x08, 0x63, 0x08, 0x63, 0x08, 0x63, 0x08, 0x41, 0x28, 0x00, 0x20, 0xec, 0xa3, 0xb0, 0xe5, 0x70, 0xd5, 0xb1, 0xdd, 0xd1, 0xe5, 0x33, 0xe6,
  0x54, 0xee, 0x54, 0xee, 0x74, 0xee, 0x88, 0x72, 0xd0, 0xbc, 0x17, 0xff, 0xd6, 0xf6, 0xf7, 0xfe, 0xd6, 0xf6, 0x6b, 0x93, 0x07, 0x6a, 0x52, 0xc5, 0x58, 0xff, 0xf7, 0xfe, 0x18, 0xff, 0x18, 0xff,
  0x18, 0xff, 0x18, 0xff, 0xf7, 0xfe, 0x79, 0xff, 0xb0, 0xb4, 0x00, 0x18, 0xcf, 0x93, 0xff, 0xff, 0x32, 0xbd, 0x00, 0x30, 0xe3, 0xb9, 0x83, 0xea, 0xe3, 0xea, 0xe3, 0xea, 0xe3, 0xea, 0xe4, 0xea,
  0xe3, 0xea, 0x04, 0xeb, 0x1a, 0xf7, 0xff, 0xff, 0xff, 0xff, 0xc9, 0xeb, 0x62, 0xda, 0xe4, 0xea, 0xe3, 0xe2, 0x04, 0xeb, 0x62, 0xd2, 0xc9, 0xe3, 0xff, 0xff, 0xff, 0xff, 0xd9, 0xf6, 0x04, 0xeb,
  0xe3, 0xea, 0xe4, 0xea, 0xe4, 0xea, 0xa3, 0xe2, 0x03, 0xd2, 0xa3, 0xc9, 0x03, 0xa1, 0x00, 0x30, 0xf2, 0xbc, 0xde, 0xff, 0xcf, 0x93, 0x00, 0x10, 0x31, 0xbd, 0x79, 0xff, 0xf7, 0xf6, 0x18, 0xff,
  0x18, 0xff, 0x18, 0xff, 0x18, 0xff, 0x18, 0xff, 0x18, 0xff, 0x38, 0xff, 0xd7, 0xee, 0x48, 0x72, 0x72, 0xcd, 0x58, 0xff, 0x4e, 0xac, 0x75, 0xee, 0xd0, 0xbc, 0xc6, 0x61, 0xe6, 0x69, 0x07, 0x6a,
  0x8a, 0x93, 0x8d, 0xbc, 0x0f, 0xcd, 0x70, 0xd5, 0xee, 0xcc, 0x90, 0xdd, 0xc5, 0x61, 0x00, 0x20, 0xa7, 0x41, 0x63, 0x08, 0x63, 0x08, 0x63, 0x08, 0x63, 0x08, 0x63, 0x08, 0x27, 0x19, 0x63, 0x08,
  0x63, 0x08, 0x63, 0x08, 0x63, 0x08, 0x63, 0x08, 0x63, 0x08, 0x63, 0x08, 0x63, 0x08, 0x63, 0x08, 0x63, 0x08, 0x63, 0x08, 0x63, 0x08, 0x63, 0x08, 0x47, 0x19, 0x47, 0x19, 0x48, 0x19, 0x47, 0x19,
  0x68, 0x19, 0x63, 0x08, 0x63, 0x08, 0x63, 0x08, 0x63, 0x08, 0x63, 0x08, 0x63, 0x08, 0x63, 0x08, 0x63, 0x08, 0x63, 0x08, 0x63, 0x08, 0x63, 0x08, 0x63, 0x08, 0x63, 0x08, 0x63, 0x08, 0x63, 0x08,
  0x63, 0x08, 0x63, 0x08, 0x63, 0x08, 0x63, 0x08, 0x63, 0x08, 0x63, 0x08, 0x63, 0x08, 0x63, 0x08, 0x63, 0x08, 0x63, 0x08, 0x63, 0x08, 0x63, 0x08, 0x63, 0x08, 0x63, 0x08, 0x63, 0x08, 0x63, 0x08,
  0x84, 0x10, 0x63, 0x08, 0x63, 0x08, 0x63, 0x08, 0x63, 0x08, 0x63, 0x08, 0x63, 0x08, 0x63, 0x08, 0x63, 0x08, 0x63, 0x08, 0x63, 0x08, 0x63, 0x08, 0x63, 0x08, 0x63, 0x08, 0x63, 0x08, 0x63, 0x08,
  0x63, 0x08, 0x63, 0x08, 0x63, 0x08, 0x63, 0x08, 0x63, 0x08, 0x63, 0x08, 0x63, 0x08, 0x63, 0x08, 0x63, 0x08, 0x63, 0x08, 0x63, 0x08, 0x63, 0x08, 0x63, 0x08, 0x63, 0x08, 0x63, 0x08, 0x63, 0x08,
  0x84, 0x10, 0x63, 0x08, 0x63, 0x08, 0x63, 0x08, 0x63, 0x08, 0x63, 0x08, 0x63, 0x08, 0x63, 0x08, 0x48, 0x19, 0x63, 0x08, 0x63, 0x08, 0x63, 0x08, 0x63, 0x08, 0x63, 0x08, 0x63, 0x08, 0x63, 0x08,
  0x63, 0x08, 0x63, 0x08, 0x63, 0x08, 0x63, 0x08, 0x63, 0x08, 0x63, 0x08, 0x27, 0x19, 0x63, 0x08, 0x63, 0x08, 0x63, 0x08, 0x63, 0x08, 0x63, 0x08, 0x63, 0x08, 0x63, 0x08, 0x63, 0x08, 0x63, 0x08,
  0x84, 0x10, 0x63, 0x08, 0x63, 0x08, 0x63, 0x08, 0x27, 0x19, 0x63, 0x08, 0x63, 0x08, 0x63, 0x08, 0x63, 0x08, 0x63, 0x08, 0x63, 0x08, 0x63, 0x08, 0x63, 0x08, 0x63, 0x08, 0x63, 0x08, 0x63, 0x08,
  0x63, 0x08, 0x63, 0x08, 0x63, 0x08, 0x63, 0x08, 0x27, 0x19, 0x63, 0x08, 0x63, 0x08, 0x63, 0x08, 0x63, 0x08, 0x63, 0x08, 0x63, 0x08, 0x63, 0x08, 0x63, 0x08, 0x63, 0x08, 0x63, 0x08, 0x63, 0x08,
  0x84, 0x10, 0x63, 0x08, 0x63, 0x08, 0x27, 0x19, 0x63, 0x08, 0x63, 0x08, 0x63, 0x08, 0x63, 0x08, 0x63, 0x08, 0x63, 0x08, 0x63, 0x08, 0x63, 0x08, 0x63, 0x08, 0x63, 0x08, 0x63, 0x08, 0x63, 0x08,
  0x26, 0x19, 0x06, 0x19, 0x63, 0x08, 0x63, 0x08, 0x63, 0x08, 0x63, 0x08, 0x63, 0x08, 0x63, 0x08, 0x63, 0x08, 0x63, 0x08, 0x63, 0x08, 0x63, 0x08, 0x63, 0x08, 0x63, 0x08, 0x63, 0x08, 0x63, 0x08,
  0x84, 0x10, 0x63, 0x08, 0x63, 0x08, 0x63, 0x08, 0x06, 0x19, 0x06, 0x19, 0x06, 0x19, 0x06, 0x19, 0x06, 0x19, 0x63, 0x08, 0x63, 0x08, 0x63, 0x08, 0x63, 0x08, 0x63, 0x08, 0x63, 0x08, 0x63, 0x08,
  0x63, 0x08, 0x63, 0x08, 0x63, 0x08, 0x63, 0x08, 0x63, 0x08, 0x63, 0x08, 0x63, 0x08, 0x63, 0x08, 0x06, 0x19, 0x63, 0x08, 0x63, 0x08, 0x63, 0x08, 0x63, 0x08, 0x63, 0x08, 0x63, 0x08, 0x63, 0x08,
  0x26, 0x19, 0x63, 0x08, 0x63, 0x08, 0x63, 0x08, 0x63, 0x08, 0x63, 0x08, 0x63, 0x08, 0x63, 0x08, 0x41, 0x28, 0x00, 0x20, 0x2d, 0xa4, 0xd1, 0xe5, 0x90, 0xdd, 0xd1, 0xdd, 0x12, 0xe6, 0x74, 0xee,
  0x95, 0xee, 0x95, 0xf6, 0xb5, 0xf6, 0xa8, 0x72, 0xd0, 0xbc, 0x38, 0xff, 0xb6, 0xf6, 0x58, 0xff, 0x72, 0xcd, 0x47, 0x72, 0x07, 0x72, 0x88, 0x7a, 0x79, 0xff, 0xf7, 0xfe, 0x18, 0xff, 0x18, 0xff,
  0x18, 0xff, 0x18, 0xff, 0x17, 0xff, 0x58, 0xff, 0xf4, 0xd5, 0x44, 0x49, 0xb2, 0xac, 0x9c, 0xff, 0xea, 0x72, 0x01, 0x81, 0xa4, 0xf2, 0xc3, 0xea, 0xe3, 0xea, 0xe3, 0xea, 0xe4, 0xea, 0xe3, 0xea,
  0xe3, 0xea, 0xe3, 0xea, 0x24, 0xfb, 0xb2, 0xfd, 0xff, 0xff, 0x52, 0xed, 0xc1, 0xc1, 0x04, 0xeb, 0xe3, 0xe2, 0x04, 0xeb, 0x80, 0xb1, 0x72, 0xed, 0xff, 0xff, 0x91, 0xfd, 0x24, 0xfb, 0xe4, 0xea,
  0xe4, 0xea, 0x04, 0xeb, 0x04, 0xeb, 0xe3, 0xea, 0x83, 0xda, 0xc3, 0xc9, 0xa4, 0xc9, 0xa1, 0x78, 0x2c, 0x83, 0x1a, 0xf7, 0x13, 0xb5, 0x24, 0x41, 0xd3, 0xd5, 0x58, 0xff, 0xf7, 0xfe, 0xf7, 0xf6,
  0x38, 0xff, 0x58, 0xff, 0x38, 0xff, 0xf7, 0xfe, 0x18, 0xff, 0x38, 0xff, 0xb7, 0xee, 0x88, 0x7a, 0x2e, 0xa4, 0x75, 0xee, 0xac, 0x9b, 0x4f, 0xb4, 0x07, 0x72, 0x2a, 0x83, 0x85, 0x61, 0x44, 0x51,
  0x6a, 0x93, 0xef, 0xc4, 0xb1, 0xdd, 0x90, 0xdd, 0x2f, 0xd5, 0xd1, 0xe5, 0xc5, 0x61, 0x00, 0x20, 0xc7, 0x49, 0x63, 0x08, 0x63, 0x08, 0x63, 0x08, 0x63, 0x08, 0x63, 0x08, 0x27, 0x19, 0x63, 0x08,
  0x63, 0x08, 0x63, 0x08, 0x63, 0x08, 0x63, 0x08, 0x63, 0x08, 0x63, 0x08, 0x63, 0x08, 0x63, 0x08, 0x63, 0x08, 0x63, 0x08, 0x63, 0x08, 0x63, 0x08, 0x47, 0x19, 0x47, 0x19, 0x47, 0x19, 0x47, 0x19,
  0x68, 0x19, 0x63, 0x08, 0x63, 0x08, 0x63, 0x08, 0x63, 0x08, 0x63, 0x08, 0x63, 0x08, 0x63, 0x08, 0x63, 0x08, 0x63, 0x08, 0x63, 0x08, 0x63, 0x08, 0x63, 0x08, 0x63, 0x08, 0x63, 0x08, 0x63, 0x08,
  0x63, 0x08, 0x63, 0x08, 0x63, 0x08, 0x63, 0x08, 0x63, 0x08, 0x63, 0x08, 0x63, 0x08, 0x63, 0x08, 0x63, 0x08, 0x63, 0x08, 0x63, 0x08, 0x63, 0x08, 0x63, 0x08, 0x63, 0x08, 0x63, 0x08, 0x63, 0x08,
  0x84, 0x10, 0x63, 0x08, 0x63, 0x08, 0x63, 0x08, 0x63, 0x08, 0x63, 0x08, 0x63, 0x08, 0x63, 0x08, 0x63, 0x08, 0x63, 0x08, 0x63, 0x08, 0x63, 0x08, 0x63, 0x08, 0x63, 0x08, 0x63, 0x08, 0x63, 0x08,
  0x63, 0x08, 0x63, 0x08, 0x63, 0x08, 0x63, 0x08, 0x63, 0x08, 0x63, 0x08, 0x63, 0x08, 0x63, 0x08, 0x63, 0x08, 0x63, 0x08, 0x63, 0x08, 0x63, 0x08, 0x63, 0x08, 0x63, 0x08, 0x63, 0x08, 0x63, 0x08,
  0x84, 0x10, 0x63, 0x08, 0x63, 0x08, 0x63, 0x08, 0x63, 0x08, 0x63, 0x08, 0x63, 0x08, 0x47, 0x19, 0x63, 0x08, 0x63, 0x08, 0x63, 0x08, 0x63, 0x08, 0x63, 0x08, 0x63, 0x08, 0x63, 0x08, 0x63, 0x08,
  0x63, 0x08, 0x63, 0x08, 0x63, 0x08, 0x63, 0x08, 0x63, 0x08, 0x27, 0x19, 0x63, 0x08, 0x63, 0x08, 0x63, 0x08, 0x63, 0x08, 0x63, 0x08, 0x63, 0x08, 0x63, 0x08, 0x63, 0x08, 0x63, 0x08, 0x63, 0x08,
  0x84, 0x10, 0x63, 0x08, 0x63, 0x08, 0x27, 0x19, 0x63, 0x08, 0x63, 0x08, 0x63, 0x08, 0x63, 0x08, 0x63, 0x08, 0x63, 0x08, 0x63, 0x08, 0x63, 0x08, 0x63, 0x08, 0x63, 0x08, 0x63, 0x08, 0x63, 0x08,
  0x63, 0x08, 0x63, 0x08, 0x63, 0x08, 0x63, 0x08, 0x27, 0x19, 0x63, 0x08, 0x63, 0x08, 0x63, 0x08, 0x63, 0x08, 0x63, 0x08, 0x63, 0x08, 0x63, 0x08, 0x63, 0x08, 0x63, 0x08, 0x63, 0x08, 0x63, 0x08,
  0x84, 0x10, 0x63, 0x08, 0x63, 0x08, 0x26, 0x19, 0x63, 0x08, 0x63, 0x08, 0x63, 0x08, 0x63, 0x08, 0x63, 0x08, 0x63, 0x08, 0x63, 0x08, 0x63, 0x08, 0x63, 0x08, 0x63, 0x08, 0x63, 0x08, 0x26, 0x19,
  0x06, 0x19, 0x63, 0x08, 0x63, 0x08, 0x63, 0x08, 0x63, 0x08, 0x63, 0x08, 0x63, 0x08, 0x63, 0x08, 0x63, 0x08, 0x63, 0x08, 0x63, 0x08, 0x63, 0x08, 0x63, 0x08, 0x63, 0x08, 0x63, 0x08, 0x63, 0x08,
  0x84, 0x10, 0x63, 0x08, 0x63, 0x08, 0x63, 0x08, 0x06, 0x19, 0x06, 0x19, 0x06, 0x19, 0x06, 0x19, 0x06, 0x19, 0x63, 0x08, 0x63, 0x08, 0x63, 0x08, 0x63, 0x08, 0x63, 0x08, 0x63, 0x08, 0x63, 0x08,
  0x63, 0x08, 0x63, 0x08, 0x63, 0x08, 0x63, 0x08, 0x63, 0x08, 0x63, 0x08, 0x63, 0x08, 0x63, 0x08, 0x06, 0x19, 0x63, 0x08, 0x63, 0x08, 0x63, 0x08, 0x63, 0x08, 0x63, 0x08, 0x63, 0x08, 0x63, 0x08,
  0x26, 0x19, 0x63, 0x08, 0x63, 0x08, 0x63, 0x08, 0x63, 0x08, 0x63, 0x08, 0x63, 0x08, 0x63, 0x08, 0x41, 0x28, 0x00, 0x20, 0x4d, 0xac, 0xf2, 0xed, 0x90, 0xdd, 0xd1, 0xe5, 0x33, 0xee, 0x95, 0xee,
  0xb6, 0xf6, 0xb6, 0xf6, 0xd6, 0xf6, 0xa8, 0x7a, 0xd0, 0xbc, 0x58, 0xff, 0xd6, 0xf6, 0x58, 0xff, 0x8c, 0x93, 0xf0, 0xcc, 0xa8, 0x82, 0x85, 0x59, 0x14, 0xde, 0x58, 0xff, 0x17, 0xff, 0x18, 0xff,
  0x18, 0xff, 0x18, 0xff, 0xf7, 0xf6, 0x99, 0xff, 0x4b, 0x8b, 0x61, 0x28, 0x69, 0x6a, 0x2c, 0x83, 0x00, 0x40, 0x23, 0xda, 0x43, 0xda, 0xa3, 0xe2, 0xe3, 0xea, 0xc3, 0xea, 0xa2, 0xea, 0xc3, 0xea,
  0xe3, 0xea, 0x04, 0xf3, 0x61, 0x99, 0xe0, 0x88, 0x50, 0xf5, 0xaa, 0xe3, 0x61, 0xa1, 0xe4, 0xea, 0xc3, 0xea, 0xe4, 0xea, 0x21, 0x91, 0xca, 0xeb, 0xef, 0xf4, 0x80, 0x80, 0x81, 0xa1, 0xe4, 0xf2,
  0xe3, 0xea, 0xc2, 0xea, 0xc2, 0xea, 0xe3, 0xea, 0xa3, 0xda, 0x03, 0xca, 0x83, 0xb9, 0x43, 0xb9, 0x00, 0x48, 0x4c, 0x83, 0x69, 0x72, 0xa2, 0x30, 0x0a, 0x83, 0x79, 0xff, 0x17, 0xff, 0x99, 0xff,
  0xf7, 0xf6, 0x55, 0xde, 0xb6, 0xf6, 0x79, 0xff, 0xf7, 0xf6, 0x59, 0xff, 0xf4, 0xdd, 0xa8, 0x7a, 0x2d, 0xa4, 0x31, 0xc5, 0x27, 0x72, 0xc9, 0x82, 0xcc, 0xa3, 0x4a, 0x93, 0x0a, 0x8b, 0xa5, 0x61,
  0xcc, 0xa3, 0x71, 0xd5, 0x91, 0xdd, 0xb1, 0xdd, 0x4f, 0xd5, 0xf1, 0xe5, 0xe5, 0x61, 0x00, 0x20, 0xc7, 0x49, 0x63, 0x08, 0x63, 0x08, 0x63, 0x08, 0x63, 0x08, 0x63, 0x08, 0x27, 0x19, 0x63, 0x08,
  0x63, 0x08, 0x63, 0x08, 0x63, 0x08, 0x63, 0x08, 0x63, 0x08, 0x63, 0x08, 0x63, 0x08, 0x63, 0x08, 0x63, 0x08, 0x63, 0x08, 0x63, 0x08, 0x63, 0x08, 0x63, 0x08, 0x63, 0x08, 0x47, 0x19, 0x63, 0x08,
  0x84, 0x10, 0x47, 0x19, 0x63, 0x08, 0x63, 0x08, 0x63, 0x08, 0x63, 0x08, 0x63, 0x08, 0x63, 0x08, 0x63, 0x08, 0x63, 0x08, 0x63, 0x08, 0x63, 0x08, 0x63, 0x08, 0x63, 0x08, 0x63, 0x08, 0x63, 0x08,
  0x63, 0x08, 0x63, 0x08, 0x63, 0x08, 0x63, 0x08, 0x63, 0x08, 0x63, 0x08, 0x63, 0x08, 0x63, 0x08, 0x63, 0x08, 0x63, 0x08, 0x63, 0x08, 0x63, 0x08, 0x63, 0x08, 0x63, 0x08, 0x63, 0x08, 0x63, 0x08,
  0x84, 0x10, 0x63, 0x08, 0x63, 0x08, 0x63, 0x08, 0x63, 0x08, 0x63, 0x08, 0x63, 0x08, 0x63, 0x08, 0x63, 0x08, 0x63, 0x08, 0x63, 0x08, 0x63, 0x08, 0x63, 0x08, 0x63, 0x08, 0x63, 0x08, 0x63, 0x08,
  0x63, 0x08, 0x63, 0x08, 0x63, 0x08, 0x63, 0x08, 0x63, 0x08, 0x63, 0x08, 0x63, 0x08, 0x63, 0x08, 0x63, 0x08, 0x63, 0x08, 0x63, 0x08, 0x63, 0x08, 0x63, 0x08, 0x63, 0x08, 0x63, 0x08, 0x63, 0x08,
  0x84, 0x10, 0x63, 0x08, 0x63, 0x08, 0x63, 0x08, 0x63, 0x08, 0x63, 0x08, 0x47, 0x19, 0x63, 0x08, 0x63, 0x08, 0x63, 0x08, 0x63, 0x08, 0x63, 0x08, 0x63, 0x08, 0x63, 0x08, 0x63, 0x08, 0x63, 0x08,
  0x63, 0x08, 0x63, 0x08, 0x63, 0x08, 0x63, 0x08, 0x27, 0x19, 0x63, 0x08, 0x63, 0x08, 0x63, 0x08, 0x63, 0x08, 0x63, 0x08, 0x63, 0x08, 0x63, 0x08, 0x63, 0x08, 0x63, 0x08, 0x63, 0x08, 0x63, 0x08,
  0x84, 0x10, 0x63, 0x08, 0x27, 0x19, 0x63, 0x08, 0x63, 0x08, 0x63, 0x08, 0x63, 0x08, 0x63, 0x08, 0x63, 0x08, 0x63, 0x08, 0x63, 0x08, 0x63, 0x08, 0x63, 0x08, 0x63, 0x08, 0x63, 0x08, 0x63, 0x08,
  0x63, 0x08, 0x63, 0x08, 0x63, 0x08, 0x63, 0x08, 0x27, 0x19, 0x63, 0x08, 0x63, 0x08, 0x63, 0x08, 0x63, 0x08, 0x63, 0x08, 0x63, 0x08, 0x63, 0x08, 0x63, 0x08, 0x63, 0x08, 0x63, 0x08, 0x63, 0x08,
  0x84, 0x10, 0x63, 0x08, 0x63, 0x08, 0x26, 0x19, 0x63, 0x08, 0x63, 0x08, 0x63, 0x08, 0x63, 0x08, 0x63, 0x08, 0x63, 0x08, 0x63, 0x08, 0x63, 0x08, 0x63, 0x08, 0x63, 0x08, 0x26, 0x19, 0x06, 0x19,
  0x63, 0x08, 0x63, 0x08, 0x63, 0x08, 0x63, 0x08, 0x63, 0x08, 0x63, 0x08, 0x63, 0x08, 0x63, 0x08, 0x63, 0x08, 0x63, 0x08, 0x63, 0x08, 0x63, 0x08, 0x63, 0x08, 0x63, 0x08, 0x63, 0x08, 0x63, 0x08,
  0x84, 0x10, 0x63, 0x08, 0x63, 0x08, 0x63, 0x08, 0x63, 0x08, 0x06, 0x19, 0x06, 0x19, 0x06, 0x19, 0x63, 0x08, 0x63, 0x08, 0x63, 0x08, 0x63, 0x08, 0x63, 0x08, 0x63, 0x08, 0x63, 0x08, 0x63, 0x08,
  0x63, 0x08, 0x63, 0x08, 0x63, 0x08, 0x63, 0x08, 0x63, 0x08, 0x63, 0x08, 0x63, 0x08, 0x63, 0x08, 0x06, 0x19, 0x63, 0x08, 0x63, 0x08, 0x63, 0x08, 0x63, 0x08, 0x63, 0x08, 0x63, 0x08, 0x63, 0x08,
  0x26, 0x19, 0x63, 0x08, 0x63, 0x08, 0x63, 0x08, 0x63, 0x08, 0x63, 0x08, 0x63, 0x08, 0x63, 0x08, 0x41, 0x28, 0x00, 0x20, 0x4d, 0xac, 0x12, 0xee, 0x90, 0xdd, 0xf2, 0xe5, 0x75, 0xee, 0x95, 0xee,
  0xd6, 0xf6, 0xf7, 0xfe, 0xf7, 0xf6, 0xc8, 0x7a, 0xf0, 0xbc, 0x58, 0xff, 0x78, 0xff, 0xb2, 0xd5, 0x4a, 0x93, 0x17, 0xff, 0x2a, 0x93, 0x64, 0x59, 0xac, 0x93, 0x59, 0xff, 0x17, 0xff, 0x18, 0xff,
  0x18, 0xff, 0x18, 0xff, 0x18, 0xff, 0xf7, 0xfe, 0x35, 0xde, 0x68, 0x72, 0x61, 0x30, 0x00, 0x20, 0x62, 0xa9, 0x03, 0xda, 0x43, 0xda, 0xc3, 0xea, 0xa2, 0xea, 0x25, 0xeb, 0xe9, 0xeb, 0x66, 0xf3,
  0x24, 0xfb, 0x40, 0x99, 0x29, 0x5a, 0x8a, 0x62, 0xe0, 0x90, 0x43, 0xda, 0x00, 0x89, 0xe4, 0xf2, 0x25, 0xe3, 0xe4, 0xf2, 0xe1, 0x80, 0xe2, 0xc9, 0x62, 0x99, 0x4e, 0x73, 0x01, 0x28, 0x81, 0xa1,
  0x04, 0xfb, 0xa7, 0xeb, 0x2a, 0xec, 0x45, 0xeb, 0xa3, 0xe2, 0x43, 0xd2, 0xa3, 0xc1, 0x43, 0xb9, 0xa1, 0x80, 0x00, 0x28, 0x81, 0x38, 0xe9, 0x82, 0x55, 0xde, 0x17, 0xff, 0xb6, 0xee, 0xed, 0x9b,
  0x47, 0x6a, 0xc9, 0x7a, 0x4b, 0x8b, 0x11, 0xc5, 0x58, 0xff, 0x58, 0xff, 0x4e, 0xac, 0x0a, 0x8b, 0xc9, 0x7a, 0x2a, 0x93, 0x6b, 0x93, 0x4e, 0xac, 0xab, 0x9b, 0x2a, 0x8b, 0xa8, 0x82, 0x06, 0x6a,
  0x4d, 0xac, 0x51, 0xcd, 0xb1, 0xdd, 0xb1, 0xdd, 0x4f, 0xd5, 0xf1, 0xe5, 0xe5, 0x69, 0x00, 0x20, 0xa7, 0x49, 0x63, 0x08, 0x63, 0x08, 0x63, 0x08, 0x63, 0x08, 0x63, 0x08, 0x27, 0x19, 0x63, 0x08,
  0x63, 0x08, 0x63, 0x08, 0x63, 0x08, 0x63, 0x08, 0x63, 0x08, 0x63, 0x08, 0x63, 0x08, 0x63, 0x08, 0x63, 0x08, 0x63, 0x08, 0x63, 0x08, 0x63, 0x08, 0x63, 0x08, 0x63, 0x08, 0x47, 0x19, 0x63, 0x08,
  0x84, 0x10, 0x63, 0x08, 0x47, 0x19, 0x63, 0x08, 0x63, 0x08, 0x63, 0x08, 0x63, 0x08, 0x63, 0x08, 0x63, 0x08, 0x63, 0x08, 0x63, 0x08, 0x63, 0x08, 0x63, 0x08, 0x63, 0x08, 0x63, 0x08, 0x63, 0x08,
  0x63, 0x08, 0x63, 0x08, 0x63, 0x08, 0x63, 0x08, 0x63, 0x08, 0x63, 0x08, 0x63, 0x08, 0x63, 0x08, 0x63, 0x08, 0x63, 0x08, 0x63, 0x08, 0x63, 0x08, 0x63, 0x08, 0x63, 0x08, 0x63, 0x08, 0x63, 0x08,
  0x84, 0x10, 0x63, 0x08, 0x63, 0x08, 0x63, 0x08, 0x63, 0x08, 0x63, 0x08, 0x63, 0x08, 0x63, 0x08, 0x63, 0x08, 0x63, 0x08, 0x63, 0x08, 0x63, 0x08, 0x63, 0x08, 0x63, 0x08, 0x63, 0x08, 0x63, 0x08,
  0x63, 0x08, 0x63, 0x08, 0x63, 0x08, 0x63, 0x08, 0x63, 0x08, 0x63, 0x08, 0x63, 0x08, 0x63, 0x08, 0x63, 0x08, 0x63, 0x08, 0x63, 0x08, 0x63, 0x08, 0x63, 0x08, 0x63, 0x08, 0x63, 0x08, 0x63, 0x08,
  0x84, 0x10, 0x63, 0x08, 0x63, 0x08, 0x63, 0x08, 0x63, 0x08, 0x47, 0x19, 0x63, 0x08, 0x63, 0x08, 0x63, 0x08, 0x63, 0x08, 0x63, 0x08, 0x63, 0x08, 0x63, 0x08, 0x63, 0x08, 0x63, 0x08, 0x63, 0x08,
  0x63, 0x08, 0x63, 0x08, 0x63, 0x08, 0x27, 0x19, 0x63, 0x08, 0x63, 0x08, 0x63, 0x08, 0x63, 0x08, 0x63, 0x08, 0x63, 0x08, 0x63, 0x08, 0x63, 0x08, 0x63, 0x08, 0x63, 0x08, 0x63, 0x08, 0x63, 0x08,
  0x84, 0x10, 0x27, 0x19, 0x63, 0x08, 0x63, 0x08, 0x63, 0x08, 0x63, 0x08, 0x63, 0x08, 0x63, 0x08, 0x63, 0x08, 0x63, 0x08, 0x63, 0x08, 0x63, 0x08, 0x63, 0x08, 0x63, 0x08, 0x63, 0x08, 0x63, 0x08,
  0x63, 0x08, 0x63, 0x08, 0x63, 0x08, 0x63, 0x08, 0x27, 0x19, 0x63, 0x08, 0x63, 0x08, 0x63, 0x08, 0x63, 0x08, 0x63, 0x08, 0x63, 0x08, 0x63, 0x08, 0x63, 0x08, 0x63, 0x08, 0x63, 0x08, 0x63, 0x08,
  0x84, 0x10, 0x63, 0x08, 0x63, 0x08, 0x26, 0x19, 0x63, 0x08, 0x63, 0x08, 0x63, 0x08, 0x63, 0x08, 0x63, 0x08, 0x63, 0x08, 0x63, 0x08, 0x63, 0x08, 0x63, 0x08, 0x26, 0x19, 0x06, 0x19, 0x63, 0x08,
  0x63, 0x08, 0x63, 0x08, 0x63, 0x08, 0x63, 0x08, 0x63, 0x08, 0x63, 0x08, 0x63, 0x08, 0x63, 0x08, 0x63, 0x08, 0x63, 0x08, 0x63, 0x08, 0x63, 0x08, 0x63, 0x08, 0x63, 0x08, 0x63, 0x08, 0x63, 0x08,
  0x84, 0x10, 0x63, 0x08, 0x63, 0x08, 0x63, 0x08, 0x63, 0x08, 0x63, 0x08, 0x06, 0x19, 0x63, 0x08, 0x63, 0x08, 0x63, 0x08, 0x63, 0x08, 0x63, 0x08, 0x63, 0x08, 0x63, 0x08, 0x63, 0x08, 0x63, 0x08,
  0x63, 0x08, 0x63, 0x08, 0x63, 0x08, 0x63, 0x08, 0x63, 0x08, 0x63, 0x08, 0x63, 0x08, 0x63, 0x08, 0x06, 0x19, 0x63, 0x08, 0x63, 0x08, 0x63, 0x08, 0x63, 0x08, 0x63, 0x08, 0x63, 0x08, 0x63, 0x08,
  0x26, 0x19, 0x63, 0x08, 0x63, 0x08, 0x63, 0x08, 0x63, 0x08, 0x63, 0x08, 0x63, 0x08, 0x63, 0x08, 0x41, 0x28, 0x00, 0x20, 0x6e, 0xac, 0x32, 0xee, 0xd1, 0xdd, 0x54, 0xee, 0x95, 0xee, 0xd6, 0xf6,
  0xb6, 0xee, 0x55, 0xe6, 0x54, 0xe6, 0xc8, 0x7a, 0xaf, 0xb4, 0xf7, 0xf6, 0x75, 0xee, 0x4b, 0x8b, 0x10, 0xc5, 0x79, 0xff, 0x2d, 0xb4, 0x44, 0x51, 0x47, 0x72, 0xb3, 0xd5, 0x79, 0xff, 0xf7, 0xf6,
  0x18, 0xff, 0x18, 0xff, 0x18, 0xff, 0x17, 0xff, 0x79, 0xff, 0x92, 0xc5, 0x2a, 0x83, 0x60, 0x68, 0xc3, 0xc9, 0xc3, 0xc9, 0x83, 0xe2, 0x82, 0xea, 0x4b, 0xf4, 0xfa, 0xf6, 0xdf, 0xff, 0x99, 0xe6,
  0x84, 0xe2, 0xa0, 0x70, 0x04, 0x39, 0x45, 0x49, 0x81, 0x60, 0x01, 0x91, 0x0e, 0xcc, 0x1a, 0xff, 0x5c, 0xf7, 0xd9, 0xfe, 0x0d, 0xcc, 0xc0, 0x80, 0xc2, 0x60, 0x49, 0x62, 0x00, 0x28, 0xa1, 0x78,
  0xa5, 0xe2, 0x3b, 0xef, 0xff, 0xff, 0xd9, 0xf6, 0x4b, 0xec, 0x22, 0xda, 0xc3, 0xc9, 0x43, 0xb1, 0x03, 0xa9, 0x20, 0x58, 0xac, 0x93, 0xb3, 0xcd, 0x79, 0xff, 0x38, 0xff, 0x14, 0xde, 0x31, 0xc5,
  0x34, 0xde, 0x31, 0xc5, 0x6b, 0x8b, 0x68, 0x72, 0x52, 0xcd, 0xb6, 0xee, 0x0a, 0x83, 0x67, 0x72, 0xc5, 0x61, 0x2a, 0x93, 0x10, 0xbd, 0x29, 0x83, 0x2d, 0xa4, 0xc8, 0x82, 0xe9, 0x82, 0x64, 0x61,
  0x8e, 0xb4, 0x71, 0xd5, 0xf2, 0xe5, 0xb1, 0xdd, 0x70, 0xd5, 0xf1, 0xe5, 0xe6, 0x69, 0x00, 0x20, 0xa7, 0x49, 0x63, 0x08, 0x63, 0x08, 0x63, 0x08, 0x63, 0x08, 0x63, 0x08, 0x27, 0x19, 0x63, 0x08,
  0x63, 0x08, 0x63, 0x08, 0x63, 0x08, 0x63, 0x08, 0x63, 0x08, 0x63, 0x08, 0x63, 0x08, 0x63, 0x08, 0x63, 0x08, 0x63, 0x08, 0x63, 0x08, 0x63, 0x08, 0x63, 0x08, 0x63, 0x08, 0x47, 0x19, 0x63, 0x08,
  0x84, 0x10, 0x63, 0x08, 0x63, 0x08, 0x47, 0x19, 0x63, 0x08, 0x63, 0x08, 0x63, 0x08, 0x63, 0x08, 0x63, 0x08, 0x63, 0x08, 0x63, 0x08, 0x63, 0x08, 0x63, 0x08, 0x63, 0x08, 0x63, 0x08, 0x63, 0x08,
  0x63, 0x08, 0x63, 0x08, 0x63, 0x08, 0x63, 0x08, 0x63, 0x08, 0x63, 0x08, 0x63, 0x08, 0x63, 0x08, 0x63, 0x08, 0x63, 0x08, 0x63, 0x08, 0x63, 0x08, 0x63, 0x08, 0x63, 0x08, 0x63, 0x08, 0x63, 0x08,
  0x84, 0x10, 0x63, 0x08, 0x63, 0x08, 0x63, 0x08, 0x63, 0x08, 0x63, 0x08, 0x63, 0x08, 0x63, 0x08, 0x63, 0x08, 0x63, 0x08, 0x63, 0x08, 0x63, 0x08, 0x63, 0x08, 0x63, 0x08, 0x63, 0x08, 0x63, 0x08,
  0x63, 0x08, 0x63, 0x08, 0x63, 0x08, 0x63, 0x08, 0x63, 0x08, 0x63, 0x08, 0x63, 0x08, 0x63, 0x08, 0x63, 0x08, 0x63, 0x08, 0x63, 0x08, 0x63, 0x08, 0x63, 0x08, 0x63, 0x08, 0x63, 0x08, 0x63, 0x08,
  0x84, 0x10, 0x63, 0x08, 0x63, 0x08, 0x63, 0x08, 0x47, 0x19, 0x63, 0x08, 0x63, 0x08, 0x63, 0x08, 0x63, 0x08, 0x63, 0x08, 0x63, 0x08, 0x63, 0x08, 0x63, 0x08, 0x63, 0x08, 0x63, 0x08, 0x63, 0x08,
  0x63, 0x08, 0x63, 0x08, 0x27, 0x19, 0x63, 0x08, 0x63, 0x08, 0x63, 0x08, 0x63, 0x08, 0x63, 0x08, 0x63, 0x08, 0x63, 0x08, 0x63, 0x08, 0x63, 0x08, 0x63, 0x08, 0x63, 0x08, 0x63, 0x08, 0x63, 0x08,
  0x67, 0x19, 0x63, 0x08, 0x63, 0x08, 0x63, 0x08, 0x63, 0x08, 0x63, 0x08, 0x63, 0x08, 0x63, 0x08, 0x63, 0x08, 0x63, 0x08, 0x63, 0x08, 0x63, 0x08, 0x63, 0x08, 0x63, 0x08, 0x63, 0x08, 0x63, 0x08,
  0x63, 0x08, 0x63, 0x08, 0x63, 0x08, 0x63, 0x08, 0x27, 0x19, 0x63, 0x08, 0x63, 0x08, 0x63, 0x08, 0x63, 0x08, 0x63, 0x08, 0x63, 0x08, 0x63, 0x08, 0x63, 0x08, 0x63, 0x08, 0x63, 0x08, 0x63, 0x08,
  0x84, 0x10, 0x63, 0x08, 0x63, 0x08, 0x26, 0x19, 0x63, 0x08, 0x63, 0x08, 0x63, 0x08, 0x63, 0x08, 0x63, 0x08, 0x63, 0x08, 0x63, 0x08, 0x63, 0x08, 0x26, 0x19, 0x06, 0x19, 0x63, 0x08, 0x63, 0x08,
  0x63, 0x08, 0x63, 0x08, 0x63, 0x08, 0x63, 0x08, 0x63, 0x08, 0x63, 0x08, 0x63, 0x08, 0x63, 0x08, 0x63, 0x08, 0x63, 0x08, 0x63, 0x08, 0x63, 0x08, 0x63, 0x08, 0x63, 0x08, 0x63, 0x08, 0x63, 0x08,
  0x84, 0x10, 0x63, 0x08, 0x63, 0x08, 0x63, 0x08, 0x63, 0x08, 0x63, 0x08, 0x06, 0x19, 0x63, 0x08, 0x63, 0x08, 0x63, 0x08, 0x63, 0x08, 0x63, 0x08, 0x63, 0x08, 0x63, 0x08, 0x63, 0x08, 0x63, 0x08,
  0x63, 0x08, 0x63, 0x08, 0x63, 0x08, 0x63, 0x08, 0x63, 0x08, 0x63, 0x08, 0x63, 0x08, 0x63, 0x08, 0x06, 0x19, 0x63, 0x08, 0x63, 0x08, 0x63, 0x08, 0x63, 0x08, 0x63, 0x08, 0x63, 0x08, 0x63, 0x08,
  0x26, 0x19, 0x63, 0x08, 0x63, 0x08, 0x63, 0x08, 0x63, 0x08, 0x63, 0x08, 0x63, 0x08, 0x63, 0x08, 0x41, 0x28, 0x00, 0x20, 0x8e, 0xb4, 0x33, 0xee, 0xf2, 0xe5, 0x75, 0xee, 0xb6, 0xf6, 0x33, 0xe6,
  0x09, 0x8b, 0x67, 0x7a, 0x47, 0x72, 0x68, 0x72, 0x27, 0x72, 0xa9, 0x7a, 0xe6, 0x69, 0x29, 0x8b, 0x56, 0xe6, 0x38, 0xff, 0x8e, 0xc4, 0x65, 0x59, 0xe6, 0x69, 0x2a, 0x8b, 0x38, 0xff, 0x18, 0xff,
  0x18, 0xff, 0x18, 0xff, 0x18, 0xff, 0x18, 0xff, 0x18, 0xff, 0x58, 0xff, 0xe3, 0x40, 0x60, 0x70, 0x63, 0xb9, 0x24, 0xd2, 0xc3, 0xea, 0xad, 0xf4, 0x7d, 0xff, 0xff, 0xff, 0xff, 0xff, 0x8a, 0x62,
  0x00, 0xa9, 0x44, 0xda, 0x20, 0x40, 0x00, 0x38, 0x60, 0x70, 0xd2, 0xbc, 0xff, 0xff, 0xff, 0xff, 0xff, 0xff, 0xff, 0xff, 0xff, 0xff, 0xb1, 0xbc, 0x20, 0x60, 0x00, 0x30, 0x40, 0x40, 0xe3, 0xc9,
  0xe0, 0xa0, 0x49, 0x6a, 0xdf, 0xff, 0xff, 0xff, 0x9d, 0xff, 0x8e, 0xec, 0x03, 0xda, 0x43, 0xb1, 0xe2, 0xa0, 0x00, 0x60, 0x24, 0x51, 0x38, 0xff, 0x17, 0xff, 0x17, 0xff, 0x58, 0xff, 0x99, 0xff,
  0x58, 0xff, 0xfa, 0xff, 0xd0, 0xb4, 0xa8, 0x7a, 0xc9, 0x7a, 0x4f, 0xac, 0x06, 0x6a, 0x64, 0x51, 0xab, 0x9b, 0xd0, 0xbc, 0x6a, 0x93, 0x4e, 0xac, 0xcc, 0x9b, 0x29, 0x93, 0x46, 0x7a, 0x47, 0x7a,
  0x10, 0xc5, 0x8e, 0xb4, 0x54, 0xee, 0x32, 0xe6, 0x90, 0xdd, 0xf2, 0xe5, 0x06, 0x6a, 0x00, 0x20, 0xa7, 0x49, 0x63, 0x08, 0x63, 0x08, 0x63, 0x08, 0x63, 0x08, 0x63, 0x08, 0x27, 0x19, 0x63, 0x08,
  0x63, 0x08, 0x63, 0x08, 0x63, 0x08, 0x63, 0x08, 0x63, 0x08, 0x63, 0x08, 0x63, 0x08, 0x63, 0x08, 0x63, 0x08, 0x63, 0x08, 0x63, 0x08, 0x63, 0x08, 0x63, 0x08, 0x63, 0x08, 0x47, 0x19, 0x63, 0x08,
  0x84, 0x10, 0x63, 0x08, 0x63, 0x08, 0x63, 0x08, 0x47, 0x19, 0x63, 0x08, 0x63, 0x08, 0x63, 0x08, 0x63, 0x08, 0x63, 0x08, 0x63, 0x08, 0x63, 0x08, 0x63, 0x08, 0x63, 0x08, 0x63, 0x08, 0x63, 0x08,
  0x63, 0x08, 0x63, 0x08, 0x63, 0x08, 0x63, 0x08, 0x63, 0x08, 0x63, 0x08, 0x63, 0x08, 0x63, 0x08, 0x63, 0x08, 0x63, 0x08, 0x63, 0x08, 0x63, 0x08, 0x63, 0x08, 0x63, 0x08, 0x63, 0x08, 0x63, 0x08,
  0x84, 0x10, 0x63, 0x08, 0x63, 0x08, 0x63, 0x08, 0x63, 0x08, 0x63, 0x08, 0x63, 0x08, 0x63, 0x08, 0x63, 0x08, 0x63, 0x08, 0x63, 0x08, 0x63, 0x08, 0x63, 0x08, 0x63, 0x08, 0x63, 0x08, 0x63, 0x08,
  0x63, 0x08, 0x63, 0x08, 0x63, 0x08, 0x63, 0x08, 0x63, 0x08, 0x63, 0x08, 0x63, 0x08, 0x63, 0x08, 0x63, 0x08, 0x63, 0x08, 0x63, 0x08, 0x63, 0x08, 0x63, 0x08, 0x63, 0x08, 0x63, 0x08, 0x63, 0x08,
  0x84, 0x10, 0x63, 0x08, 0x63, 0x08, 0x47, 0x19, 0x63, 0x08, 0x63, 0x08, 0x63, 0x08, 0x63, 0x08, 0x63, 0x08, 0x63, 0x08, 0x63, 0x08, 0x63, 0x08, 0x63, 0x08, 0x63, 0x08, 0x63, 0x08, 0x63, 0x08,
  0x63, 0x08, 0x27, 0x19, 0x63, 0x08, 0x63, 0x08, 0x63, 0x08, 0x63, 0x08, 0x63, 0x08, 0x63, 0x08, 0x63, 0x08, 0x63, 0x08, 0x63, 0x08, 0x63, 0x08, 0x63, 0x08, 0x63, 0x08, 0x63, 0x08, 0x27, 0x19,
  0x84, 0x10, 0x63, 0x08, 0x63, 0x08, 0x63, 0x08, 0x63, 0x08, 0x63, 0x08, 0x63, 0x08, 0x63, 0x08, 0x63, 0x08, 0x63, 0x08, 0x63, 0x08, 0x63, 0x08, 0x63, 0x08, 0x63, 0x08, 0x63, 0x08, 0x63, 0x08,
  0x63, 0x08, 0x63, 0x08, 0x63, 0x08, 0x63, 0x08, 0x27, 0x19, 0x63, 0x08, 0x63, 0x08, 0x63, 0x08, 0x63, 0x08, 0x63, 0x08, 0x63, 0x08, 0x63, 0x08, 0x63, 0x08, 0x63, 0x08, 0x63, 0x08, 0x63, 0x08,
  0x84, 0x10, 0x63, 0x08, 0x63, 0x08, 0x26, 0x19, 0x63, 0x08, 0x63, 0x08, 0x63, 0x08, 0x63, 0x08, 0x63, 0x08, 0x63, 0x08, 0x63, 0x08, 0x26, 0x19, 0x06, 0x19, 0x63, 0x08, 0x63, 0x08, 0x63, 0x08,
  0x63, 0x08, 0x63, 0x08, 0x63, 0x08, 0x63, 0x08, 0x63, 0x08, 0x63, 0x08, 0x63, 0x08, 0x63, 0x08, 0x63, 0x08, 0x63, 0x08, 0x63, 0x08, 0x63, 0x08, 0x63, 0x08, 0x63, 0x08, 0x63, 0x08, 0x63, 0x08,
  0x84, 0x10, 0x63, 0x08, 0x63, 0x08, 0x63, 0x08, 0x63, 0x08, 0x63, 0x08, 0x06, 0x19, 0x63, 0x08, 0x63, 0x08, 0x63, 0x08, 0x63, 0x08, 0x63, 0x08, 0x63, 0x08, 0x63, 0x08, 0x63, 0x08, 0x63, 0x08,
  0x63, 0x08, 0x63, 0x08, 0x63, 0x08, 0x63, 0x08, 0x63, 0x08, 0x63, 0x08, 0x63, 0x08, 0x63, 0x08, 0x06, 0x19, 0x63, 0x08, 0x63, 0x08, 0x63, 0x08, 0x63, 0x08, 0x63, 0x08, 0x63, 0x08, 0x63, 0x08,
  0x26, 0x19, 0x63, 0x08, 0x63, 0x08, 0x63, 0x08, 0x63, 0x08, 0x63, 0x08, 0x63, 0x08, 0x63, 0x08, 0x41, 0x28, 0x00, 0x20, 0x8e, 0xb4, 0x53, 0xee, 0x12, 0xe6, 0x75, 0xee, 0x16, 0xff, 0x0c, 0xa4,
  0xc8, 0x82, 0x75, 0xe6, 0x34, 0xe6, 0xe9, 0x82, 0xaf, 0xb4, 0xf7, 0xee, 0x6b, 0x8b, 0x8e, 0xbc, 0x3a, 0xf7, 0xf7, 0xf6, 0x0f, 0xd5, 0x27, 0x7a, 0x65, 0x59, 0xa9, 0x7a, 0x31, 0xbd, 0x99, 0xff,
  0xf7, 0xf6, 0x18, 0xff, 0x18, 0xff, 0x18, 0xff, 0x99, 0xff, 0x8b, 0x93, 0x00, 0x18, 0xc2, 0x80, 0xa4, 0xc9, 0x02, 0xda, 0x67, 0xeb, 0x3b, 0xff, 0xff, 0xff, 0xff, 0xff, 0x34, 0xb5, 0x00, 0x18,
  0x81, 0x58, 0x03, 0xd2, 0x23, 0xda, 0xc0, 0x98, 0xb2, 0xbc, 0xff, 0xff, 0xdf, 0xff, 0xff, 0xff, 0xff, 0xff, 0xff, 0xff, 0xdf, 0xff, 0xff, 0xff, 0x71, 0xac, 0xa0, 0x88, 0xe3, 0xd1, 0xc3, 0xc9,
  0x61, 0x50, 0x00, 0x20, 0xd3, 0xb4, 0xff, 0xff, 0xff, 0xff, 0x3c, 0xf7, 0x08, 0xdb, 0x62, 0xb9, 0x23, 0xb1, 0x82, 0x78, 0x00, 0x20, 0x0d, 0xa4, 0x99, 0xff, 0xf7, 0xfe, 0x18, 0xff, 0x18, 0xff,
  0xf7, 0xf6, 0x79, 0xff, 0x92, 0xcd, 0xa8, 0x7a, 0x44, 0x51, 0x07, 0x6a, 0x44, 0x51, 0x6b, 0x93, 0x2d, 0xa4, 0xaf, 0xb4, 0x6a, 0x8b, 0xf0, 0xbc, 0xe8, 0x7a, 0x2a, 0x8b, 0xc5, 0x61, 0x4b, 0x93,
  0x4a, 0x93, 0x71, 0xd5, 0x74, 0xf6, 0x8e, 0xb4, 0x29, 0x93, 0x12, 0xee, 0x06, 0x6a, 0x00, 0x20, 0xa7, 0x49, 0x63, 0x08, 0x63, 0x08, 0x63, 0x08, 0x63, 0x08, 0x63, 0x08, 0x27, 0x19, 0x63, 0x08,
  0x63, 0x08, 0x63, 0x08, 0x63, 0x08, 0x63, 0x08, 0x63, 0x08, 0x63, 0x08, 0x63, 0x08, 0x63, 0x08, 0x63, 0x08, 0x63, 0x08, 0x63, 0x08, 0x63, 0x08, 0x63, 0x08, 0x63, 0x08, 0x47, 0x19, 0x63, 0x08,
  0x84, 0x10, 0x63, 0x08, 0x63, 0x08, 0x63, 0x08, 0x63, 0x08, 0x47, 0x19, 0x63, 0x08, 0x63, 0x08, 0x63, 0x08, 0x63, 0x08, 0x63, 0x08, 0x63, 0x08, 0x63, 0x08, 0x63, 0x08, 0x63, 0x08, 0x63, 0x08,
  0x63, 0x08, 0x63, 0x08, 0x63, 0x08, 0x63, 0x08, 0x63, 0x08, 0x63, 0x08, 0x63, 0x08, 0x63, 0x08, 0x63, 0x08, 0x63, 0x08, 0x63, 0x08, 0x63, 0x08, 0x63, 0x08, 0x63, 0x08, 0x63, 0x08, 0x63, 0x08,
  0x84, 0x10, 0x63, 0x08, 0x63, 0x08, 0x63, 0x08, 0x63, 0x08, 0x63, 0x08, 0x63, 0x08, 0x63, 0x08, 0x63, 0x08, 0x63, 0x08, 0x63, 0x08, 0x63, 0x08, 0x63, 0x08, 0x63, 0x08, 0x63, 0x08, 0x63, 0x08,
  0x63, 0x08, 0x63, 0x08, 0x63, 0x08, 0x63, 0x08, 0x63, 0x08, 0x63, 0x08, 0x63, 0x08, 0x63, 0x08, 0x63, 0x08, 0x63, 0x08, 0x63, 0x08, 0x63, 0x08, 0x63, 0x08, 0x63, 0x08, 0x63, 0x08, 0x63, 0x08,
  0x84, 0x10, 0x63, 0x08, 0x47, 0x19, 0x63, 0x08, 0x63, 0x08, 0x63, 0x08, 0x63, 0x08, 0x63, 0x08, 0x63, 0x08, 0x63, 0x08, 0x63, 0x08, 0x63, 0x08, 0x63, 0x08, 0x63, 0x08, 0x63, 0x08, 0x63, 0x08,
  0x27, 0x19, 0x63, 0x08, 0x63, 0x08, 0x63, 0x08, 0x63, 0x08, 0x63, 0x08, 0x63, 0x08, 0x63, 0x08, 0x63, 0x08, 0x63, 0x08, 0x63, 0x08, 0x63, 0x08, 0x63, 0x08, 0x63, 0x08, 0x27, 0x19, 0x63, 0x08,
  0x84, 0x10, 0x63, 0x08, 0x63, 0x08, 0x63, 0x08, 0x63, 0x08, 0x63, 0x08, 0x63, 0x08, 0x63, 0x08, 0x63, 0x08, 0x63, 0x08, 0x63, 0x08, 0x63, 0x08, 0x63, 0x08, 0x63, 0x08, 0x63, 0x08, 0x63, 0x08,
  0x63, 0x08, 0x63, 0x08, 0x63, 0x08, 0x63, 0x08, 0x27, 0x19, 0x63, 0x08, 0x63, 0x08, 0x63, 0x08, 0x63, 0x08, 0x63, 0x08, 0x63, 0x08, 0x63, 0x08, 0x63, 0x08, 0x63, 0x08, 0x63, 0x08, 0x63, 0x08,
  0x84, 0x10, 0x63, 0x08, 0x63, 0x08, 0x26, 0x19, 0x63, 0x08, 0x63, 0x08, 0x63, 0x08, 0x63, 0x08, 0x63, 0x08, 0x63, 0x08, 0x63, 0x08, 0x06, 0x19, 0x63, 0x08, 0x63, 0x08, 0x63, 0x08, 0x63, 0x08,
  0x63, 0x08, 0x63, 0x08, 0x63, 0x08, 0x63, 0x08, 0x63, 0x08, 0x63, 0x08, 0x63, 0x08, 0x63, 0x08, 0x63, 0x08, 0x63, 0x08, 0x63, 0x08, 0x63, 0x08, 0x63, 0x08, 0x63, 0x08, 0x63, 0x08, 0x63, 0x08,
  0x84, 0x10, 0x63, 0x08, 0x63, 0x08, 0x63, 0x08, 0x63, 0x08, 0x63, 0x08, 0x06, 0x19, 0x63, 0x08, 0x63, 0x08, 0x63, 0x08, 0x63, 0x08, 0x63, 0x08, 0x63, 0x08, 0x63, 0x08, 0x63, 0x08, 0x63, 0x08,
  0x63, 0x08, 0x63, 0x08, 0x63, 0x08, 0x63, 0x08, 0x63, 0x08, 0x63, 0x08, 0x63, 0x08, 0x63, 0x08, 0x06, 0x19, 0x63, 0x08, 0x63, 0x08, 0x63, 0x08, 0x63, 0x08, 0x63, 0x08, 0x63, 0x08, 0x63, 0x08,
  0x26, 0x19, 0x63, 0x08, 0x63, 0x08, 0x63, 0x08, 0x63, 0x08, 0x63, 0x08, 0x63, 0x08, 0x63, 0x08, 0x41, 0x28, 0x00, 0x20, 0x8f, 0xb4, 0x53, 0xee, 0xf2, 0xe5, 0x95, 0xf6, 0x17, 0xff, 0x8b, 0x93,
  0xed, 0xa3, 0xb9, 0xff, 0x17, 0xff, 0x0a, 0x83, 0x72, 0xcd, 0xb3, 0xd5, 0x6b, 0x93, 0x34, 0xe6, 0xfe, 0xff, 0xd5, 0xfe, 0xb1, 0xe5, 0x4a, 0x93, 0x24, 0x59, 0x68, 0x7a, 0x6b, 0x93, 0xd7, 0xee,
  0x38, 0xff, 0x18, 0xff, 0x18, 0xff, 0x18, 0xff, 0x58, 0xff, 0xf0, 0xb4, 0x41, 0x38, 0xc2, 0x90, 0x63, 0xc1, 0x04, 0xca, 0xb3, 0xf5, 0xdf, 0xff, 0xff, 0xff, 0xdb, 0xe6, 0xc3, 0x40, 0x00, 0x28,
  0x00, 0x28, 0x00, 0x30, 0x40, 0x48, 0xf3, 0xb4, 0xff, 0xff, 0xdf, 0xff, 0xff, 0xff, 0x9e, 0xf7, 0xfb, 0xe6, 0xdf, 0xff, 0xff, 0xff, 0xdf, 0xff, 0xff, 0xff, 0x92, 0xa4, 0x40, 0x40, 0x00, 0x30,
  0x00, 0x28, 0x00, 0x28, 0xc3, 0x40, 0x1c, 0xef, 0xff, 0xff, 0xff, 0xff, 0x73, 0xed, 0x83, 0xc1, 0x43, 0xa9, 0x82, 0x80, 0x61, 0x40, 0x71, 0xcd, 0x58, 0xff, 0x17, 0xff, 0x18, 0xff, 0x18, 0xff,
  0x18, 0xff, 0x99, 0xff, 0x11, 0xbd, 0x26, 0x6a, 0x24, 0x51, 0xc2, 0x40, 0x88, 0x7a, 0x4b, 0x8b, 0x51, 0xcd, 0x29, 0x8b, 0x51, 0xc5, 0xc8, 0x7a, 0xcc, 0x9b, 0xc8, 0x82, 0xe5, 0x61, 0x88, 0x7a,
  0xe9, 0x8a, 0xcf, 0xbc, 0x68, 0x72, 0xe6, 0x61, 0x0f, 0xc5, 0x53, 0xee, 0x06, 0x6a, 0x00, 0x20, 0xc7, 0x49, 0x63, 0x08, 0x63, 0x08, 0x63, 0x08, 0x63, 0x08, 0x63, 0x08, 0x27, 0x19, 0x63, 0x08,
  0x63, 0x08, 0x63, 0x08, 0x63, 0x08, 0x63, 0x08, 0x63, 0x08, 0x63, 0x08, 0x63, 0x08, 0x63, 0x08, 0x63, 0x08, 0x63, 0x08, 0x63, 0x08, 0x63, 0x08, 0x63, 0x08, 0x63, 0x08, 0x47, 0x19, 0x63, 0x08,
  0x84, 0x10, 0x63, 0x08, 0x63, 0x08, 0x63, 0x08, 0x63, 0x08, 0x63, 0x08, 0x47, 0x19, 0x63, 0x08, 0x63, 0x08, 0x63, 0x08, 0x63, 0x08, 0x63, 0x08, 0x63, 0x08, 0x63, 0x08, 0x63, 0x08, 0x63, 0x08,
  0x63, 0x08, 0x63, 0x08, 0x63, 0x08, 0x63, 0x08, 0x63, 0x08, 0x63, 0x08, 0x63, 0x08, 0x63, 0x08, 0x63, 0x08, 0x63, 0x08, 0x63, 0x08, 0x63, 0x08, 0x63, 0x08, 0x63, 0x08, 0x63, 0x08, 0x63, 0x08,
  0x84, 0x10, 0x63, 0x08, 0x63, 0x08, 0x63, 0x08, 0x63, 0x08, 0x63, 0x08, 0x63, 0x08, 0x63, 0x08, 0x63, 0x08, 0x63, 0x08, 0x63, 0x08, 0x63, 0x08, 0x63, 0x08, 0x63, 0x08, 0x63, 0x08, 0x63, 0x08,
  0x63, 0x08, 0x63, 0x08, 0x63, 0x08, 0x63, 0x08, 0x63, 0x08, 0x63, 0x08, 0x63, 0x08, 0x63, 0x08, 0x63, 0x08, 0x63, 0x08, 0x63, 0x08, 0x63, 0x08, 0x63, 0x08, 0x63, 0x08, 0x63, 0x08, 0x63, 0x08,
  0x84, 0x10, 0x47, 0x19, 0x63, 0x08, 0x63, 0x08, 0x63, 0x08, 0x63, 0x08, 0x63, 0x08, 0x63, 0x08, 0x63, 0x08, 0x63, 0x08, 0x63, 0x08, 0x63, 0x08, 0x63, 0x08, 0x63, 0x08, 0x63, 0x08, 0x27, 0x19,
  0x63, 0x08, 0x63, 0x08, 0x63, 0x08, 0x63, 0x08, 0x63, 0x08, 0x63, 0x08, 0x63, 0x08, 0x63, 0x08, 0x63, 0x08, 0x63, 0x08, 0x63, 0x08, 0x63, 0x08, 0x63, 0x08, 0x27, 0x19, 0x63, 0x08, 0x63, 0x08,
  0x84, 0x10, 0x63, 0x08, 0x63, 0x08, 0x63, 0x08, 0x63, 0x08, 0x63, 0x08, 0x63, 0x08, 0x63, 0x08, 0x63, 0x08, 0x63, 0x08, 0x63, 0x08, 0x63, 0x08, 0x63, 0x08, 0x63, 0x08, 0x63, 0x08, 0x63, 0x08,
  0x63, 0x08, 0x63, 0x08, 0x63, 0x08, 0x63, 0x08, 0x27, 0x19, 0x63, 0x08, 0x63, 0x08, 0x63, 0x08, 0x63, 0x08, 0x63, 0x08, 0x63, 0x08, 0x63, 0x08, 0x63, 0x08, 0x63, 0x08, 0x63, 0x08, 0x63, 0x08,
  0x84, 0x10, 0x63, 0x08, 0x63, 0x08, 0x26, 0x19, 0x63, 0x08, 0x63, 0x08, 0x63, 0x08, 0x63, 0x08, 0x63, 0x08, 0x63, 0x08, 0x06, 0x19, 0x26, 0x19, 0x63, 0x08, 0x63, 0x08, 0x63, 0x08, 0x63, 0x08,
  0x63, 0x08, 0x63, 0x08, 0x63, 0x08, 0x63, 0x08, 0x63, 0x08, 0x63, 0x08, 0x63, 0x08, 0x63, 0x08, 0x63, 0x08, 0x63, 0x08, 0x63, 0x08, 0x63, 0x08, 0x63, 0x08, 0x63, 0x08, 0x63, 0x08, 0x63, 0x08,
  0x84, 0x10, 0x63, 0x08, 0x63, 0x08, 0x63, 0x08, 0x63, 0x08, 0x63, 0x08, 0x06, 0x19, 0x63, 0x08, 0x63, 0x08, 0x63, 0x08, 0x63, 0x08, 0x63, 0x08, 0x63, 0x08, 0x63, 0x08, 0x63, 0x08, 0x63, 0x08,
  0x63, 0x08, 0x63, 0x08, 0x63, 0x08, 0x63, 0x08, 0x63, 0x08, 0x63, 0x08, 0x63, 0x08, 0x63, 0x08, 0x06, 0x19, 0x63, 0x08, 0x63, 0x08, 0x63, 0x08, 0x63, 0x08, 0x63, 0x08, 0x63, 0x08, 0x63, 0x08,
  0x26, 0x19, 0x63, 0x08, 0x63, 0x08, 0x63, 0x08, 0x63, 0x08, 0x63, 0x08, 0x63, 0x08, 0x63, 0x08, 0x41, 0x28, 0x00, 0x28, 0x06, 0x6a, 0x33, 0xe6, 0x54, 0xee, 0xb6, 0xf6, 0x17, 0xff, 0xcc, 0x9b,
  0xec, 0xa3, 0x58, 0xff, 0xd6, 0xf6, 0x09, 0x83, 0x51, 0xc5, 0xed, 0x9b, 0xc9, 0x82, 0x6e, 0xb4, 0x93, 0xd5, 0x30, 0xcd, 0x8e, 0xbc, 0x47, 0x7a, 0x04, 0x51, 0x85, 0x59, 0x88, 0x7a, 0x11, 0xbd,
  0x99, 0xff, 0xf7, 0xfe, 0x18, 0xff, 0xf7, 0xfe, 0xba, 0xff, 0xed, 0x9b, 0x00, 0x18, 0x81, 0x68, 0x02, 0xb1, 0xc7, 0xd2, 0xb9, 0xf6, 0xff, 0xff, 0xff, 0xff, 0x51, 0x9c, 0xa3, 0x38, 0xe3, 0x48,
  0xc2, 0x40, 0x41, 0x28, 0x10, 0x94, 0xff, 0xff, 0xde, 0xff, 0xff, 0xff, 0x75, 0xbd, 0xeb, 0x7a, 0x8a, 0x72, 0xe7, 0x61, 0x14, 0xb5, 0xff, 0xff, 0xdf, 0xff, 0xff, 0xff, 0xef, 0x93, 0x61, 0x30,
  0xe3, 0x48, 0x04, 0x49, 0xc3, 0x38, 0xd3, 0xac, 0xff, 0xff, 0xff, 0xff, 0x99, 0xf6, 0x26, 0xc2, 0x02, 0xb1, 0xc2, 0x78, 0x00, 0x18, 0xed, 0x9b, 0x99, 0xff, 0xf7, 0xf6, 0x18, 0xff, 0x18, 0xff,
  0xf7, 0xfe, 0xba, 0xff, 0x8c, 0x93, 0x68, 0x72, 0xc3, 0x48, 0xc6, 0x61, 0x8b, 0x93, 0xf1, 0xbc, 0x0d, 0xa4, 0x0d, 0xa4, 0xd0, 0xc4, 0xa8, 0x82, 0x8e, 0xb4, 0x47, 0x72, 0x06, 0x72, 0x06, 0x6a,
  0xe6, 0x61, 0xe9, 0x82, 0x88, 0x72, 0xb2, 0xdd, 0x12, 0xe6, 0x53, 0xee, 0x06, 0x6a, 0x00, 0x20, 0xc7, 0x49, 0x63, 0x08, 0x63, 0x08, 0x63, 0x08, 0x63, 0x08, 0x63, 0x08, 0x27, 0x19, 0x63, 0x08,
  0x63, 0x08, 0x63, 0x08, 0x63, 0x08, 0x63, 0x08, 0x63, 0x08, 0x63, 0x08, 0x63, 0x08, 0x63, 0x08, 0x63, 0x08, 0x63, 0x08, 0x63, 0x08, 0x63, 0x08, 0x63, 0x08, 0x63, 0x08, 0x47, 0x19, 0x63, 0x08,
  0x84, 0x10, 0x63, 0x08, 0x63, 0x08, 0x63, 0x08, 0x63, 0x08, 0x63, 0x08, 0x63, 0x08, 0x47, 0x19, 0x63, 0x08, 0x63, 0x08, 0x63, 0x08, 0x63, 0x08, 0x63, 0x08, 0x63, 0x08, 0x63, 0x08, 0x63, 0x08,
  0x63, 0x08, 0x63, 0x08, 0x63, 0x08, 0x63, 0x08, 0x63, 0x08, 0x63, 0x08, 0x63, 0x08, 0x63, 0x08, 0x63, 0x08, 0x63, 0x08, 0x63, 0x08, 0x63, 0x08, 0x63, 0x08, 0x63, 0x08, 0x63, 0x08, 0x63, 0x08,
  0x84, 0x10, 0x63, 0x08, 0x63, 0x08, 0x63, 0x08, 0x63, 0x08, 0x63, 0x08, 0x63, 0x08, 0x63, 0x08, 0x63, 0x08, 0x63, 0x08, 0x63, 0x08, 0x63, 0x08, 0x63, 0x08, 0x63, 0x08, 0x63, 0x08, 0x63, 0x08,
  0x63, 0x08, 0x63, 0x08, 0x63, 0x08, 0x63, 0x08, 0x63, 0x08, 0x63, 0x08, 0x63, 0x08, 0x63, 0x08, 0x63, 0x08, 0x63, 0x08, 0x63, 0x08, 0x63, 0x08, 0x63, 0x08, 0x63, 0x08, 0x63, 0x08, 0x63, 0x08,
  0x68, 0x19, 0x63, 0x08, 0x63, 0x08, 0x63, 0x08, 0x63, 0x08, 0x63, 0x08, 0x63, 0x08, 0x63, 0x08, 0x63, 0x08, 0x63, 0x08, 0x63, 0x08, 0x63, 0x08, 0x63, 0x08, 0x63, 0x08, 0x27, 0x19, 0x63, 0x08,
  0x63, 0x08, 0x63, 0x08, 0x63, 0x08, 0x63, 0x08, 0x63, 0x08, 0x63, 0x08, 0x63, 0x08, 0x63, 0x08, 0x63, 0x08, 0x63, 0x08, 0x63, 0x08, 0x63, 0x08, 0x27, 0x19, 0x63, 0x08, 0x63, 0x08, 0x63, 0x08,
  0x84, 0x10, 0x63, 0x08, 0x63, 0x08, 0x63, 0x08, 0x63, 0x08, 0x63, 0x08, 0x63, 0x08, 0x63, 0x08, 0x63, 0x08, 0x63, 0x08, 0x63, 0x08, 0x63, 0x08, 0x63, 0x08, 0x63, 0x08, 0x63, 0x08, 0x63, 0x08,
  0x63, 0x08, 0x63, 0x08, 0x63, 0x08, 0x63, 0x08, 0x27, 0x19, 0x63, 0x08, 0x63, 0x08, 0x63, 0x08, 0x63, 0x08, 0x63, 0x08, 0x63, 0x08, 0x63, 0x08, 0x63, 0x08, 0x63, 0x08, 0x63, 0x08, 0x63, 0x08,
  0x84, 0x10, 0x63, 0x08, 0x63, 0x08, 0x26, 0x19, 0x63, 0x08, 0x63, 0x08, 0x63, 0x08, 0x63, 0x08, 0x63, 0x08, 0x06, 0x19, 0x63, 0x08, 0x26, 0x19, 0x63, 0x08, 0x63, 0x08, 0x63, 0x08, 0x63, 0x08,
  0x63, 0x08, 0x63, 0x08, 0x63, 0x08, 0x63, 0x08, 0x63, 0x08, 0x63, 0x08, 0x63, 0x08, 0x63, 0x08, 0x63, 0x08, 0x63, 0x08, 0x63, 0x08, 0x63, 0x08, 0x63, 0x08, 0x63, 0x08, 0x63, 0x08, 0x63, 0x08,
  0x84, 0x10, 0x63, 0x08, 0x63, 0x08, 0x63, 0x08, 0x63, 0x08, 0x63, 0x08, 0x06, 0x19, 0x63, 0x08, 0x63, 0x08, 0x63, 0x08, 0x63, 0x08, 0x63, 0x08, 0x63, 0x08, 0x63, 0x08, 0x63, 0x08, 0x63, 0x08,
  0x63, 0x08, 0x63, 0x08, 0x63, 0x08, 0x63, 0x08, 0x63, 0x08, 0x63, 0x08, 0x63, 0x08, 0x63, 0x08, 0x06, 0x19, 0x63, 0x08, 0x63, 0x08, 0x63, 0x08, 0x63, 0x08, 0x63, 0x08, 0x63, 0x08, 0x63, 0x08,
  0x26, 0x19, 0x63, 0x08, 0x63, 0x08, 0x63, 0x08, 0x63, 0x08, 0x63, 0x08, 0x63, 0x08, 0x63, 0x08, 0x41, 0x28, 0x00, 0x30, 0x00, 0x30, 0xc8, 0x82, 0xd2, 0xdd, 0xd6, 0xf6, 0x37, 0xff, 0xcc, 0x9b,
  0xed, 0xa3, 0x58, 0xff, 0xf7, 0xfe, 0xe9, 0x82, 0x51, 0xc5, 0x72, 0xcd, 0x24, 0x51, 0x84, 0x59, 0x06, 0x6a, 0x27, 0x72, 0x26, 0x72, 0xe3, 0x48, 0x41, 0x38, 0xa5, 0x61, 0x06, 0x62, 0x96, 0xe6,
  0x38, 0xff, 0x18, 0xff, 0x18, 0xff, 0x18, 0xff, 0x38, 0xff, 0x11, 0xbd, 0x85, 0x51, 0x20, 0x58, 0xc1, 0x98, 0x46, 0xca, 0x3b, 0xf7, 0x7d, 0xf7, 0x3c, 0xef, 0xef, 0x9b, 0x45, 0x49, 0x86, 0x51,
  0x65, 0x51, 0xcb, 0x7a, 0x1c, 0xef, 0x1c, 0xef, 0xff, 0xff, 0x7d, 0xf7, 0x82, 0x38, 0x28, 0x6a, 0x28, 0x62, 0xc3, 0x40, 0x00, 0x30, 0x7d, 0xef, 0xff, 0xff, 0xfb, 0xe6, 0x3c, 0xef, 0xeb, 0x72,
  0x86, 0x49, 0xc7, 0x59, 0x65, 0x49, 0xef, 0x9b, 0x5d, 0xf7, 0xbe, 0xf7, 0xb9, 0xf6, 0xe5, 0xc1, 0xc2, 0x90, 0x61, 0x68, 0x24, 0x51, 0xf0, 0xbc, 0x58, 0xff, 0x17, 0xff, 0x18, 0xff, 0x18, 0xff,
  0x38, 0xff, 0x17, 0xf7, 0xe6, 0x61, 0x4b, 0x8b, 0x03, 0x51, 0x09, 0x8b, 0xcc, 0x9b, 0x51, 0xcd, 0xa8, 0x72, 0xf4, 0xd5, 0xc8, 0x7a, 0x4e, 0xac, 0x09, 0x8b, 0x67, 0x72, 0xc6, 0x69, 0x85, 0x59,
  0xc9, 0x7a, 0xc9, 0x7a, 0xb2, 0xd5, 0x54, 0xee, 0xb1, 0xdd, 0x54, 0xee, 0xe6, 0x61, 0x00, 0x20, 0xa7, 0x49, 0x63, 0x08, 0x63, 0x08, 0x63, 0x08, 0x63, 0x08, 0x63, 0x08, 0x27, 0x19, 0x63, 0x08,
  0x63, 0x08, 0x63, 0x08, 0x63, 0x08, 0x63, 0x08, 0x63, 0x08, 0x63, 0x08, 0x63, 0x08, 0x63, 0x08, 0x63, 0x08, 0x63, 0x08, 0x63, 0x08, 0x63, 0x08, 0x63, 0x08, 0x63, 0x08, 0x47, 0x19, 0x63, 0x08,
  0x84, 0x10, 0x63, 0x08, 0x63, 0x08, 0x63, 0x08, 0x63, 0x08, 0x63, 0x08, 0x63, 0x08, 0x63, 0x08, 0x47, 0x19, 0x63, 0x08, 0x63, 0x08, 0x63, 0x08, 0x63, 0x08, 0x63, 0x08, 0x63, 0x08, 0x63, 0x08,
  0x63, 0x08, 0x63, 0x08, 0x63, 0x08, 0x63, 0x08, 0x63, 0x08, 0x63, 0x08, 0x63, 0x08, 0x63, 0x08, 0x63, 0x08, 0x63, 0x08, 0x63, 0x08, 0x63, 0x08, 0x63, 0x08, 0x63, 0x08, 0x63, 0x08, 0x63, 0x08,
  0x84, 0x10, 0x63, 0x08, 0x63, 0x08, 0x63, 0x08, 0x63, 0x08, 0x63, 0x08, 0x63, 0x08, 0x63, 0x08, 0x63, 0x08, 0x63, 0x08, 0x63, 0x08, 0x63, 0x08, 0x63, 0x08, 0x63, 0x08, 0x63, 0x08, 0x63, 0x08,
  0x63, 0x08, 0x63, 0x08, 0x63, 0x08, 0x63, 0x08, 0x63, 0x08, 0x63, 0x08, 0x63, 0x08, 0x63, 0x08, 0x63, 0x08, 0x63, 0x08, 0x63, 0x08, 0x63, 0x08, 0x63, 0x08, 0x63, 0x08, 0x63, 0x08, 0x47, 0x19,
  0x84, 0x10, 0x63, 0x08, 0x63, 0x08, 0x63, 0x08, 0x63, 0x08, 0x63, 0x08, 0x63, 0x08, 0x63, 0x08, 0x63, 0x08, 0x63, 0x08, 0x63, 0x08, 0x63, 0x08, 0x63, 0x08, 0x27, 0x19, 0x63, 0x08, 0x63, 0x08,
  0x63, 0x08, 0x63, 0x08, 0x63, 0x08, 0x63, 0x08, 0x63, 0x08, 0x63, 0x08, 0x63, 0x08, 0x63, 0x08, 0x63, 0x08, 0x63, 0x08, 0x63, 0x08, 0x27, 0x19, 0x63, 0x08, 0x63, 0x08, 0x63, 0x08, 0x63, 0x08,
  0x84, 0x10, 0x63, 0x08, 0x63, 0x08, 0x63, 0x08, 0x63, 0x08, 0x63, 0x08, 0x63, 0x08, 0x63, 0x08, 0x63, 0x08, 0x63, 0x08, 0x63, 0x08, 0x63, 0x08, 0x63, 0x08, 0x63, 0x08, 0x63, 0x08, 0x63, 0x08,
  0x63, 0x08, 0x63, 0x08, 0x63, 0x08, 0x63, 0x08, 0x27, 0x19, 0x63, 0x08, 0x63, 0x08, 0x63, 0x08, 0x63, 0x08, 0x63, 0x08, 0x63, 0x08, 0x63, 0x08, 0x63, 0x08, 0x63, 0x08, 0x63, 0x08, 0x63, 0x08,
  0x84, 0x10, 0x63, 0x08, 0x63, 0x08, 0x26, 0x19, 0x63, 0x08, 0x63, 0x08, 0x63, 0x08, 0x63, 0x08, 0x06, 0x19, 0x63, 0x08, 0x63, 0x08, 0x26, 0x19, 0x63, 0x08, 0x63, 0x08, 0x63, 0x08, 0x63, 0x08,
  0x63, 0x08, 0x63, 0x08, 0x63, 0x08, 0x63, 0x08, 0x63, 0x08, 0x63, 0x08, 0x63, 0x08, 0x63, 0x08, 0x63, 0x08, 0x63, 0x08, 0x63, 0x08, 0x63, 0x08, 0x63, 0x08, 0x63, 0x08, 0x63, 0x08, 0x63, 0x08,
  0x84, 0x10, 0x63, 0x08, 0x63, 0x08, 0x63, 0x08, 0x63, 0x08, 0x63, 0x08, 0x06, 0x19, 0x63, 0x08, 0x63, 0x08, 0x63, 0x08, 0x63, 0x08, 0x63, 0x08, 0x63, 0x08, 0x63, 0x08, 0x63, 0x08, 0x63, 0x08,
  0x63, 0x08, 0x63, 0x08, 0x63, 0x08, 0x63, 0x08, 0x63, 0x08, 0x63, 0x08, 0x63, 0x08, 0x63, 0x08, 0x06, 0x19, 0x63, 0x08, 0x63, 0x08, 0x63, 0x08, 0x63, 0x08, 0x63, 0x08, 0x63, 0x08, 0x63, 0x08,
  0x26, 0x19, 0x63, 0x08, 0x63, 0x08, 0x63, 0x08, 0x63, 0x08, 0x63, 0x08, 0x63, 0x08, 0x63, 0x08, 0x41, 0x28, 0x00, 0x20, 0x47, 0x6a, 0x33, 0xee, 0x50, 0xd5, 0xb6, 0xf6, 0x58, 0xff, 0xcc, 0x9b,
  0xed, 0xa3, 0x58, 0xff, 0xf7, 0xf6, 0xa8, 0x7a, 0xf0, 0xbc, 0xfb, 0xff, 0xac, 0x9b, 0xe3, 0x48, 0x26, 0x72, 0x06, 0x72, 0x44, 0x51, 0xa2, 0x40, 0xe3, 0x48, 0x85, 0x61, 0xb3, 0xd5, 0x79, 0xff,
  0x18, 0xff, 0x38, 0xff, 0x18, 0xff, 0x18, 0xff, 0xf7, 0xfe, 0xda, 0xff, 0x07, 0x6a, 0x00, 0x18, 0x81, 0x80, 0xa4, 0xb9, 0x16, 0xe6, 0x3c, 0xef, 0x3c, 0xef, 0x0c, 0x83, 0xc3, 0x38, 0x24, 0x51,
  0x85, 0x49, 0xb2, 0xac, 0x9a, 0xde, 0x9a, 0xde, 0x9e, 0xf7, 0xdf, 0xff, 0x08, 0x62, 0x00, 0x10, 0x00, 0x28, 0x00, 0x18, 0x28, 0x62, 0xdf, 0xff, 0x7d, 0xf7, 0xba, 0xde, 0xdb, 0xe6, 0x30, 0x9c,
  0x65, 0x49, 0x45, 0x51, 0xc3, 0x38, 0x4c, 0x93, 0x5c, 0xef, 0xfa, 0xee, 0xd5, 0xe5, 0xc5, 0xc9, 0x81, 0x80, 0x00, 0x18, 0xa5, 0x61, 0x99, 0xff, 0xf7, 0xfe, 0x18, 0xff, 0x18, 0xff, 0xf7, 0xfe,
  0x99, 0xff, 0x8f, 0xb4, 0x47, 0x72, 0xac, 0x9b, 0xe6, 0x69, 0xe9, 0x8a, 0x31, 0xc5, 0xe9, 0x82, 0x11, 0xbd, 0x4d, 0xac, 0xc9, 0x72, 0x8e, 0xb4, 0x46, 0x6a, 0x27, 0x6a, 0xa5, 0x61, 0x27, 0x6a,
  0x27, 0x6a, 0xaf, 0xb4, 0xb6, 0xf6, 0x13, 0xe6, 0xd2, 0xdd, 0x74, 0xee, 0xc5, 0x61, 0x00, 0x20, 0xa7, 0x49, 0x63, 0x08, 0x63, 0x08, 0x63, 0x08, 0x63, 0x08, 0x63, 0x08, 0x27, 0x19, 0x63, 0x08,
  0x63, 0x08, 0x63, 0x08, 0x63, 0x08, 0x63, 0x08, 0x63, 0x08, 0x63, 0x08, 0x63, 0x08, 0x63, 0x08, 0x63, 0x08, 0x63, 0x08, 0x63, 0x08, 0x63, 0x08, 0x63, 0x08, 0x63, 0x08, 0x47, 0x19, 0x63, 0x08,
  0x84, 0x10, 0x63, 0x08, 0x63, 0x08, 0x63, 0x08, 0x63, 0x08, 0x63, 0x08, 0x63, 0x08, 0x63, 0x08, 0x63, 0x08, 0x47, 0x19, 0x63, 0x08, 0x63, 0x08, 0x63, 0x08, 0x63, 0x08, 0x63, 0x08, 0x63, 0x08,
  0x63, 0x08, 0x63, 0x08, 0x63, 0x08, 0x63, 0x08, 0x63, 0x08, 0x63, 0x08, 0x63, 0x08, 0x63, 0x08, 0x63, 0x08, 0x63, 0x08, 0x63, 0x08, 0x63, 0x08, 0x63, 0x08, 0x63, 0x08, 0x63, 0x08, 0x63, 0x08,
  0x84, 0x10, 0x63, 0x08, 0x63, 0x08, 0x63, 0x08, 0x63, 0x08, 0x63, 0x08, 0x63, 0x08, 0x63, 0x08, 0x63, 0x08, 0x63, 0x08, 0x63, 0x08, 0x63, 0x08, 0x63, 0x08, 0x63, 0x08, 0x63, 0x08, 0x63, 0x08,
  0x63, 0x08, 0x63, 0x08, 0x63, 0x08, 0x63, 0x08, 0x63, 0x08, 0x63, 0x08, 0x63, 0x08, 0x63, 0x08, 0x63, 0x08, 0x63, 0x08, 0x63, 0x08, 0x63, 0x08, 0x63, 0x08, 0x63, 0x08, 0x47, 0x19, 0x47, 0x19,
  0x68, 0x19, 0x47, 0x19, 0x47, 0x19, 0x63, 0x08, 0x63, 0x08, 0x63, 0x08, 0x63, 0x08, 0x63, 0x08, 0x63, 0x08, 0x63, 0x08, 0x63, 0x08, 0x63, 0x08, 0x27, 0x19, 0x63, 0x08, 0x63, 0x08, 0x63, 0x08,
  0x63, 0x08, 0x63, 0x08, 0x63, 0x08, 0x63, 0x08, 0x63, 0x08, 0x63, 0x08, 0x63, 0x08, 0x63, 0x08, 0x63, 0x08, 0x63, 0x08, 0x63, 0x08, 0x27, 0x19, 0x63, 0x08, 0x63, 0x08, 0x63, 0x08, 0x63, 0x08,
  0x84, 0x10, 0x63, 0x08, 0x63, 0x08, 0x63, 0x08, 0x63, 0x08, 0x63, 0x08, 0x63, 0x08, 0x63, 0x08, 0x63, 0x08, 0x63, 0x08, 0x63, 0x08, 0x63, 0x08, 0x63, 0x08, 0x63, 0x08, 0x63, 0x08, 0x63, 0x08,
  0x63, 0x08, 0x63, 0x08, 0x63, 0x08, 0x63, 0x08, 0x27, 0x19, 0x63, 0x08, 0x63, 0x08, 0x63, 0x08, 0x63, 0x08, 0x63, 0x08, 0x63, 0x08, 0x63, 0x08, 0x63, 0x08, 0x63, 0x08, 0x63, 0x08, 0x63, 0x08,
  0x84, 0x10, 0x63, 0x08, 0x63, 0x08, 0x26, 0x19, 0x63, 0x08, 0x63, 0x08, 0x63, 0x08, 0x63, 0x08, 0x06, 0x19, 0x63, 0x08, 0x63, 0x08, 0x26, 0x19, 0x63, 0x08, 0x63, 0x08, 0x63, 0x08, 0x63, 0x08,
  0x63, 0x08, 0x63, 0x08, 0x63, 0x08, 0x63, 0x08, 0x63, 0x08, 0x63, 0x08, 0x63, 0x08, 0x63, 0x08, 0x63, 0x08, 0x63, 0x08, 0x63, 0x08, 0x63, 0x08, 0x63, 0x08, 0x63, 0x08, 0x63, 0x08, 0x63, 0x08,
  0x84, 0x10, 0x63, 0x08, 0x63, 0x08, 0x63, 0x08, 0x63, 0x08, 0x63, 0x08, 0x06, 0x19, 0x63, 0x08, 0x63, 0x08, 0x63, 0x08, 0x63, 0x08, 0x63, 0x08, 0x63, 0x08, 0x63, 0x08, 0x63, 0x08, 0x63, 0x08,
  0x63, 0x08, 0x63, 0x08, 0x63, 0x08, 0x63, 0x08, 0x63, 0x08, 0x63, 0x08, 0x63, 0x08, 0x63, 0x08, 0x06, 0x19, 0x63, 0x08, 0x63, 0x08, 0x63, 0x08, 0x63, 0x08, 0x63, 0x08, 0x63, 0x08, 0x63, 0x08,
  0x26, 0x19, 0x63, 0x08, 0x63, 0x08, 0x63, 0x08, 0x63, 0x08, 0x63, 0x08, 0x63, 0x08, 0x63, 0x08, 0x41, 0x28, 0x00, 0x20, 0x8b, 0x93, 0xd6, 0xfe, 0x33, 0xee, 0xb6, 0xf6, 0x38, 0xff, 0xcc, 0x9b,
  0x0d, 0xa4, 0x58, 0xff, 0x17, 0xff, 0xe9, 0x7a, 0x8b, 0x93, 0xf3, 0xcd, 0xac, 0x9b, 0x6a, 0x9b, 0x30, 0xcd, 0x30, 0xcd, 0x4a, 0x9b, 0xa5, 0x61, 0xe6, 0x69, 0x07, 0x72, 0x35, 0xde, 0x38, 0xff,
  0x18, 0xff, 0x18, 0xff, 0x18, 0xff, 0x18, 0xff, 0x18, 0xff, 0x99, 0xff, 0xc9, 0x7a, 0x03, 0x41, 0x61, 0x60, 0x81, 0x98, 0x8b, 0xd3, 0xff, 0xff, 0xff, 0xff, 0x0b, 0x83, 0x24, 0x41, 0x45, 0x51,
  0x04, 0x39, 0xcf, 0x93, 0x79, 0xde, 0x5d, 0xef, 0xbe, 0xf7, 0xff, 0xff, 0x5d, 0xef, 0x0c, 0x7b, 0xc3, 0x38, 0x2c, 0x7b, 0x5d, 0xef, 0xff, 0xff, 0x7d, 0xf7, 0xfb, 0xe6, 0x99, 0xde, 0x71, 0xa4,
  0x24, 0x41, 0x45, 0x51, 0x44, 0x49, 0xea, 0x82, 0xfd, 0xff, 0x9c, 0xff, 0xe9, 0xd2, 0xa1, 0x98, 0x41, 0x60, 0xe3, 0x40, 0x68, 0x72, 0x79, 0xff, 0xf7, 0xfe, 0x18, 0xff, 0x18, 0xff, 0x38, 0xff,
  0xf7, 0xf6, 0x68, 0x72, 0x4e, 0xac, 0x8c, 0x9b, 0x03, 0x51, 0x8f, 0xac, 0x4e, 0xac, 0x8b, 0x93, 0xf4, 0xdd, 0x67, 0x72, 0x4e, 0xac, 0x09, 0x83, 0x87, 0x7a, 0x64, 0x59, 0xa5, 0x61, 0xa5, 0x59,
  0x2a, 0x8b, 0xb6, 0xf6, 0x34, 0xe6, 0x33, 0xe6, 0xd2, 0xdd, 0x74, 0xee, 0xc5, 0x61, 0x00, 0x20, 0xa7, 0x49, 0x63, 0x08, 0x63, 0x08, 0x63, 0x08, 0x63, 0x08, 0x63, 0x08, 0x27, 0x19, 0x63, 0x08,
  0x63, 0x08, 0x63, 0x08, 0x63, 0x08, 0x63, 0x08, 0x63, 0x08, 0x63, 0x08, 0x63, 0x08, 0x63, 0x08, 0x63, 0x08, 0x63, 0x08, 0x63, 0x08, 0x63, 0x08, 0x63, 0x08, 0x63, 0x08, 0x47, 0x19, 0x63, 0x08,
  0x84, 0x10, 0x63, 0x08, 0x63, 0x08, 0x63, 0x08, 0x63, 0x08, 0x63, 0x08, 0x63, 0x08, 0x63, 0x08, 0x63, 0x08, 0x63, 0x08, 0x47, 0x19, 0x63, 0x08, 0x63, 0x08, 0x63, 0x08, 0x63, 0x08, 0x63, 0x08,
  0x63, 0x08, 0x63, 0x08, 0x63, 0x08, 0x63, 0x08, 0x63, 0x08, 0x63, 0x08, 0x63, 0x08, 0x63, 0x08, 0x63, 0x08, 0x63, 0x08, 0x63, 0x08, 0x63, 0x08, 0x63, 0x08, 0x63, 0x08, 0x63, 0x08, 0x63, 0x08,
  0x84, 0x10, 0x63, 0x08, 0x63, 0x08, 0x63, 0x08, 0x63, 0x08, 0x63, 0x08, 0x63, 0x08, 0x63, 0x08, 0x63, 0x08, 0x63, 0x08, 0x63, 0x08, 0x63, 0x08, 0x63, 0x08, 0x63, 0x08, 0x63, 0x08, 0x63, 0x08,
  0x63, 0x08, 0x63, 0x08, 0x63, 0x08, 0x63, 0x08, 0x63, 0x08, 0x63, 0x08, 0x63, 0x08, 0x63, 0x08, 0x63, 0x08, 0x63, 0x08, 0x63, 0x08, 0x63, 0x08, 0x63, 0x08, 0x47, 0x19, 0x47, 0x19, 0x47, 0x19,
  0x68, 0x19, 0x47, 0x19, 0x47, 0x19, 0x63, 0x08, 0x63, 0x08, 0x63, 0x08, 0x63, 0x08, 0x63, 0x08, 0x63, 0x08, 0x63, 0x08, 0x63, 0x08, 0x63, 0x08, 0x27, 0x19, 0x63, 0x08, 0x63, 0x08, 0x63, 0x08,
  0x63, 0x08, 0x63, 0x08, 0x63, 0x08, 0x63, 0x08, 0x63, 0x08, 0x63, 0x08, 0x63, 0x08, 0x63, 0x08, 0x63, 0x08, 0x63, 0x08, 0x63, 0x08, 0x27, 0x19, 0x63, 0x08, 0x63, 0x08, 0x63, 0x08, 0x63, 0x08,
  0x84, 0x10, 0x63, 0x08, 0x63, 0x08, 0x63, 0x08, 0x63, 0x08, 0x63, 0x08, 0x63, 0x08, 0x63, 0x08, 0x63, 0x08, 0x63, 0x08, 0x63, 0x08, 0x63, 0x08, 0x63, 0x08, 0x63, 0x08, 0x63, 0x08, 0x63, 0x08,
  0x63, 0x08, 0x63, 0x08, 0x63, 0x08, 0x63, 0x08, 0x27, 0x19, 0x63, 0x08, 0x63, 0x08, 0x63, 0x08, 0x63, 0x08, 0x63, 0x08, 0x63, 0x08, 0x63, 0x08, 0x63, 0x08, 0x63, 0x08, 0x63, 0x08, 0x63, 0x08,
  0x84, 0x10, 0x63, 0x08, 0x63, 0x08, 0x26, 0x19, 0x63, 0x08, 0x63, 0x08, 0x63, 0x08, 0x63, 0x08, 0x06, 0x19, 0x63, 0x08, 0x63, 0x08, 0x26, 0x19, 0x63, 0x08, 0x63, 0x08, 0x63, 0x08, 0x63, 0x08,
  0x63, 0x08, 0x63, 0x08, 0x63, 0x08, 0x63, 0x08, 0x63, 0x08, 0x63, 0x08, 0x63, 0x08, 0x63, 0x08, 0x63, 0x08, 0x63, 0x08, 0x63, 0x08, 0x63, 0x08, 0x63, 0x08, 0x63, 0x08, 0x63, 0x08, 0x63, 0x08,
  0x84, 0x10, 0x63, 0x08, 0x63, 0x08, 0x63, 0x08, 0x63, 0x08, 0x63, 0x08, 0x06, 0x19, 0x63, 0x08, 0x63, 0x08, 0x63, 0x08, 0x63, 0x08, 0x63, 0x08, 0x63, 0x08, 0x63, 0x08, 0x63, 0x08, 0x63, 0x08,
  0x63, 0x08, 0x63, 0x08, 0x63, 0x08, 0x63, 0x08, 0x63, 0x08, 0x63, 0x08, 0x63, 0x08, 0x63, 0x08, 0x06, 0x19, 0x63, 0x08, 0x63, 0x08, 0x63, 0x08, 0x63, 0x08, 0x63, 0x08, 0x63, 0x08, 0x63, 0x08,
  0x26, 0x19, 0x63, 0x08, 0x63, 0x08, 0x63, 0x08, 0x63, 0x08, 0x63, 0x08, 0x63, 0x08, 0x63, 0x08, 0x41, 0x28, 0x00, 0x20, 0xaf, 0xb4, 0x94, 0xf6, 0x74, 0xee, 0xd7, 0xf6, 0x38, 0xff, 0xec, 0x9b,
  0x0d, 0xa4, 0x58, 0xff, 0x38, 0xff, 0x92, 0xcd, 0xa8, 0x7a, 0xe9, 0x82, 0x03, 0x51, 0xe6, 0x69, 0x47, 0x72, 0x47, 0x72, 0x06, 0x6a, 0x85, 0x59, 0xe6, 0x61, 0x44, 0x51, 0x52, 0xc5, 0xdb, 0xff,
  0xf7, 0xf6, 0x18, 0xff, 0x18, 0xff, 0x18, 0xff, 0x18, 0xff, 0x38, 0xff, 0x55, 0xe6, 0x31, 0xbd, 0x00, 0x38, 0x41, 0x48, 0xc2, 0xa0, 0xd1, 0xdc, 0xfe, 0xff, 0xd2, 0xbc, 0x20, 0x28, 0xc3, 0x40,
  0x45, 0x49, 0xeb, 0x82, 0xf2, 0xb4, 0x34, 0xbd, 0xde, 0xff, 0xff, 0xff, 0xff, 0xff, 0xba, 0xde, 0x24, 0x41, 0x7d, 0xf7, 0xff, 0xff, 0xff, 0xff, 0x9d, 0xf7, 0x91, 0xac, 0xce, 0x9b, 0xeb, 0x7a,
  0x45, 0x49, 0xc3, 0x40, 0x20, 0x28, 0xd1, 0xbc, 0x5a, 0xf7, 0xb0, 0xe4, 0xe2, 0xa8, 0x20, 0x40, 0x00, 0x30, 0xd0, 0xb4, 0xd3, 0xd5, 0x58, 0xff, 0x17, 0xff, 0x18, 0xff, 0x17, 0xff, 0x99, 0xff,
  0x2e, 0xac, 0x2a, 0x8b, 0xf0, 0xbc, 0x09, 0x83, 0xc6, 0x61, 0x93, 0xcd, 0xa7, 0x7a, 0x31, 0xc5, 0xed, 0xa3, 0x0a, 0x83, 0x8f, 0xb4, 0x26, 0x6a, 0x27, 0x72, 0x44, 0x59, 0x85, 0x59, 0xc6, 0x61,
  0x14, 0xe6, 0xb6, 0xf6, 0x54, 0xe6, 0x13, 0xe6, 0xd1, 0xdd, 0x74, 0xf6, 0xc6, 0x61, 0x00, 0x20, 0xc7, 0x49, 0x63, 0x08, 0x63, 0x08, 0x63, 0x08, 0x63, 0x08, 0x63, 0x08, 0x27, 0x19, 0x63, 0x08,
  0x63, 0x08, 0x63, 0x08, 0x63, 0x08, 0x63, 0x08, 0x63, 0x08, 0x63, 0x08, 0x63, 0x08, 0x63, 0x08, 0x63, 0x08, 0x63, 0x08, 0x63, 0x08, 0x63, 0x08, 0x63, 0x08, 0x63, 0x08, 0x47, 0x19, 0x63, 0x08,
  0x84, 0x10, 0x63, 0x08, 0x63, 0x08, 0x63, 0x08, 0x63, 0x08, 0x63, 0x08, 0x63, 0x08, 0x63, 0x08, 0x63, 0x08, 0x63, 0x08, 0x47, 0x19, 0x63, 0x08, 0x63, 0x08, 0x63, 0x08, 0x63, 0x08, 0x63, 0x08,
  0x63, 0x08, 0x63, 0x08, 0x63, 0x08, 0x63, 0x08, 0x63, 0x08, 0x63, 0x08, 0x63, 0x08, 0x63, 0x08, 0x63, 0x08, 0x63, 0x08, 0x63, 0x08, 0x63, 0x08, 0x63, 0x08, 0x63, 0x08, 0x63, 0x08, 0x63, 0x08,
  0x84, 0x10, 0x63, 0x08, 0x63, 0x08, 0x63, 0x08, 0x63, 0x08, 0x63, 0x08, 0x63, 0x08, 0x63, 0x08, 0x63, 0x08, 0x63, 0x08, 0x63, 0x08, 0x63, 0x08, 0x63, 0x08, 0x63, 0x08, 0x63, 0x08, 0x63, 0x08,
  0x63, 0x08, 0x63, 0x08, 0x63, 0x08, 0x63, 0x08, 0x63, 0x08, 0x63, 0x08, 0x63, 0x08, 0x63, 0x08, 0x63, 0x08, 0x63, 0x08, 0x63, 0x08, 0x63, 0x08, 0x63, 0x08, 0x47, 0x19, 0x47, 0x19, 0x47, 0x19,
  0x68, 0x19, 0x47, 0x19, 0x47, 0x19, 0x63, 0x08, 0x63, 0x08, 0x63, 0x08, 0x63, 0x08, 0x63, 0x08, 0x63, 0x08, 0x63, 0x08, 0x63, 0x08, 0x63, 0x08, 0x27, 0x19, 0x63, 0x08, 0x63, 0x08, 0x63, 0x08,
  0x63, 0x08, 0x63, 0x08, 0x63, 0x08, 0x63, 0x08, 0x63, 0x08, 0x63, 0x08, 0x63, 0x08, 0x63, 0x08, 0x63, 0x08, 0x63, 0x08, 0x63, 0x08, 0x27, 0x19, 0x63, 0x08, 0x63, 0x08, 0x63, 0x08, 0x63, 0x08,
  0x84, 0x10, 0x63, 0x08, 0x63, 0x08, 0x63, 0x08, 0x63, 0x08, 0x63, 0x08, 0x63, 0x08, 0x63, 0x08, 0x63, 0x08, 0x63, 0x08, 0x63, 0x08, 0x63, 0x08, 0x63, 0x08, 0x63, 0x08, 0x63, 0x08, 0x63, 0x08,
  0x63, 0x08, 0x63, 0x08, 0x63, 0x08, 0x63, 0x08, 0x26, 0x19, 0x63, 0x08, 0x63, 0x08, 0x63, 0x08, 0x63, 0x08, 0x63, 0x08, 0x63, 0x08, 0x63, 0x08, 0x63, 0x08, 0x63, 0x08, 0x63, 0x08, 0x63, 0x08,
  0x84, 0x10, 0x63, 0x08, 0x63, 0x08, 0x26, 0x19, 0x63, 0x08, 0x63, 0x08, 0x63, 0x08, 0x63, 0x08, 0x06, 0x19, 0x63, 0x08, 0x63, 0x08, 0x26, 0x19, 0x63, 0x08, 0x63, 0x08, 0x63, 0x08, 0x63, 0x08,
  0x63, 0x08, 0x63, 0x08, 0x63, 0x08, 0x63, 0x08, 0x63, 0x08, 0x63, 0x08, 0x63, 0x08, 0x63, 0x08, 0x63, 0x08, 0x63, 0x08, 0x63, 0x08, 0x63, 0x08, 0x63, 0x08, 0x63, 0x08, 0x63, 0x08, 0x63, 0x08,
  0x84, 0x10, 0x63, 0x08, 0x63, 0x08, 0x63, 0x08, 0x63, 0x08, 0x63, 0x08, 0x06, 0x19, 0x63, 0x08, 0x63, 0x08, 0x63, 0x08, 0x63, 0x08, 0x63, 0x08, 0x63, 0x08, 0x63, 0x08, 0x63, 0x08, 0x63, 0x08,
  0x63, 0x08, 0x63, 0x08, 0x63, 0x08, 0x63, 0x08, 0x63, 0x08, 0x63, 0x08, 0x63, 0x08, 0x63, 0x08, 0x05, 0x19, 0x63, 0x08, 0x63, 0x08, 0x63, 0x08, 0x63, 0x08, 0x63, 0x08, 0x63, 0x08, 0x63, 0x08,
  0x26, 0x19, 0x63, 0x08, 0x63, 0x08, 0x63, 0x08, 0x63, 0x08, 0x63, 0x08, 0x63, 0x08, 0x63, 0x08, 0x41, 0x28, 0x00, 0x20, 0xf0, 0xb4, 0x95, 0xf6, 0x95, 0xee, 0xd7, 0xf6, 0x38, 0xff, 0xec, 0x9b,
  0xed, 0xa3, 0x59, 0xff, 0xd6, 0xf6, 0x99, 0xff, 0x17, 0xff, 0x2d, 0xac, 0xe9, 0x82, 0x6a, 0x9b, 0x6e, 0xb4, 0x6d, 0xb4, 0xe9, 0x8a, 0xa6, 0x61, 0x03, 0x49, 0x06, 0x6a, 0x4a, 0x8b, 0x31, 0xc5,
  0x79, 0xff, 0x38, 0xff, 0xf7, 0xfe, 0x18, 0xff, 0x18, 0xff, 0x18, 0xff, 0x38, 0xff, 0x79, 0xff, 0xe6, 0x61, 0x00, 0x20, 0x00, 0x40, 0xe2, 0x98, 0x2b, 0xc3, 0x77, 0xf6, 0xaa, 0x72, 0x24, 0x41,
  0x82, 0x38, 0x00, 0x28, 0xf2, 0xbc, 0x92, 0xac, 0xeb, 0x82, 0x6d, 0x8b, 0x0c, 0x7b, 0x28, 0x62, 0xae, 0x83, 0x8a, 0x72, 0x6d, 0x8b, 0x8d, 0x8b, 0xeb, 0x7a, 0x90, 0xac, 0xf1, 0xb4, 0x00, 0x28,
  0x62, 0x38, 0x24, 0x41, 0x89, 0x7a, 0x15, 0xf6, 0xe9, 0xca, 0xe2, 0xa0, 0x00, 0x38, 0x00, 0x20, 0xa5, 0x59, 0x79, 0xff, 0x58, 0xff, 0x17, 0xff, 0x18, 0xff, 0x18, 0xff, 0x38, 0xff, 0x75, 0xe6,
  0xea, 0x7a, 0xd0, 0xbc, 0xaf, 0xb4, 0xa8, 0x7a, 0x8c, 0x9b, 0x2d, 0xac, 0xac, 0x93, 0x52, 0xcd, 0xa8, 0x82, 0xd0, 0xbc, 0xe9, 0x82, 0x27, 0x6a, 0xc5, 0x69, 0xa5, 0x61, 0x86, 0x59, 0x4e, 0xac,
  0x38, 0xff, 0x75, 0xee, 0x54, 0xee, 0x13, 0xe6, 0xb1, 0xdd, 0x74, 0xf6, 0xe6, 0x61, 0x00, 0x20, 0xc7, 0x49, 0x63, 0x08, 0x63, 0x08, 0x63, 0x08, 0x63, 0x08, 0x63, 0x08, 0x27, 0x19, 0x63, 0x08,
  0x63, 0x08, 0x63, 0x08, 0x63, 0x08, 0x63, 0x08, 0x63, 0x08, 0x63, 0x08, 0x63, 0x08, 0x63, 0x08, 0x63, 0x08, 0x63, 0x08, 0x63, 0x08, 0x63, 0x08, 0x63, 0x08, 0x63, 0x08, 0x47, 0x19, 0x63, 0x08,
  0x84, 0x10, 0x63, 0x08, 0x63, 0x08, 0x63, 0x08, 0x63, 0x08, 0x63, 0x08, 0x63, 0x08, 0x63, 0x08, 0x63, 0x08, 0x63, 0x08, 0x47, 0x19, 0x63, 0x08, 0x63, 0x08, 0x63, 0x08, 0x63, 0x08, 0x63, 0x08,
  0x63, 0x08, 0x63, 0x08, 0x63, 0x08, 0x63, 0x08, 0x63, 0x08, 0x63, 0x08, 0x63, 0x08, 0x63, 0x08, 0x63, 0x08, 0x63, 0x08, 0x63, 0x08, 0x63, 0x08, 0x63, 0x08, 0x63, 0x08, 0x63, 0x08, 0x63, 0x08,
  0x84, 0x10, 0x63, 0x08, 0x63, 0x08, 0x63, 0x08, 0x63, 0x08, 0x63, 0x08, 0x63, 0x08, 0x63, 0x08, 0x63, 0x08, 0x63, 0x08, 0x63, 0x08, 0x63, 0x08, 0x63, 0x08, 0x63, 0x08, 0x63, 0x08, 0x63, 0x08,
  0x63, 0x08, 0x63, 0x08, 0x63, 0x08, 0x63, 0x08, 0x63, 0x08, 0x63, 0x08, 0x63, 0x08, 0x63, 0x08, 0x63, 0x08, 0x63, 0x08, 0x63, 0x08, 0x63, 0x08, 0x63, 0x08, 0x47, 0x19, 0x47, 0x19, 0x47, 0x19,
  0x68, 0x19, 0x47, 0x19, 0x47, 0x19, 0x63, 0x08, 0x63, 0x08, 0x63, 0x08, 0x63, 0x08, 0x63, 0x08, 0x63, 0x08, 0x63, 0x08, 0x63, 0x08, 0x63, 0x08, 0x27, 0x19, 0x63, 0x08, 0x63, 0x08, 0x63, 0x08,
  0x63, 0x08, 0x63, 0x08, 0x63, 0x08, 0x63, 0x08, 0x63, 0x08, 0x63, 0x08, 0x63, 0x08, 0x63, 0x08, 0x63, 0x08, 0x63, 0x08, 0x63, 0x08, 0x27, 0x19, 0x63, 0x08, 0x63, 0x08, 0x63, 0x08, 0x63, 0x08,
  0x84, 0x10, 0x63, 0x08, 0x63, 0x08, 0x63, 0x08, 0x63, 0x08, 0x63, 0x08, 0x63, 0x08, 0x63, 0x08, 0x63, 0x08, 0x63, 0x08, 0x63, 0x08, 0x63, 0x08, 0x63, 0x08, 0x63, 0x08, 0x63, 0x08, 0x63, 0x08,
  0x63, 0x08, 0x63, 0x08, 0x63, 0x08, 0x63, 0x08, 0x26, 0x19, 0x63, 0x08, 0x63, 0x08, 0x63, 0x08, 0x63, 0x08, 0x63, 0x08, 0x63, 0x08, 0x63, 0x08, 0x63, 0x08, 0x63, 0x08, 0x63, 0x08, 0x63, 0x08,
  0x84, 0x10, 0x63, 0x08, 0x63, 0x08, 0x26, 0x19, 0x63, 0x08, 0x63, 0x08, 0x63, 0x08, 0x63, 0x08, 0x06, 0x19, 0x63, 0x08, 0x63, 0x08, 0x26, 0x19, 0x63, 0x08, 0x63, 0x08, 0x63, 0x08, 0x63, 0x08,
  0x63, 0x08, 0x63, 0x08, 0x63, 0x08, 0x63, 0x08, 0x63, 0x08, 0x63, 0x08, 0x63, 0x08, 0x63, 0x08, 0x63, 0x08, 0x63, 0x08, 0x63, 0x08, 0x63, 0x08, 0x63, 0x08, 0x63, 0x08, 0x63, 0x08, 0x63, 0x08,
  0x84, 0x10, 0x63, 0x08, 0x63, 0x08, 0x63, 0x08, 0x63, 0x08, 0x63, 0x08, 0x06, 0x19, 0x63, 0x08, 0x63, 0x08, 0x63, 0x08, 0x63, 0x08, 0x63, 0x08, 0x63, 0x08, 0x63, 0x08, 0x63, 0x08, 0x63, 0x08,
  0x63, 0x08, 0x63, 0x08, 0x63, 0x08, 0x63, 0x08, 0x63, 0x08, 0x63, 0x08, 0x63, 0x08, 0x63, 0x08, 0x05, 0x19, 0x63, 0x08, 0x63, 0x08, 0x63, 0x08, 0x63, 0x08, 0x63, 0x08, 0x63, 0x08, 0x63, 0x08,
  0x26, 0x19, 0x63, 0x08, 0x63, 0x08, 0x63, 0x08, 0x63, 0x08, 0x63, 0x08, 0x63, 0x08, 0x63, 0x08, 0x41, 0x28, 0x00, 0x20, 0xaf, 0xb4, 0xb5, 0xf6, 0x96, 0xee, 0xd7, 0xf6, 0x38, 0xff, 0xec, 0x9b,
  0xed, 0xa3, 0x58, 0xff, 0x78, 0xff, 0x34, 0xde, 0x29, 0x83, 0x4a, 0x93, 0x8d, 0xbc, 0x75, 0xe6, 0xfc, 0xff, 0xb5, 0xf6, 0x30, 0xcd, 0xac, 0x9b, 0x27, 0x6a, 0x24, 0x51, 0x46, 0x72, 0xa8, 0x7a,
  0xcd, 0x93, 0xb7, 0xee, 0x79, 0xff, 0xf7, 0xf6, 0x18, 0xff, 0x18, 0xff, 0x17, 0xff, 0x79, 0xff, 0xd3, 0xd5, 0x2d, 0xa4, 0x68, 0x72, 0x00, 0x28, 0x00, 0x60, 0x03, 0x71, 0x68, 0xaa, 0x40, 0x58,
  0x00, 0x28, 0x00, 0x28, 0xc3, 0x40, 0x58, 0xde, 0xbe, 0xff, 0x59, 0xd6, 0x59, 0xd6, 0xbf, 0xff, 0xff, 0xff, 0xbe, 0xf7, 0x79, 0xd6, 0x79, 0xde, 0x1a, 0xef, 0x94, 0xc5, 0x82, 0x38, 0x00, 0x28,
  0x00, 0x30, 0x40, 0x60, 0xc6, 0xa1, 0x24, 0x71, 0x40, 0x78, 0x00, 0x28, 0x89, 0x72, 0xcd, 0x9b, 0xb3, 0xd5, 0x79, 0xff, 0xf7, 0xfe, 0x18, 0xff, 0x18, 0xff, 0xf7, 0xfe, 0x99, 0xff, 0x0d, 0x9c,
  0x2e, 0xa4, 0x92, 0xcd, 0xcf, 0xbc, 0x88, 0x72, 0xed, 0xa3, 0xe8, 0x82, 0x93, 0xcd, 0xac, 0x9b, 0x0a, 0x8b, 0x6f, 0xb4, 0x47, 0x72, 0x88, 0x82, 0xe3, 0x48, 0xc3, 0x48, 0xa5, 0x59, 0xf7, 0xfe,
  0xf7, 0xfe, 0x95, 0xee, 0x75, 0xee, 0x13, 0xe6, 0xb1, 0xdd, 0x74, 0xf6, 0x06, 0x6a, 0x00, 0x20, 0xc7, 0x49, 0x63, 0x08, 0x63, 0x08, 0x63, 0x08, 0x63, 0x08, 0x63, 0x08, 0x27, 0x19, 0x63, 0x08,
  0x63, 0x08, 0x63, 0x08, 0x63, 0x08, 0x63, 0x08, 0x63, 0x08, 0x63, 0x08, 0x63, 0x08, 0x63, 0x08, 0x63, 0x08, 0x63, 0x08, 0x63, 0x08, 0x63, 0x08, 0x63, 0x08, 0x63, 0x08, 0x47, 0x19, 0x63, 0x08,
  0x84, 0x10, 0x63, 0x08, 0x63, 0x08, 0x63, 0x08, 0x63, 0x08, 0x63, 0x08, 0x63, 0x08, 0x63, 0x08, 0x63, 0x08, 0x63, 0x08, 0x47, 0x19, 0x63, 0x08, 0x63, 0x08, 0x63, 0x08, 0x63, 0x08, 0x63, 0x08,
  0x63, 0x08, 0x63, 0x08, 0x63, 0x08, 0x63, 0x08, 0x63, 0x08, 0x63, 0x08, 0x63, 0x08, 0x63, 0x08, 0x63, 0x08, 0x63, 0x08, 0x63, 0x08, 0x63, 0x08, 0x63, 0x08, 0x63, 0x08, 0x63, 0x08, 0x63, 0x08,
  0x84, 0x10, 0x63, 0x08, 0x63, 0x08, 0x63, 0x08, 0x63, 0x08, 0x63, 0x08, 0x63, 0x08, 0x63, 0x08, 0x63, 0x08, 0x63, 0x08, 0x63, 0x08, 0x63, 0x08, 0x63, 0x08, 0x63, 0x08, 0x63, 0x08, 0x63, 0x08,
  0x63, 0x08, 0x63, 0x08, 0x63, 0x08, 0x63, 0x08, 0x63, 0x08, 0x63, 0x08, 0x63, 0x08, 0x63, 0x08, 0x63, 0x08, 0x63, 0x08, 0x63, 0x08, 0x63, 0x08, 0x63, 0x08, 0x47, 0x19, 0x47, 0x19, 0x47, 0x19,
  0x68, 0x19, 0x47, 0x19, 0x47, 0x19, 0x63, 0x08, 0x63, 0x08, 0x63, 0x08, 0x63, 0x08, 0x63, 0x08, 0x63, 0x08, 0x63, 0x08, 0x63, 0x08, 0x63, 0x08, 0x27, 0x19, 0x63, 0x08, 0x63, 0x08, 0x63, 0x08,
  0x63, 0x08, 0x63, 0x08, 0x63, 0x08, 0x63, 0x08, 0x63, 0x08, 0x63, 0x08, 0x63, 0x08, 0x63, 0x08, 0x63, 0x08, 0x63, 0x08, 0x63, 0x08, 0x27, 0x19, 0x63, 0x08, 0x63, 0x08, 0x63, 0x08, 0x63, 0x08,
  0x84, 0x10, 0x63, 0x08, 0x63, 0x08, 0x63, 0x08, 0x63, 0x08, 0x63, 0x08, 0x63, 0x08, 0x63, 0x08, 0x63, 0x08, 0x63, 0x08, 0x63, 0x08, 0x63, 0x08, 0x63, 0x08, 0x63, 0x08, 0x63, 0x08, 0x63, 0x08,
  0x63, 0x08, 0x63, 0x08, 0x63, 0x08, 0x63, 0x08, 0x26, 0x19, 0x63, 0x08, 0x63, 0x08, 0x63, 0x08, 0x63, 0x08, 0x63, 0x08, 0x63, 0x08, 0x63, 0x08, 0x63, 0x08, 0x63, 0x08, 0x63, 0x08, 0x63, 0x08,
  0x84, 0x10, 0x63, 0x08, 0x63, 0x08, 0x26, 0x19, 0x63, 0x08, 0x63, 0x08, 0x63, 0x08, 0x63, 0x08, 0x06, 0x19, 0x63, 0x08, 0x63, 0x08, 0x26, 0x19, 0x63, 0x08, 0x63, 0x08, 0x63, 0x08, 0x63, 0x08,
  0x63, 0x08, 0x63, 0x08, 0x63, 0x08, 0x63, 0x08, 0x63, 0x08, 0x63, 0x08, 0x63, 0x08, 0x63, 0x08, 0x63, 0x08, 0x63, 0x08, 0x63, 0x08, 0x63, 0x08, 0x63, 0x08, 0x63, 0x08, 0x63, 0x08, 0x63, 0x08,
  0x84, 0x10, 0x63, 0x08, 0x63, 0x08, 0x63, 0x08, 0x63, 0x08, 0x63, 0x08, 0x06, 0x19, 0x63, 0x08, 0x63, 0x08, 0x63, 0x08, 0x63, 0x08, 0x63, 0x08, 0x63, 0x08, 0x63, 0x08, 0x63, 0x08, 0x63, 0x08,
  0x63, 0x08, 0x63, 0x08, 0x63, 0x08, 0x63, 0x08, 0x63, 0x08, 0x63, 0x08, 0x63, 0x08, 0x63, 0x08, 0x05, 0x19, 0x63, 0x08, 0x63, 0x08, 0x63, 0x08, 0x63, 0x08, 0x63, 0x08, 0x63, 0x08, 0x63, 0x08,
  0x26, 0x19, 0x63, 0x08, 0x63, 0x08, 0x63, 0x08, 0x63, 0x08, 0x63, 0x08, 0x63, 0x08, 0x63, 0x08, 0x41, 0x28, 0x00, 0x20, 0x8f, 0xac, 0xb5, 0xf6, 0x95, 0xee, 0xd7, 0xf6, 0x58, 0xff, 0xec, 0x9b,
  0xed, 0xa3, 0xd9, 0xff, 0x30, 0xc5, 0x09, 0x8b, 0x0c, 0xa4, 0xcf, 0xbc, 0x54, 0xe6, 0xfd, 0xff, 0x9a, 0xff, 0x73, 0xf6, 0xf2, 0xe5, 0xef, 0xc4, 0xab, 0xa3, 0x68, 0x7a, 0xe3, 0x48, 0x26, 0x72,
  0xa8, 0x7a, 0xc8, 0x7a, 0xf4, 0xd5, 0x79, 0xff, 0x18, 0xff, 0x18, 0xff, 0x18, 0xff, 0x18, 0xff, 0x38, 0xff, 0x79, 0xff, 0x58, 0xff, 0x2a, 0x83, 0x00, 0x28, 0x00, 0x20, 0x00, 0x30, 0x40, 0x60,
  0x40, 0x58, 0x21, 0x38, 0x00, 0x28, 0x40, 0x38, 0xad, 0x93, 0x78, 0xde, 0xff, 0xff, 0xff, 0xff, 0xff, 0xff, 0xff, 0xff, 0xfe, 0xff, 0x37, 0xce, 0x0b, 0x7b, 0x00, 0x28, 0x00, 0x28, 0x20, 0x38,
  0x40, 0x58, 0x40, 0x58, 0x00, 0x28, 0x00, 0x20, 0x00, 0x20, 0x2a, 0x83, 0x58, 0xff, 0x79, 0xff, 0x38, 0xff, 0x18, 0xff, 0x18, 0xff, 0x18, 0xff, 0x18, 0xff, 0x58, 0xff, 0x14, 0xde, 0x4b, 0x8b,
  0x14, 0xde, 0x72, 0xcd, 0xaf, 0xb4, 0xc9, 0x82, 0x05, 0x6a, 0x4e, 0xa4, 0xb3, 0xd5, 0x67, 0x72, 0xf0, 0xc4, 0xa8, 0x7a, 0xe6, 0x69, 0x03, 0x49, 0x24, 0x51, 0xa8, 0x7a, 0x2a, 0x83, 0xac, 0x9b,
  0x55, 0xee, 0xd6, 0xf6, 0x75, 0xee, 0x33, 0xe6, 0xb1, 0xdd, 0x94, 0xf6, 0x27, 0x6a, 0x00, 0x20, 0xc7, 0x49, 0x63, 0x08, 0x63, 0x08, 0x63, 0x08, 0x63, 0x08, 0x63, 0x08, 0x27, 0x19, 0x63, 0x08,
  0x63, 0x08, 0x63, 0x08, 0x63, 0x08, 0x63, 0x08, 0x63, 0x08, 0x63, 0x08, 0x63, 0x08, 0x63, 0x08, 0x63, 0x08, 0x63, 0x08, 0x63, 0x08, 0x63, 0x08, 0x63, 0x08, 0x63, 0x08, 0x47, 0x19, 0x63, 0x08,
  0x84, 0x10, 0x63, 0x08, 0x63, 0x08, 0x63, 0x08, 0x63, 0x08, 0x63, 0x08, 0x63, 0x08, 0x63, 0x08, 0x63, 0x08, 0x63, 0x08, 0x47, 0x19, 0x63, 0x08, 0x63, 0x08, 0x63, 0x08, 0x63, 0x08, 0x63, 0x08,
  0x63, 0x08, 0x63, 0x08, 0x63, 0x08, 0x63, 0x08, 0x63, 0x08, 0x63, 0x08, 0x63, 0x08, 0x63, 0x08, 0x63, 0x08, 0x63, 0x08, 0x63, 0x08, 0x63, 0x08, 0x63, 0x08, 0x63, 0x08, 0x63, 0x08, 0x63, 0x08,
  0x84, 0x10, 0x63, 0x08, 0x63, 0x08, 0x63, 0x08, 0x63, 0x08, 0x63, 0x08, 0x63, 0x08, 0x63, 0x08, 0x63, 0x08, 0x63, 0x08, 0x63, 0x08, 0x63, 0x08, 0x63, 0x08, 0x63, 0x08, 0x63, 0x08, 0x63, 0x08,
  0x63, 0x08, 0x63, 0x08, 0x63, 0x08, 0x63, 0x08, 0x63, 0x08, 0x63, 0x08, 0x63, 0x08, 0x63, 0x08, 0x63, 0x08, 0x63, 0x08, 0x63, 0x08, 0x63, 0x08, 0x63, 0x08, 0x47, 0x19, 0x63, 0x08, 0x63, 0x08,
  0x68, 0x19, 0x63, 0x08, 0x63, 0x08, 0x63, 0x08, 0x63, 0x08, 0x63, 0x08, 0x63, 0x08, 0x63, 0x08, 0x63, 0x08, 0x63, 0x08, 0x63, 0x08, 0x63, 0x08, 0x27, 0x19, 0x63, 0x08, 0x63, 0x08, 0x63, 0x08,
  0x63, 0x08, 0x63, 0x08, 0x63, 0x08, 0x63, 0x08, 0x63, 0x08, 0x63, 0x08, 0x63, 0x08, 0x63, 0x08, 0x63, 0x08, 0x63, 0x08, 0x63, 0x08, 0x27, 0x19, 0x63, 0x08, 0x63, 0x08, 0x63, 0x08, 0x63, 0x08,
  0x84, 0x10, 0x63, 0x08, 0x63, 0x08, 0x63, 0x08, 0x63, 0x08, 0x63, 0x08, 0x63, 0x08, 0x63, 0x08, 0x63, 0x08, 0x63, 0x08, 0x63, 0x08, 0x63, 0x08, 0x63, 0x08, 0x63, 0x08, 0x63, 0x08, 0x63, 0x08,
  0x63, 0x08, 0x63, 0x08, 0x63, 0x08, 0x63, 0x08, 0x26, 0x19, 0x63, 0x08, 0x63, 0x08, 0x63, 0x08, 0x63, 0x08, 0x63, 0x08, 0x63, 0x08, 0x63, 0x08, 0x63, 0x08, 0x63, 0x08, 0x63, 0x08, 0x63, 0x08,
  0x84, 0x10, 0x63, 0x08, 0x63, 0x08, 0x26, 0x19, 0x63, 0x08, 0x63, 0x08, 0x63, 0x08, 0x63, 0x08, 0x06, 0x19, 0x63, 0x08, 0x63, 0x08, 0x26, 0x19, 0x63, 0x08, 0x63, 0x08, 0x63, 0x08, 0x63, 0x08,
  0x63, 0x08, 0x63, 0x08, 0x63, 0x08, 0x63, 0x08, 0x63, 0x08, 0x63, 0x08, 0x63, 0x08, 0x63, 0x08, 0x63, 0x08, 0x63, 0x08, 0x63, 0x08, 0x63, 0x08, 0x63, 0x08, 0x63, 0x08, 0x63, 0x08, 0x63, 0x08,
  0x84, 0x10, 0x63, 0x08, 0x63, 0x08, 0x63, 0x08, 0x63, 0x08, 0x63, 0x08, 0x06, 0x19, 0x63, 0x08, 0x63, 0x08, 0x63, 0x08, 0x63, 0x08, 0x63, 0x08, 0x63, 0x08, 0x63, 0x08, 0x63, 0x08, 0x63, 0x08,
  0x63, 0x08, 0x63, 0x08, 0x63, 0x08, 0x63, 0x08, 0x63, 0x08, 0x63, 0x08, 0x63, 0x08, 0x63, 0x08, 0x05, 0x19, 0x63, 0x08, 0x63, 0x08, 0x63, 0x08, 0x63, 0x08, 0x63, 0x08, 0x63, 0x08, 0x63, 0x08,
  0x26, 0x19, 0x63, 0x08, 0x63, 0x08, 0x63, 0x08, 0x63, 0x08, 0x63, 0x08, 0x63, 0x08, 0x63, 0x08, 0x41, 0x28, 0x00, 0x20, 0xaf, 0xac, 0x95, 0xf6, 0x95, 0xee, 0xf7, 0xf6, 0x58, 0xff, 0xec, 0x9b,
  0x2d, 0xa4, 0xab, 0x93, 0x44, 0x51, 0x29, 0x83, 0x6a, 0x8b, 0x0c, 0x9c, 0xd0, 0xac, 0x32, 0xb5, 0xf0, 0xb4, 0x8e, 0xac, 0x6d, 0xac, 0xec, 0x9b, 0x2a, 0x8b, 0x88, 0x7a, 0xe6, 0x69, 0x44, 0x59,
  0xc5, 0x61, 0xa8, 0x7a, 0xc5, 0x61, 0x2d, 0xa4, 0x59, 0xff, 0x18, 0xff, 0x18, 0xff, 0x18, 0xff, 0x18, 0xff, 0x17, 0xff, 0x38, 0xff, 0xb9, 0xff, 0x31, 0xc5, 0x8f, 0xb4, 0xa9, 0x72, 0x20, 0x28,
  0x00, 0x20, 0x00, 0x20, 0x00, 0x28, 0x00, 0x28, 0x00, 0x28, 0x20, 0x38, 0x07, 0x6a, 0x2f, 0xa4, 0x91, 0xac, 0x0e, 0x9c, 0xa6, 0x59, 0x00, 0x30, 0x00, 0x20, 0x00, 0x28, 0x00, 0x28, 0x00, 0x20,
  0x00, 0x20, 0x61, 0x28, 0x6b, 0x83, 0x6e, 0xac, 0x11, 0xc5, 0xba, 0xff, 0x18, 0xff, 0x17, 0xff, 0x18, 0xff, 0x18, 0xff, 0x18, 0xff, 0x18, 0xff, 0xf7, 0xfe, 0x99, 0xff, 0xac, 0x9b, 0x11, 0xbd,
  0x14, 0xde, 0x92, 0xd5, 0xaf, 0xb4, 0x85, 0x61, 0x27, 0x6a, 0x15, 0xd6, 0x29, 0x8b, 0x4a, 0x93, 0xaf, 0xbc, 0x44, 0x51, 0x44, 0x59, 0x2a, 0x83, 0xf3, 0xdd, 0x34, 0xde, 0x14, 0xde, 0x8e, 0xb4,
  0x0a, 0x8b, 0x75, 0xee, 0x75, 0xee, 0x33, 0xe6, 0xb1, 0xdd, 0x73, 0xee, 0x27, 0x6a, 0x00, 0x20, 0xc7, 0x49, 0x63, 0x08, 0x63, 0x08, 0x63, 0x08, 0x63, 0x08, 0x63, 0x08, 0x27, 0x19, 0x63, 0x08,
  0x63, 0x08, 0x63, 0x08, 0x63, 0x08, 0x63, 0x08, 0x63, 0x08, 0x63, 0x08, 0x63, 0x08, 0x63, 0x08, 0x63, 0x08, 0x63, 0x08, 0x63, 0x08, 0x63, 0x08, 0x63, 0x08, 0x63, 0x08, 0x47, 0x19, 0x63, 0x08,
  0x84, 0x10, 0x63, 0x08, 0x63, 0x08, 0x63, 0x08, 0x63, 0x08, 0x63, 0x08, 0x63, 0x08, 0x63, 0x08, 0x63, 0x08, 0x63, 0x08, 0x47, 0x19, 0x63, 0x08, 0x63, 0x08, 0x63, 0x08, 0x63, 0x08, 0x63, 0x08,
  0x63, 0x08, 0x63, 0x08, 0x63, 0x08, 0x63, 0x08, 0x63, 0x08, 0x63, 0x08, 0x63, 0x08, 0x63, 0x08, 0x63, 0x08, 0x63, 0x08, 0x63, 0x08, 0x63, 0x08, 0x63, 0x08, 0x63, 0x08, 0x63, 0x08, 0x63, 0x08,
  0x84, 0x10, 0x63, 0x08, 0x63, 0x08, 0x63, 0x08, 0x63, 0x08, 0x63, 0x08, 0x63, 0x08, 0x63, 0x08, 0x63, 0x08, 0x63, 0x08, 0x63, 0x08, 0x63, 0x08, 0x63, 0x08, 0x63, 0x08, 0x63, 0x08, 0x63, 0x08,
  0x63, 0x08, 0x63, 0x08, 0x63, 0x08, 0x63, 0x08, 0x63, 0x08, 0x63, 0x08, 0x63, 0x08, 0x63, 0x08, 0x63, 0x08, 0x63, 0x08, 0x63, 0x08, 0x63, 0x08, 0x63, 0x08, 0x47, 0x19, 0x63, 0x08, 0x63, 0x08,
  0x68, 0x19, 0x63, 0x08, 0x63, 0x08, 0x63, 0x08, 0x63, 0x08, 0x63, 0x08, 0x63, 0x08, 0x63, 0x08, 0x63, 0x08, 0x63, 0x08, 0x63, 0x08, 0x63, 0x08, 0x27, 0x19, 0x63, 0x08, 0x63, 0x08, 0x63, 0x08,
  0x63, 0x08, 0x63, 0x08, 0x63, 0x08, 0x63, 0x08, 0x63, 0x08, 0x63, 0x08, 0x63, 0x08, 0x63, 0x08, 0x63, 0x08, 0x63, 0x08, 0x63, 0x08, 0x27, 0x19, 0x63, 0x08, 0x63, 0x08, 0x63, 0x08, 0x63, 0x08,
  0x84, 0x10, 0x63, 0x08, 0x63, 0x08, 0x63, 0x08, 0x63, 0x08, 0x63, 0x08, 0x63, 0x08, 0x63, 0x08, 0x63, 0x08, 0x63, 0x08, 0x63, 0x08, 0x63, 0x08, 0x63, 0x08, 0x63, 0x08, 0x63, 0x08, 0x63, 0x08,
  0x63, 0x08, 0x63, 0x08, 0x63, 0x08, 0x63, 0x08, 0x26, 0x19, 0x63, 0x08, 0x63, 0x08, 0x63, 0x08, 0x63, 0x08, 0x63, 0x08, 0x63, 0x08, 0x63, 0x08, 0x63, 0x08, 0x63, 0x08, 0x63, 0x08, 0x63, 0x08,
  0x84, 0x10, 0x63, 0x08, 0x63, 0x08, 0x26, 0x19, 0x63, 0x08, 0x63, 0x08, 0x63, 0x08, 0x63, 0x08, 0x06, 0x19, 0x63, 0x08, 0x63, 0x08, 0x26, 0x19, 0x63, 0x08, 0x63, 0x08, 0x63, 0x08, 0x63, 0x08,
  0x63, 0x08, 0x63, 0x08, 0x63, 0x08, 0x63, 0x08, 0x63, 0x08, 0x63, 0x08, 0x63, 0x08, 0x63, 0x08, 0x63, 0x08, 0x63, 0x08, 0x63, 0x08, 0x63, 0x08, 0x63, 0x08, 0x63, 0x08, 0x63, 0x08, 0x63, 0x08,
  0x84, 0x10, 0x63, 0x08, 0x63, 0x08, 0x63, 0x08, 0x63, 0x08, 0x63, 0x08, 0x06, 0x19, 0x63, 0x08, 0x63, 0x08, 0x63, 0x08, 0x63, 0x08, 0x63, 0x08, 0x63, 0x08, 0x63, 0x08, 0x63, 0x08, 0x63, 0x08,
  0x63, 0x08, 0x63, 0x08, 0x63, 0x08, 0x63, 0x08, 0x63, 0x08, 0x63, 0x08, 0x63, 0x08, 0x63, 0x08, 0x05, 0x19, 0x63, 0x08, 0x63, 0x08, 0x63, 0x08, 0x63, 0x08, 0x63, 0x08, 0x63, 0x08, 0x63, 0x08,
  0x26, 0x19, 0x63, 0x08, 0x63, 0x08, 0x63, 0x08, 0x63, 0x08, 0x63, 0x08, 0x63, 0x08, 0x63, 0x08, 0x41, 0x28, 0x00, 0x20, 0xb0, 0xac, 0x95, 0xf6, 0x54, 0xee, 0xf7, 0xf6, 0x38, 0xff, 0xec, 0x9b,
  0x6e, 0xb4, 0xec, 0xa3, 0x06, 0x6a, 0x26, 0x6a, 0x09, 0x83, 0xec, 0xa3, 0x6e, 0xa4, 0x2d, 0xa4, 0xcb, 0x9b, 0x8a, 0x93, 0x29, 0x8b, 0xc8, 0x82, 0x87, 0x7a, 0x06, 0x6a, 0x23, 0x51, 0xe3, 0x48,
  0xa2, 0x48, 0xc6, 0x61, 0x26, 0x6a, 0x2e, 0xa4, 0x99, 0xff, 0xf7, 0xf6, 0x18, 0xff, 0x18, 0xff, 0x18, 0xff, 0x18, 0xff, 0xf7, 0xf6, 0xf7, 0xf6, 0x78, 0xff, 0x79, 0xff, 0x79, 0xff, 0x55, 0xe6,
  0xd0, 0xb4, 0x4b, 0x8b, 0x07, 0x6a, 0x03, 0x49, 0x61, 0x38, 0x00, 0x28, 0x00, 0x20, 0x00, 0x18, 0x00, 0x18, 0x00, 0x18, 0x00, 0x20, 0x00, 0x30, 0x82, 0x40, 0x24, 0x51, 0x27, 0x6a, 0x4b, 0x8b,
  0xd0, 0xb4, 0x96, 0xee, 0x99, 0xff, 0x99, 0xff, 0x79, 0xff, 0xf7, 0xf6, 0xf7, 0xfe, 0x18, 0xff, 0x18, 0xff, 0x18, 0xff, 0x18, 0xff, 0x18, 0xff, 0x38, 0xff, 0x95, 0xe6, 0x2b, 0x8b, 0x34, 0xde,
  0xf4, 0xdd, 0xd4, 0xdd, 0x4e, 0xac, 0xc2, 0x40, 0x31, 0xc5, 0x6e, 0xac, 0xc8, 0x7a, 0x72, 0xcd, 0x85, 0x59, 0xe6, 0x61, 0xcc, 0x9b, 0xc9, 0x82, 0x85, 0x59, 0x23, 0x51, 0x88, 0x82, 0x2d, 0xac,
  0xcb, 0x9b, 0x2e, 0xac, 0xd6, 0xf6, 0x33, 0xe6, 0xd1, 0xdd, 0x53, 0xee, 0x27, 0x6a, 0x00, 0x20, 0xa7, 0x49, 0x63, 0x08, 0x63, 0x08, 0x63, 0x08, 0x63, 0x08, 0x63, 0x08, 0x27, 0x19, 0x63, 0x08,
  0x63, 0x08, 0x63, 0x08, 0x63, 0x08, 0x63, 0x08, 0x63, 0x08, 0x63, 0x08, 0x63, 0x08, 0x63, 0x08, 0x63, 0x08, 0x63, 0x08, 0x63, 0x08, 0x63, 0x08, 0x63, 0x08, 0x63, 0x08, 0x47, 0x19, 0x63, 0x08,
  0x84, 0x10, 0x63, 0x08, 0x63, 0x08, 0x63, 0x08, 0x63, 0x08, 0x63, 0x08, 0x63, 0x08, 0x63, 0x08, 0x63, 0x08, 0x63, 0x08, 0x47, 0x19, 0x63, 0x08, 0x63, 0x08, 0x63, 0x08, 0x63, 0x08, 0x63, 0x08,
  0x63, 0x08, 0x63, 0x08, 0x63, 0x08, 0x63, 0x08, 0x63, 0x08, 0x63, 0x08, 0x63, 0x08, 0x63, 0x08, 0x63, 0x08, 0x63, 0x08, 0x63, 0x08, 0x63, 0x08, 0x63, 0x08, 0x63, 0x08, 0x63, 0x08, 0x63, 0x08,
  0x84, 0x10, 0x63, 0x08, 0x63, 0x08, 0x63, 0x08, 0x63, 0x08, 0x63, 0x08, 0x63, 0x08, 0x63, 0x08, 0x63, 0x08, 0x63, 0x08, 0x63, 0x08, 0x63, 0x08, 0x63, 0x08, 0x63, 0x08, 0x63, 0x08, 0x63, 0x08,
  0x63, 0x08, 0x63, 0x08, 0x63, 0x08, 0x63, 0x08, 0x63, 0x08, 0x63, 0x08, 0x63, 0x08, 0x63, 0x08, 0x63, 0x08, 0x63, 0x08, 0x63, 0x08, 0x63, 0x08, 0x63, 0x08, 0x47, 0x19, 0x63, 0x08, 0x63, 0x08,
  0x68, 0x19, 0x63, 0x08, 0x63, 0x08, 0x63, 0x08, 0x63, 0x08, 0x63, 0x08, 0x63, 0x08, 0x63, 0x08, 0x63, 0x08, 0x63, 0x08, 0x63, 0x08, 0x63, 0x08, 0x27, 0x19, 0x63, 0x08, 0x63, 0x08, 0x63, 0x08,
  0x63, 0x08, 0x63, 0x08, 0x63, 0x08, 0x63, 0x08, 0x63, 0x08, 0x63, 0x08, 0x63, 0x08, 0x63, 0x08, 0x63, 0x08, 0x63, 0x08, 0x63, 0x08, 0x27, 0x19, 0x63, 0x08, 0x63, 0x08, 0x63, 0x08, 0x63, 0x08,
  0x84, 0x10, 0x63, 0x08, 0x63, 0x08, 0x63, 0x08, 0x63, 0x08, 0x63, 0x08, 0x63, 0x08, 0x63, 0x08, 0x63, 0x08, 0x63, 0x08, 0x63, 0x08, 0x63, 0x08, 0x63, 0x08, 0x63, 0x08, 0x63, 0x08, 0x63, 0x08,
  0x63, 0x08, 0x63, 0x08, 0x63, 0x08, 0x63, 0x08, 0x26, 0x19, 0x63, 0x08, 0x63, 0x08, 0x63, 0x08, 0x63, 0x08, 0x63, 0x08, 0x63, 0x08, 0x63, 0x08, 0x63, 0x08, 0x63, 0x08, 0x63, 0x08, 0x63, 0x08,
  0x84, 0x10, 0x63, 0x08, 0x63, 0x08, 0x26, 0x19, 0x63, 0x08, 0x63, 0x08, 0x63, 0x08, 0x63, 0x08, 0x06, 0x19, 0x63, 0x08, 0x63, 0x08, 0x26, 0x19, 0x63, 0x08, 0x63, 0x08, 0x63, 0x08, 0x63, 0x08,
  0x63, 0x08, 0x63, 0x08, 0x63, 0x08, 0x63, 0x08, 0x63, 0x08, 0x63, 0x08, 0x63, 0x08, 0x63, 0x08, 0x63, 0x08, 0x63, 0x08, 0x63, 0x08, 0x63, 0x08, 0x63, 0x08, 0x63, 0x08, 0x63, 0x08, 0x63, 0x08,
  0x84, 0x10, 0x63, 0x08, 0x63, 0x08, 0x63, 0x08, 0x63, 0x08, 0x63, 0x08, 0x06, 0x19, 0x63, 0x08, 0x63, 0x08, 0x63, 0x08, 0x63, 0x08, 0x63, 0x08, 0x63, 0x08, 0x63, 0x08, 0x63, 0x08, 0x63, 0x08,
  0x63, 0x08, 0x63, 0x08, 0x63, 0x08, 0x63, 0x08, 0x63, 0x08, 0x63, 0x08, 0x63, 0x08, 0x63, 0x08, 0x05, 0x19, 0x63, 0x08, 0x63, 0x08, 0x63, 0x08, 0x63, 0x08, 0x63, 0x08, 0x63, 0x08, 0x63, 0x08,
  0x26, 0x19, 0x63, 0x08, 0x63, 0x08, 0x63, 0x08, 0x63, 0x08, 0x63, 0x08, 0x63, 0x08, 0x63, 0x08, 0x41, 0x28, 0x00, 0x20, 0xd0, 0xb4, 0x95, 0xf6, 0x33, 0xe6, 0xf7, 0xf6, 0x38, 0xff, 0xec, 0x9b,
  0x4e, 0xac, 0xf0, 0xbc, 0x29, 0x8b, 0x2a, 0x8b, 0x6e, 0xb4, 0x13, 0xe6, 0xfd, 0xff, 0xba, 0xff, 0xd1, 0xe5, 0x70, 0xdd, 0x0f, 0xcd, 0xce, 0xcc, 0x4d, 0xb4, 0xa9, 0x82, 0x24, 0x59, 0x82, 0x48,
  0x20, 0x38, 0x06, 0x72, 0x2a, 0x8b, 0xf0, 0xb4, 0x99, 0xff, 0xf7, 0xf6, 0x18, 0xff, 0x18, 0xff, 0x18, 0xff, 0x58, 0xff, 0x99, 0xff, 0x99, 0xff, 0x79, 0xff, 0x79, 0xff, 0x58, 0xff, 0x79, 0xff,
  0x79, 0xff, 0xba, 0xff, 0x79, 0xff, 0x38, 0xff, 0xd7, 0xf6, 0x14, 0xde, 0x72, 0xcd, 0x4e, 0xac, 0xcd, 0x9b, 0x6f, 0xb4, 0x51, 0xc5, 0xf4, 0xdd, 0xb6, 0xee, 0x99, 0xff, 0xda, 0xff, 0xfb, 0xff,
  0xda, 0xff, 0x38, 0xff, 0x17, 0xff, 0xf7, 0xfe, 0x38, 0xff, 0x79, 0xff, 0x99, 0xff, 0x99, 0xff, 0x18, 0xff, 0x18, 0xff, 0x18, 0xff, 0x17, 0xff, 0x99, 0xff, 0x8f, 0xac, 0xcc, 0x9b, 0x55, 0xe6,
  0x14, 0xe6, 0xd3, 0xd5, 0x4a, 0x93, 0x47, 0x72, 0x14, 0xe6, 0xc9, 0x82, 0x6b, 0x9b, 0xa8, 0x7a, 0x67, 0x6a, 0x2a, 0x93, 0x04, 0x51, 0x41, 0x38, 0x00, 0x20, 0x6b, 0x93, 0x17, 0xef, 0xa9, 0x7a,
  0x6b, 0x93, 0xcc, 0x9b, 0xd6, 0xf6, 0x34, 0xe6, 0xd1, 0xdd, 0x74, 0xee, 0x47, 0x6a, 0x00, 0x20, 0xa7, 0x49, 0x63, 0x08, 0x63, 0x08, 0x63, 0x08, 0x63, 0x08, 0x63, 0x08, 0x27, 0x19, 0x63, 0x08,
  0x63, 0x08, 0x63, 0x08, 0x63, 0x08, 0x63, 0x08, 0x63, 0x08, 0x63, 0x08, 0x63, 0x08, 0x63, 0x08, 0x63, 0x08, 0x63, 0x08, 0x63, 0x08, 0x63, 0x08, 0x63, 0x08, 0x63, 0x08, 0x47, 0x19, 0x63, 0x08,
  0x84, 0x10, 0x63, 0x08, 0x63, 0x08, 0x63, 0x08, 0x63, 0x08, 0x63, 0x08, 0x63, 0x08, 0x63, 0x08, 0x63, 0x08, 0x63, 0x08, 0x47, 0x19, 0x63, 0x08, 0x63, 0x08, 0x63, 0x08, 0x63, 0x08, 0x63, 0x08,
  0x63, 0x08, 0x63, 0x08, 0x63, 0x08, 0x63, 0x08, 0x63, 0x08, 0x63, 0x08, 0x63, 0x08, 0x63, 0x08, 0x63, 0x08, 0x63, 0x08, 0x63, 0x08, 0x63, 0x08, 0x63, 0x08, 0x63, 0x08, 0x63, 0x08, 0x63, 0x08,
  0x84, 0x10, 0x63, 0x08, 0x63, 0x08, 0x63, 0x08, 0x63, 0x08, 0x63, 0x08, 0x63, 0x08, 0x63, 0x08, 0x63, 0x08, 0x63, 0x08, 0x63, 0x08, 0x63, 0x08, 0x63, 0x08, 0x63, 0x08, 0x63, 0x08, 0x63, 0x08,
  0x63, 0x08, 0x63, 0x08, 0x63, 0x08, 0x63, 0x08, 0x63, 0x08, 0x63, 0x08, 0x63, 0x08, 0x63, 0x08, 0x63, 0x08, 0x63, 0x08, 0x63, 0x08, 0x63, 0x08, 0x63, 0x08, 0x47, 0x19, 0x63, 0x08, 0x63, 0x08,
  0x68, 0x19, 0x63, 0x08, 0x63, 0x08, 0x63, 0x08, 0x63, 0x08, 0x63, 0x08, 0x63, 0x08, 0x63, 0x08, 0x63, 0x08, 0x63, 0x08, 0x63, 0x08, 0x63, 0x08, 0x27, 0x19, 0x63, 0x08, 0x63, 0x08, 0x63, 0x08,
  0x63, 0x08, 0x63, 0x08, 0x63, 0x08, 0x63, 0x08, 0x63, 0x08, 0x63, 0x08, 0x63, 0x08, 0x63, 0x08, 0x63, 0x08, 0x63, 0x08, 0x63, 0x08, 0x27, 0x19, 0x63, 0x08, 0x63, 0x08, 0x63, 0x08, 0x63, 0x08,
  0x84, 0x10, 0x63, 0x08, 0x63, 0x08, 0x63, 0x08, 0x63, 0x08, 0x63, 0x08, 0x63, 0x08, 0x63, 0x08, 0x63, 0x08, 0x63, 0x08, 0x63, 0x08, 0x63, 0x08, 0x63, 0x08, 0x63, 0x08, 0x63, 0x08, 0x63, 0x08,
  0x63, 0x08, 0x63, 0x08, 0x63, 0x08, 0x63, 0x08, 0x26, 0x19, 0x63, 0x08, 0x63, 0x08, 0x63, 0x08, 0x63, 0x08, 0x63, 0x08, 0x63, 0x08, 0x63, 0x08, 0x63, 0x08, 0x63, 0x08, 0x63, 0x08, 0x63, 0x08,
  0x84, 0x10, 0x63, 0x08, 0x63, 0x08, 0x26, 0x19, 0x63, 0x08, 0x63, 0x08, 0x63, 0x08, 0x63, 0x08, 0x06, 0x19, 0x63, 0x08, 0x63, 0x08, 0x26, 0x19, 0x63, 0x08, 0x63, 0x08, 0x63, 0x08, 0x63, 0x08,
  0x63, 0x08, 0x63, 0x08, 0x63, 0x08, 0x63, 0x08, 0x63, 0x08, 0x63, 0x08, 0x63, 0x08, 0x63, 0x08, 0x63, 0x08, 0x63, 0x08, 0x63, 0x08, 0x63, 0x08, 0x63, 0x08, 0x63, 0x08, 0x63, 0x08, 0x63, 0x08,
  0x84, 0x10, 0x63, 0x08, 0x63, 0x08, 0x63, 0x08, 0x63, 0x08, 0x63, 0x08, 0x06, 0x19, 0x63, 0x08, 0x63, 0x08, 0x63, 0x08, 0x63, 0x08, 0x63, 0x08, 0x63, 0x08, 0x63, 0x08, 0x63, 0x08, 0x63, 0x08,
  0x63, 0x08, 0x63, 0x08, 0x63, 0x08, 0x63, 0x08, 0x63, 0x08, 0x63, 0x08, 0x63, 0x08, 0x63, 0x08, 0x05, 0x19, 0x63, 0x08, 0x63, 0x08, 0x63, 0x08, 0x63, 0x08, 0x63, 0x08, 0x63, 0x08, 0x63, 0x08,
  0x26, 0x19, 0x63, 0x08, 0x63, 0x08, 0x63, 0x08, 0x63, 0x08, 0x63, 0x08, 0x63, 0x08, 0x63, 0x08, 0x41, 0x28, 0x00, 0x20, 0xd0, 0xb4, 0x95, 0xf6, 0x33, 0xe6, 0xd7, 0xf6, 0x38, 0xff, 0x0d, 0xa4,
  0x4d, 0xac, 0xcf, 0xac, 0x09, 0x83, 0x2a, 0x8b, 0x4e, 0xac, 0x13, 0xde, 0xdc, 0xff, 0x7a, 0xff, 0xd1, 0xdd, 0x30, 0xcd, 0xcf, 0xc4, 0x8e, 0xbc, 0x0c, 0xac, 0xc9, 0x82, 0x84, 0x69, 0x82, 0x48,
  0x40, 0x38, 0x06, 0x72, 0x09, 0x83, 0xf1, 0xb4, 0x99, 0xff, 0x17, 0xff, 0x18, 0xff, 0x18, 0xff, 0x58, 0xff, 0x55, 0xde, 0xf0, 0xb4, 0x31, 0xc5, 0x31, 0xc5, 0x51, 0xc5, 0xb3, 0xcd, 0xb6, 0xee,
  0x79, 0xff, 0xf7, 0xf6, 0x18, 0xff, 0xb6, 0xee, 0x34, 0xde, 0x75, 0xe6, 0x75, 0xee, 0x96, 0xee, 0xd6, 0xf6, 0x79, 0xff, 0xfa, 0xff, 0x58, 0xff, 0x17, 0xff, 0xf4, 0xdd, 0xf3, 0xd5, 0x92, 0xcd,
  0xd3, 0xd5, 0x58, 0xff, 0x18, 0xff, 0x38, 0xff, 0x35, 0xe6, 0x72, 0xc5, 0x31, 0xbd, 0xf0, 0xbc, 0x38, 0xff, 0x18, 0xff, 0x18, 0xff, 0x17, 0xff, 0x79, 0xff, 0x4b, 0x8b, 0x8f, 0xac, 0x34, 0xde,
  0x55, 0xee, 0xd3, 0xdd, 0x67, 0x7a, 0xcd, 0xa3, 0xaf, 0xbc, 0x26, 0x72, 0x88, 0x82, 0xc8, 0x82, 0x6b, 0x93, 0x48, 0x72, 0xc6, 0x61, 0x24, 0x49, 0x27, 0x6a, 0x58, 0xff, 0x99, 0xff, 0x0d, 0xa4,
  0x68, 0x72, 0x6e, 0xb4, 0xf6, 0xf6, 0x54, 0xe6, 0xd1, 0xdd, 0x74, 0xf6, 0x47, 0x72, 0x00, 0x20, 0xa7, 0x49, 0x63, 0x08, 0x63, 0x08, 0x63, 0x08, 0x63, 0x08, 0x63, 0x08, 0x27, 0x19, 0x63, 0x08,
  0x63, 0x08, 0x63, 0x08, 0x63, 0x08, 0x63, 0x08, 0x63, 0x08, 0x63, 0x08, 0x63, 0x08, 0x63, 0x08, 0x63, 0x08, 0x63, 0x08, 0x63, 0x08, 0x63, 0x08, 0x63, 0x08, 0x63, 0x08, 0x47, 0x19, 0x63, 0x08,
  0x84, 0x10, 0x63, 0x08, 0x63, 0x08, 0x63, 0x08, 0x63, 0x08, 0x63, 0x08, 0x63, 0x08, 0x63, 0x08, 0x63, 0x08, 0x63, 0x08, 0x47, 0x19, 0x63, 0x08, 0x63, 0x08, 0x63, 0x08, 0x63, 0x08, 0x63, 0x08,
  0x63, 0x08, 0x63, 0x08, 0x63, 0x08, 0x63, 0x08, 0x63, 0x08, 0x63, 0x08, 0x63, 0x08, 0x63, 0x08, 0x63, 0x08, 0x63, 0x08, 0x63, 0x08, 0x63, 0x08, 0x63, 0x08, 0x63, 0x08, 0x63, 0x08, 0x63, 0x08,
  0x84, 0x10, 0x63, 0x08, 0x63, 0x08, 0x63, 0x08, 0x63, 0x08, 0x63, 0x08, 0x63, 0x08, 0x63, 0x08, 0x63, 0x08, 0x63, 0x08, 0x63, 0x08, 0x63, 0x08, 0x63, 0x08, 0x63, 0x08, 0x63, 0x08, 0x63, 0x08,
  0x63, 0x08, 0x63, 0x08, 0x63, 0x08, 0x63, 0x08, 0x63, 0x08, 0x63, 0x08, 0x63, 0x08, 0x63, 0x08, 0x63, 0x08, 0x63, 0x08, 0x63, 0x08, 0x63, 0x08, 0x63, 0x08, 0x47, 0x19, 0x63, 0x08, 0x63, 0x08,
  0x68, 0x19, 0x63, 0x08, 0x63, 0x08, 0x63, 0x08, 0x63, 0x08, 0x63, 0x08, 0x63, 0x08, 0x63, 0x08, 0x63, 0x08, 0x63, 0x08, 0x63, 0x08, 0x63, 0x08, 0x27, 0x19, 0x63, 0x08, 0x63, 0x08, 0x63, 0x08,
  0x63, 0x08, 0x63, 0x08, 0x63, 0x08, 0x63, 0x08, 0x63, 0x08, 0x63, 0x08, 0x63, 0x08, 0x63, 0x08, 0x63, 0x08, 0x63, 0x08, 0x63, 0x08, 0x27, 0x19, 0x63, 0x08, 0x63, 0x08, 0x63, 0x08, 0x63, 0x08,
  0x84, 0x10, 0x63, 0x08, 0x63, 0x08, 0x63, 0x08, 0x63, 0x08, 0x63, 0x08, 0x63, 0x08, 0x63, 0x08, 0x63, 0x08, 0x63, 0x08, 0x63, 0x08, 0x63, 0x08, 0x63, 0x08, 0x63, 0x08, 0x63, 0x08, 0x63, 0x08,
  0x63, 0x08, 0x63, 0x08, 0x63, 0x08, 0x63, 0x08, 0x26, 0x19, 0x63, 0x08, 0x63, 0x08, 0x63, 0x08, 0x63, 0x08, 0x63, 0x08, 0x63, 0x08, 0x63, 0x08, 0x63, 0x08, 0x63, 0x08, 0x63, 0x08, 0x63, 0x08,
  0x84, 0x10, 0x63, 0x08, 0x63, 0x08, 0x26, 0x19, 0x63, 0x08, 0x63, 0x08, 0x63, 0x08, 0x63, 0x08, 0x06, 0x19, 0x63, 0x08, 0x63, 0x08, 0x26, 0x19, 0x63, 0x08, 0x63, 0x08, 0x63, 0x08, 0x63, 0x08,
  0x63, 0x08, 0x63, 0x08, 0x63, 0x08, 0x63, 0x08, 0x63, 0x08, 0x63, 0x08, 0x63, 0x08, 0x63, 0x08, 0x63, 0x08, 0x63, 0x08, 0x63, 0x08, 0x63, 0x08, 0x63, 0x08, 0x63, 0x08, 0x63, 0x08, 0x63, 0x08,
  0x84, 0x10, 0x63, 0x08, 0x63, 0x08, 0x63, 0x08, 0x63, 0x08, 0x63, 0x08, 0x06, 0x19, 0x63, 0x08, 0x63, 0x08, 0x63, 0x08, 0x63, 0x08, 0x63, 0x08, 0x63, 0x08, 0x63, 0x08, 0x63, 0x08, 0x63, 0x08,
  0x63, 0x08, 0x63, 0x08, 0x63, 0x08, 0x63, 0x08, 0x63, 0x08, 0x63, 0x08, 0x63, 0x08, 0x63, 0x08, 0x05, 0x19, 0x63, 0x08, 0x63, 0x08, 0x63, 0x08, 0x63, 0x08, 0x63, 0x08, 0x63, 0x08, 0x63, 0x08,
  0x26, 0x19, 0x63, 0x08, 0x63, 0x08, 0x63, 0x08, 0x63, 0x08, 0x63, 0x08, 0x63, 0x08, 0x63, 0x08, 0x41, 0x28, 0x00, 0x20, 0xd0, 0xb4, 0x94, 0xf6, 0x13, 0xe6, 0xd6, 0xf6, 0x58, 0xff, 0xec, 0x9b,
  0x2d, 0xac, 0xcf, 0xac, 0x09, 0x8b, 0x6a, 0x93, 0x4d, 0xac, 0x13, 0xe6, 0xfc, 0xff, 0x9a, 0xff, 0xd1, 0xe5, 0x50, 0xcd, 0x0f, 0xcd, 0xee, 0xc4, 0x4d, 0xb4, 0xe9, 0x8a, 0x64, 0x61, 0x81, 0x48,
  0x41, 0x40, 0xe6, 0x71, 0x09, 0x83, 0x11, 0xb5, 0x99, 0xff, 0x17, 0xff, 0x18, 0xff, 0x18, 0xff, 0x58, 0xff, 0x34, 0xde, 0x00, 0x28, 0x00, 0x28, 0x00, 0x28, 0x00, 0x20, 0x00, 0x28, 0xc2, 0x38,
  0x2e, 0xa4, 0x79, 0xff, 0x58, 0xff, 0xf4, 0xd5, 0x41, 0x30, 0x00, 0x30, 0x00, 0x30, 0x00, 0x28, 0x20, 0x30, 0xe3, 0x40, 0x2e, 0xa4, 0x79, 0xff, 0xd7, 0xee, 0x03, 0x49, 0x00, 0x28, 0x00, 0x28,
  0xe3, 0x48, 0xd3, 0xd5, 0x17, 0xff, 0x99, 0xff, 0x68, 0x72, 0x00, 0x20, 0x00, 0x28, 0xe3, 0x48, 0xf1, 0xbc, 0x58, 0xff, 0x18, 0xff, 0x38, 0xff, 0xb6, 0xee, 0xa9, 0x7a, 0xaf, 0xb4, 0x14, 0xde,
  0x76, 0xee, 0x51, 0xcd, 0xe6, 0x69, 0xd0, 0xc4, 0x87, 0x7a, 0x84, 0x61, 0x6b, 0x93, 0xed, 0xa3, 0x4b, 0x8b, 0x0b, 0x83, 0x69, 0x72, 0x04, 0x49, 0xf4, 0xdd, 0x38, 0xff, 0x59, 0xff, 0x0d, 0xa4,
  0xa6, 0x61, 0x31, 0xc5, 0xd6, 0xf6, 0x34, 0xe6, 0xd1, 0xdd, 0x94, 0xf6, 0x48, 0x72, 0x00, 0x20, 0xc7, 0x49, 0x63, 0x08, 0x63, 0x08, 0x63, 0x08, 0x63, 0x08, 0x63, 0x08, 0x27, 0x19, 0x63, 0x08,
  0x63, 0x08, 0x63, 0x08, 0x63, 0x08, 0x63, 0x08, 0x63, 0x08, 0x63, 0x08, 0x63, 0x08, 0x63, 0x08, 0x63, 0x08, 0x63, 0x08, 0x63, 0x08, 0x63, 0x08, 0x63, 0x08, 0x63, 0x08, 0x47, 0x19, 0x63, 0x08,
  0x84, 0x10, 0x63, 0x08, 0x63, 0x08, 0x63, 0x08, 0x63, 0x08, 0x63, 0x08, 0x63, 0x08, 0x63, 0x08, 0x63, 0x08, 0x63, 0x08, 0x47, 0x19, 0x63, 0x08, 0x63, 0x08, 0x63, 0x08, 0x63, 0x08, 0x63, 0x08,
  0x63, 0x08, 0x63, 0x08, 0x63, 0x08, 0x63, 0x08, 0x63, 0x08, 0x63, 0x08, 0x63, 0x08, 0x63, 0x08, 0x63, 0x08, 0x63, 0x08, 0x63, 0x08, 0x63, 0x08, 0x63, 0x08, 0x63, 0x08, 0x63, 0x08, 0x63, 0x08,
  0x84, 0x10, 0x63, 0x08, 0x63, 0x08, 0x63, 0x08, 0x63, 0x08, 0x63, 0x08, 0x63, 0x08, 0x63, 0x08, 0x63, 0x08, 0x63, 0x08, 0x63, 0x08, 0x63, 0x08, 0x63, 0x08, 0x63, 0x08, 0x63, 0x08, 0x63, 0x08,
  0x63, 0x08, 0x63, 0x08, 0x63, 0x08, 0x63, 0x08, 0x63, 0x08, 0x63, 0x08, 0x63, 0x08, 0x63, 0x08, 0x63, 0x08, 0x63, 0x08, 0x63, 0x08, 0x63, 0x08, 0x63, 0x08, 0x47, 0x19, 0x63, 0x08, 0x63, 0x08,
  0x68, 0x19, 0x63, 0x08, 0x63, 0x08, 0x63, 0x08, 0x63, 0x08, 0x63, 0x08, 0x63, 0x08, 0x63, 0x08, 0x63, 0x08, 0x63, 0x08, 0x63, 0x08, 0x63, 0x08, 0x27, 0x19, 0x63, 0x08, 0x63, 0x08, 0x63, 0x08,
  0x63, 0x08, 0x63, 0x08, 0x63, 0x08, 0x63, 0x08, 0x63, 0x08, 0x63, 0x08, 0x63, 0x08, 0x63, 0x08, 0x63, 0x08, 0x63, 0x08, 0x63, 0x08, 0x27, 0x19, 0x63, 0x08, 0x63, 0x08, 0x63, 0x08, 0x63, 0x08,
  0x84, 0x10, 0x63, 0x08, 0x63, 0x08, 0x63, 0x08, 0x63, 0x08, 0x63, 0x08, 0x63, 0x08, 0x63, 0x08, 0x63, 0x08, 0x63, 0x08, 0x63, 0x08, 0x63, 0x08, 0x63, 0x08, 0x63, 0x08, 0x63, 0x08, 0x63, 0x08,
  0x63, 0x08, 0x63, 0x08, 0x63, 0x08, 0x63, 0x08, 0x26, 0x19, 0x63, 0x08, 0x63, 0x08, 0x63, 0x08, 0x63, 0x08, 0x63, 0x08, 0x63, 0x08, 0x63, 0x08, 0x63, 0x08, 0x63, 0x08, 0x63, 0x08, 0x63, 0x08,
  0x84, 0x10, 0x63, 0x08, 0x63, 0x08, 0x26, 0x19, 0x63, 0x08, 0x63, 0x08, 0x63, 0x08, 0x63, 0x08, 0x06, 0x19, 0x63, 0x08, 0x63, 0x08, 0x26, 0x19, 0x63, 0x08, 0x63, 0x08, 0x63, 0x08, 0x63, 0x08,
  0x63, 0x08, 0x63, 0x08, 0x63, 0x08, 0x63, 0x08, 0x63, 0x08, 0x63, 0x08, 0x63, 0x08, 0x63, 0x08, 0x63, 0x08, 0x63, 0x08, 0x63, 0x08, 0x63, 0x08, 0x63, 0x08, 0x63, 0x08, 0x63, 0x08, 0x63, 0x08,
  0x84, 0x10, 0x63, 0x08, 0x63, 0x08, 0x63, 0x08, 0x63, 0x08, 0x63, 0x08, 0x06, 0x19, 0x63, 0x08, 0x63, 0x08, 0x63, 0x08, 0x63, 0x08, 0x63, 0x08, 0x63, 0x08, 0x63, 0x08, 0x63, 0x08, 0x63, 0x08,
  0x63, 0x08, 0x63, 0x08, 0x63, 0x08, 0x63, 0x08, 0x63, 0x08, 0x63, 0x08, 0x63, 0x08, 0x63, 0x08, 0x05, 0x19, 0x63, 0x08, 0x63, 0x08, 0x63, 0x08, 0x63, 0x08, 0x63, 0x08, 0x63, 0x08, 0x63, 0x08,
  0x26, 0x19, 0x63, 0x08, 0x63, 0x08, 0x63, 0x08, 0x63, 0x08, 0x63, 0x08, 0x63, 0x08, 0x63, 0x08, 0x41, 0x28, 0x00, 0x20, 0xd0, 0xb4, 0x94, 0xf6, 0x13, 0xe6, 0xb5, 0xee, 0x38, 0xff, 0xcc, 0x9b,
  0x2d, 0xac, 0xd0, 0xb4, 0xe8, 0x82, 0x09, 0x83, 0xae, 0xb4, 0x34, 0xe6, 0xfc, 0xff, 0x9a, 0xff, 0xf1, 0xe5, 0x50, 0xcd, 0x0f, 0xc5, 0xce, 0xc4, 0x6d, 0xb4, 0xe9, 0x8a, 0x44, 0x59, 0x61, 0x48,
  0x41, 0x40, 0xc5, 0x69, 0xe9, 0x8a, 0xf1, 0xb4, 0x99, 0xff, 0x17, 0xff, 0x38, 0xff, 0x38, 0xff, 0x17, 0xff, 0xb9, 0xff, 0xc6, 0x61, 0x00, 0x28, 0x82, 0x40, 0x24, 0x51, 0x00, 0x30, 0x00, 0x28,
  0x00, 0x20, 0x8f, 0xb4, 0x58, 0xff, 0x99, 0xff, 0xc6, 0x61, 0x00, 0x28, 0x40, 0x38, 0xc2, 0x48, 0x00, 0x30, 0x00, 0x28, 0x00, 0x20, 0x8f, 0xac, 0xfb, 0xff, 0x8c, 0x93, 0x00, 0x20, 0x00, 0x30,
  0x40, 0x30, 0x4e, 0xa4, 0x58, 0xff, 0xd6, 0xf6, 0xc2, 0x40, 0x00, 0x30, 0x00, 0x30, 0x28, 0x6a, 0x72, 0xcd, 0x79, 0xff, 0xf7, 0xfe, 0x59, 0xff, 0xf4, 0xdd, 0x48, 0x72, 0x4e, 0xac, 0xb3, 0xd5,
  0xd3, 0xdd, 0xcc, 0xa3, 0x88, 0x7a, 0xcc, 0xa3, 0x23, 0x51, 0x2a, 0x8b, 0x6e, 0xb4, 0x8f, 0xb4, 0xcd, 0x9b, 0x2a, 0x83, 0xe7, 0x61, 0x4b, 0x8b, 0x79, 0xff, 0xd7, 0xf6, 0x79, 0xff, 0x8f, 0xb4,
  0x24, 0x51, 0xf3, 0xdd, 0x95, 0xf6, 0x54, 0xe6, 0xf2, 0xdd, 0x95, 0xf6, 0x47, 0x6a, 0x00, 0x20, 0xc7, 0x49, 0x63, 0x08, 0x63, 0x08, 0x63, 0x08, 0x63, 0x08, 0x63, 0x08, 0x27, 0x19, 0x63, 0x08,
  0x63, 0x08, 0x63, 0x08, 0x63, 0x08, 0x63, 0x08, 0x63, 0x08, 0x63, 0x08, 0x63, 0x08, 0x63, 0x08, 0x63, 0x08, 0x63, 0x08, 0x63, 0x08, 0x63, 0x08, 0x63, 0x08, 0x63, 0x08, 0x47, 0x19, 0x63, 0x08,
  0x84, 0x10, 0x63, 0x08, 0x63, 0x08, 0x63, 0x08, 0x63, 0x08, 0x63, 0x08, 0x63, 0x08, 0x63, 0x08, 0x63, 0x08, 0x63, 0x08, 0x47, 0x19, 0x63, 0x08, 0x63, 0x08, 0x63, 0x08, 0x63, 0x08, 0x63, 0x08,
  0x63, 0x08, 0x63, 0x08, 0x63, 0x08, 0x63, 0x08, 0x63, 0x08, 0x63, 0x08, 0x63, 0x08, 0x63, 0x08, 0x63, 0x08, 0x63, 0x08, 0x63, 0x08, 0x63, 0x08, 0x63, 0x08, 0x63, 0x08, 0x63, 0x08, 0x63, 0x08,
  0x84, 0x10, 0x63, 0x08, 0x63, 0x08, 0x63, 0x08, 0x63, 0x08, 0x63, 0x08, 0x63, 0x08, 0x63, 0x08, 0x63, 0x08, 0x63, 0x08, 0x63, 0x08, 0x63, 0x08, 0x63, 0x08, 0x63, 0x08, 0x63, 0x08, 0x63, 0x08,
  0x63, 0x08, 0x63, 0x08, 0x63, 0x08, 0x63, 0x08, 0x63, 0x08, 0x63, 0x08, 0x63, 0x08, 0x63, 0x08, 0x63, 0x08, 0x63, 0x08, 0x63, 0x08, 0x63, 0x08, 0x63, 0x08, 0x47, 0x19, 0x63, 0x08, 0x63, 0x08,
  0x68, 0x19, 0x63, 0x08, 0x63, 0x08, 0x63, 0x08, 0x63, 0x08, 0x63, 0x08, 0x63, 0x08, 0x63, 0x08, 0x63, 0x08, 0x63, 0x08, 0x63, 0x08, 0x63, 0x08, 0x27, 0x19, 0x63, 0x08, 0x63, 0x08, 0x63, 0x08,
  0x63, 0x08, 0x63, 0x08, 0x63, 0x08, 0x63, 0x08, 0x63, 0x08, 0x63, 0x08, 0x63, 0x08, 0x63, 0x08, 0x63, 0x08, 0x63, 0x08, 0x63, 0x08, 0x27, 0x19, 0x63, 0x08, 0x63, 0x08, 0x63, 0x08, 0x63, 0x08,
  0x84, 0x10, 0x63, 0x08, 0x63, 0x08, 0x63, 0x08, 0x63, 0x08, 0x63, 0x08, 0x63, 0x08, 0x63, 0x08, 0x63, 0x08, 0x63, 0x08, 0x63, 0x08, 0x63, 0x08, 0x63, 0x08, 0x63, 0x08, 0x63, 0x08, 0x63, 0x08,
  0x63, 0x08, 0x63, 0x08, 0x63, 0x08, 0x63, 0x08, 0x26, 0x19, 0x63, 0x08, 0x63, 0x08, 0x63, 0x08, 0x63, 0x08, 0x63, 0x08, 0x63, 0x08, 0x63, 0x08, 0x63, 0x08, 0x63, 0x08, 0x63, 0x08, 0x63, 0x08,
  0x84, 0x10, 0x63, 0x08, 0x63, 0x08, 0x26, 0x19, 0x63, 0x08, 0x63, 0x08, 0x63, 0x08, 0x63, 0x08, 0x06, 0x19, 0x63, 0x08, 0x63, 0x08, 0x26, 0x19, 0x63, 0x08, 0x63, 0x08, 0x63, 0x08, 0x63, 0x08,
  0x63, 0x08, 0x63, 0x08, 0x63, 0x08, 0x63, 0x08, 0x63, 0x08, 0x63, 0x08, 0x63, 0x08, 0x63, 0x08, 0x63, 0x08, 0x63, 0x08, 0x63, 0x08, 0x63, 0x08, 0x63, 0x08, 0x63, 0x08, 0x63, 0x08, 0x63, 0x08,
  0x84, 0x10, 0x63, 0x08, 0x63, 0x08, 0x63, 0x08, 0x63, 0x08, 0x63, 0x08, 0x06, 0x19, 0x63, 0x08, 0x63, 0x08, 0x63, 0x08, 0x63, 0x08, 0x63, 0x08, 0x63, 0x08, 0x63, 0x08, 0x63, 0x08, 0x63, 0x08,
  0x63, 0x08, 0x63, 0x08, 0x63, 0x08, 0x63, 0x08, 0x63, 0x08, 0x63, 0x08, 0x63, 0x08, 0x63, 0x08, 0x05, 0x19, 0x63, 0x08, 0x63, 0x08, 0x63, 0x08, 0x63, 0x08, 0x63, 0x08, 0x63, 0x08, 0x63, 0x08,
  0x26, 0x19, 0x63, 0x08, 0x63, 0x08, 0x63, 0x08, 0x63, 0x08, 0x63, 0x08, 0x63, 0x08, 0x63, 0x08, 0x41, 0x28, 0x00, 0x20, 0xd0, 0xb4, 0x74, 0xf6, 0x13, 0xe6, 0xb6, 0xf6, 0x38, 0xff, 0xcc, 0x93,
  0x2d, 0xac, 0xd0, 0xb4, 0x08, 0x83, 0x49, 0x8b, 0xae, 0xb4, 0x54, 0xe6, 0xfc, 0xff, 0x9a, 0xff, 0x12, 0xee, 0x91, 0xd5, 0x2f, 0xcd, 0xce, 0xc4, 0x6d, 0xb4, 0x0a, 0x93, 0x23, 0x51, 0xa2, 0x50,
  0x61, 0x48, 0xe6, 0x69, 0x2a, 0x93, 0xd0, 0xb4, 0x99, 0xff, 0x17, 0xff, 0x38, 0xff, 0x38, 0xff, 0x17, 0xff, 0x79, 0xff, 0xe6, 0x61, 0x00, 0x18, 0xc6, 0x59, 0x2f, 0xa4, 0x0e, 0xa4, 0x81, 0x38,
  0x00, 0x28, 0x44, 0x51, 0x55, 0xe6, 0xb9, 0xff, 0x27, 0x6a, 0x00, 0x18, 0x64, 0x59, 0x0d, 0x9c, 0x4a, 0x8b, 0x61, 0x38, 0x00, 0x28, 0x44, 0x51, 0xf7, 0xf6, 0x0d, 0x9c, 0x00, 0x18, 0x20, 0x30,
  0x00, 0x28, 0xc9, 0x7a, 0x58, 0xff, 0x31, 0xc5, 0x00, 0x20, 0x20, 0x30, 0x00, 0x28, 0x27, 0x6a, 0x76, 0xe6, 0x58, 0xff, 0xf7, 0xfe, 0x79, 0xff, 0xb3, 0xcd, 0x27, 0x6a, 0xec, 0xa3, 0x11, 0xc5,
  0xcf, 0xbc, 0xc8, 0x82, 0x88, 0x82, 0xc5, 0x61, 0x09, 0x83, 0x31, 0xcd, 0xf0, 0xbc, 0x6f, 0xb4, 0xcc, 0x9b, 0x0a, 0x83, 0xe6, 0x61, 0x76, 0xe6, 0x38, 0xff, 0xf7, 0xfe, 0x38, 0xff, 0x96, 0xee,
  0x44, 0x51, 0x92, 0xd5, 0xd6, 0xf6, 0x54, 0xe6, 0xf2, 0xe5, 0x95, 0xf6, 0x27, 0x6a, 0x00, 0x20, 0xc7, 0x49, 0x63, 0x08, 0x63, 0x08, 0x63, 0x08, 0x63, 0x08, 0x63, 0x08, 0x27, 0x19, 0x63, 0x08,
  0x63, 0x08, 0x63, 0x08, 0x63, 0x08, 0x63, 0x08, 0x63, 0x08, 0x63, 0x08, 0x63, 0x08, 0x63, 0x08, 0x63, 0x08, 0x63, 0x08, 0x63, 0x08, 0x63, 0x08, 0x63, 0x08, 0x63, 0x08, 0x47, 0x19, 0x63, 0x08,
  0x84, 0x10, 0x63, 0x08, 0x63, 0x08, 0x63, 0x08, 0x63, 0x08, 0x63, 0x08, 0x63, 0x08, 0x63, 0x08, 0x63, 0x08, 0x63, 0x08, 0x47, 0x19, 0x63, 0x08, 0x63, 0x08, 0x63, 0x08, 0x63, 0x08, 0x63, 0x08,
  0x63, 0x08, 0x63, 0x08, 0x63, 0x08, 0x63, 0x08, 0x63, 0x08, 0x63, 0x08, 0x63, 0x08, 0x63, 0x08, 0x63, 0x08, 0x63, 0x08, 0x63, 0x08, 0x63, 0x08, 0x63, 0x08, 0x63, 0x08, 0x63, 0x08, 0x63, 0x08,
  0x84, 0x10, 0x63, 0x08, 0x63, 0x08, 0x63, 0x08, 0x63, 0x08, 0x63, 0x08, 0x63, 0x08, 0x63, 0x08, 0x63, 0x08, 0x63, 0x08, 0x63, 0x08, 0x63, 0x08, 0x63, 0x08, 0x63, 0x08, 0x63, 0x08, 0x63, 0x08,
  0x63, 0x08, 0x63, 0x08, 0x63, 0x08, 0x63, 0x08, 0x63, 0x08, 0x63, 0x08, 0x63, 0x08, 0x63, 0x08, 0x63, 0x08, 0x63, 0x08, 0x63, 0x08, 0x63, 0x08, 0x63, 0x08, 0x47, 0x19, 0x63, 0x08, 0x63, 0x08,
  0x68, 0x19, 0x63, 0x08, 0x63, 0x08, 0x63, 0x08, 0x63, 0x08, 0x63, 0x08, 0x63, 0x08, 0x63, 0x08, 0x63, 0x08, 0x63, 0x08, 0x63, 0x08, 0x63, 0x08, 0x27, 0x19, 0x63, 0x08, 0x63, 0x08, 0x63, 0x08,
  0x63, 0x08, 0x63, 0x08, 0x63, 0x08, 0x63, 0x08, 0x63, 0x08, 0x63, 0x08, 0x63, 0x08, 0x63, 0x08, 0x63, 0x08, 0x63, 0x08, 0x63, 0x08, 0x27, 0x19, 0x63, 0x08, 0x63, 0x08, 0x63, 0x08, 0x63, 0x08,
  0x84, 0x10, 0x63, 0x08, 0x63, 0x08, 0x63, 0x08, 0x63, 0x08, 0x63, 0x08, 0x63, 0x08, 0x63, 0x08, 0x63, 0x08, 0x63, 0x08, 0x63, 0x08, 0x63, 0x08, 0x63, 0x08, 0x63, 0x08, 0x63, 0x08, 0x63, 0x08,
  0x63, 0x08, 0x63, 0x08, 0x63, 0x08, 0x63, 0x08, 0x26, 0x19, 0x63, 0x08, 0x63, 0x08, 0x63, 0x08, 0x63, 0x08, 0x63, 0x08, 0x63, 0x08, 0x63, 0x08, 0x63, 0x08, 0x63, 0x08, 0x63, 0x08, 0x63, 0x08,
  0x84, 0x10, 0x63, 0x08, 0x63, 0x08, 0x26, 0x19, 0x63, 0x08, 0x63, 0x08, 0x63, 0x08, 0x63, 0x08, 0x06, 0x19, 0x63, 0x08, 0x63, 0x08, 0x26, 0x19, 0x63, 0x08, 0x63, 0x08, 0x63, 0x08, 0x63, 0x08,
  0x63, 0x08, 0x63, 0x08, 0x63, 0x08, 0x63, 0x08, 0x63, 0x08, 0x63, 0x08, 0x63, 0x08, 0x63, 0x08, 0x63, 0x08, 0x63, 0x08, 0x63, 0x08, 0x63, 0x08, 0x63, 0x08, 0x63, 0x08, 0x63, 0x08, 0x63, 0x08,
  0x84, 0x10, 0x63, 0x08, 0x63, 0x08, 0x63, 0x08, 0x63, 0x08, 0x63, 0x08, 0x06, 0x19, 0x63, 0x08, 0x63, 0x08, 0x63, 0x08, 0x63, 0x08, 0x63, 0x08, 0x63, 0x08, 0x63, 0x08, 0x63, 0x08, 0x63, 0x08,
  0x63, 0x08, 0x63, 0x08, 0x63, 0x08, 0x63, 0x08, 0x63, 0x08, 0x63, 0x08, 0x63, 0x08, 0x63, 0x08, 0x05, 0x19, 0x63, 0x08, 0x63, 0x08, 0x63, 0x08, 0x63, 0x08, 0x63, 0x08, 0x63, 0x08, 0x63, 0x08,
  0x46, 0x21, 0x84, 0x10, 0x84, 0x10, 0x84, 0x10, 0x84, 0x10, 0x84, 0x10, 0x84, 0x10, 0x84, 0x10, 0x41, 0x28, 0x00, 0x20, 0xaf, 0xb4, 0x94, 0xf6, 0x13, 0xe6, 0xb6, 0xf6, 0x38, 0xff, 0xac, 0x93,
  0x2d, 0xac, 0xcf, 0xb4, 0x29, 0x8b, 0x4a, 0x93, 0x4d, 0xac, 0x13, 0xe6, 0xdc, 0xff, 0x7a, 0xff, 0x33, 0xee, 0x91, 0xdd, 0x0f, 0xcd, 0xae, 0xc4, 0x2c, 0xb4, 0xc8, 0x82, 0x44, 0x59, 0xa2, 0x50,
  0x81, 0x40, 0x27, 0x72, 0x09, 0x8b, 0xd0, 0xac, 0x99, 0xff, 0x17, 0xff, 0x38, 0xff, 0x38, 0xff, 0x17, 0xff, 0x99, 0xff, 0x06, 0x62, 0x00, 0x20, 0x44, 0x49, 0xf0, 0xbc, 0xda, 0xff, 0x24, 0x49,
  0x00, 0x28, 0x23, 0x49, 0x31, 0xbd, 0xba, 0xff, 0x27, 0x6a, 0x00, 0x20, 0x03, 0x49, 0xcf, 0xb4, 0xb9, 0xff, 0x85, 0x59, 0x00, 0x20, 0xa2, 0x40, 0xb3, 0xcd, 0x2e, 0xa4, 0x00, 0x18, 0x20, 0x30,
  0x00, 0x28, 0x03, 0x49, 0x55, 0xde, 0xc9, 0x7a, 0x00, 0x20, 0x20, 0x30, 0x00, 0x28, 0x27, 0x6a, 0x55, 0xe6, 0x58, 0xff, 0xf7, 0xfe, 0x79, 0xff, 0xb3, 0xcd, 0xe6, 0x61, 0x8b, 0x93, 0x4e, 0xac,
  0xcc, 0xa3, 0x06, 0x6a, 0xe2, 0x50, 0xa5, 0x61, 0x31, 0xcd, 0xb3, 0xd5, 0xf0, 0xbc, 0x8e, 0xb4, 0xed, 0x9b, 0xc6, 0x61, 0x4f, 0xac, 0x99, 0xff, 0xf7, 0xfe, 0x18, 0xff, 0xf7, 0xf6, 0x79, 0xff,
  0x8f, 0xb4, 0x4b, 0x93, 0xf6, 0xfe, 0x54, 0xe6, 0xf2, 0xdd, 0x94, 0xf6, 0x27, 0x6a, 0x00, 0x20, 0xe8, 0x49, 0x84, 0x10, 0x84, 0x10, 0x84, 0x10, 0x84, 0x10, 0x84, 0x10, 0x67, 0x19, 0x84, 0x10,
  0x84, 0x10, 0x84, 0x10, 0x84, 0x10, 0x84, 0x10, 0x84, 0x10, 0x84, 0x10, 0x84, 0x10, 0x84, 0x10, 0x84, 0x10, 0x84, 0x10, 0x84, 0x10, 0x84, 0x10, 0x84, 0x10, 0x84, 0x10, 0x68, 0x19, 0x84, 0x10,
  0xc4, 0x10, 0x84, 0x10, 0x84, 0x10, 0x84, 0x10, 0x84, 0x10, 0x84, 0x10, 0x84, 0x10, 0x84, 0x10, 0x84, 0x10, 0x84, 0x10, 0x68, 0x19, 0x84, 0x10, 0x84, 0x10, 0x84, 0x10, 0x84, 0x10, 0x84, 0x10,
  0x84, 0x10, 0x84, 0x10, 0x84, 0x10, 0x84, 0x10, 0x84, 0x10, 0x84, 0x10, 0x84, 0x10, 0x84, 0x10, 0x84, 0x10, 0x84, 0x10, 0x84, 0x10, 0x84, 0x10, 0x84, 0x10, 0x84, 0x10, 0x84, 0x10, 0x84, 0x10,
  0xc4, 0x10, 0x84, 0x10, 0x84, 0x10, 0x84, 0x10, 0x84, 0x10, 0x84, 0x10, 0x84, 0x10, 0x84, 0x10, 0x84, 0x10, 0x84, 0x10, 0x84, 0x10, 0x84, 0x10, 0x84, 0x10, 0x84, 0x10, 0x84, 0x10, 0x84, 0x10,
  0x84, 0x10, 0x84, 0x10, 0x84, 0x10, 0x84, 0x10, 0x84, 0x10, 0x84, 0x10, 0x84, 0x10, 0x84, 0x10, 0x84, 0x10, 0x84, 0x10, 0x84, 0x10, 0x84, 0x10, 0x84, 0x10, 0x68, 0x19, 0x84, 0x10, 0x84, 0x10,
  0x88, 0x21, 0x84, 0x10, 0x84, 0x10, 0x84, 0x10, 0x84, 0x10, 0x84, 0x10, 0x84, 0x10, 0x84, 0x10, 0x84, 0x10, 0x84, 0x10, 0x84, 0x10, 0x84, 0x10, 0x67, 0x19, 0x84, 0x10, 0x84, 0x10, 0x84, 0x10,
  0x84, 0x10, 0x84, 0x10, 0x84, 0x10, 0x84, 0x10, 0x84, 0x10, 0x84, 0x10, 0x84, 0x10, 0x84, 0x10, 0x84, 0x10, 0x84, 0x10, 0x84, 0x10, 0x67, 0x19, 0x84, 0x10, 0x84, 0x10, 0x84, 0x10, 0x84, 0x10,
  0xc4, 0x10, 0x84, 0x10, 0x84, 0x10, 0x84, 0x10, 0x84, 0x10, 0x84, 0x10, 0x84, 0x10, 0x84, 0x10, 0x84, 0x10, 0x84, 0x10, 0x84, 0x10, 0x84, 0x10, 0x84, 0x10, 0x84, 0x10, 0x84, 0x10, 0x84, 0x10,
  0x84, 0x10, 0x84, 0x10, 0x84, 0x10, 0x84, 0x10, 0x47, 0x19, 0x84, 0x10, 0x84, 0x10, 0x84, 0x10, 0x84, 0x10, 0x84, 0x10, 0x84, 0x10, 0x84, 0x10, 0x84, 0x10, 0x84, 0x10, 0x84, 0x10, 0x84, 0x10,
  0xc4, 0x10, 0x84, 0x10, 0x84, 0x10, 0x47, 0x19, 0x84, 0x10, 0x84, 0x10, 0x84, 0x10, 0x84, 0x10, 0x46, 0x19, 0x84, 0x10, 0x84, 0x10, 0x46, 0x19, 0x84, 0x10, 0x84, 0x10, 0x84, 0x10, 0x84, 0x10,
  0x84, 0x10, 0x84, 0x10, 0x84, 0x10, 0x84, 0x10, 0x84, 0x10, 0x84, 0x10, 0x84, 0x10, 0x84, 0x10, 0x84, 0x10, 0x84, 0x10, 0x84, 0x10, 0x84, 0x10, 0x84, 0x10, 0x84, 0x10, 0x84, 0x10, 0x84, 0x10,
  0xc4, 0x10, 0x84, 0x10, 0x84, 0x10, 0x84, 0x10, 0x84, 0x10, 0x84, 0x10, 0x26, 0x19, 0x84, 0x10, 0x84, 0x10, 0x84, 0x10, 0x84, 0x10, 0x84, 0x10, 0x84, 0x10, 0x84, 0x10, 0x84, 0x10, 0x84, 0x10,
  0x84, 0x10, 0x84, 0x10, 0x84, 0x10, 0x84, 0x10, 0x84, 0x10, 0x84, 0x10, 0x84, 0x10, 0x84, 0x10, 0x26, 0x19, 0x84, 0x10, 0x84, 0x10, 0x84, 0x10, 0x84, 0x10, 0x84, 0x10, 0x84, 0x10, 0x84, 0x10,
  0x26, 0x19, 0x63, 0x08, 0x63, 0x08, 0x63, 0x08, 0x63, 0x08, 0x63, 0x08, 0x63, 0x08, 0x63, 0x08, 0x41, 0x28, 0x00, 0x20, 0xaf, 0xb4, 0x94, 0xf6, 0x13, 0xe6, 0xb6, 0xf6, 0x38, 0xff, 0xab, 0x93,
  0x6e, 0xb4, 0xf0, 0xbc, 0xe8, 0x8a, 0x29, 0x8b, 0x6e, 0xb4, 0xf3, 0xdd, 0x5a, 0xff, 0x5a, 0xff, 0xf2, 0xed, 0x91, 0xdd, 0xee, 0xc4, 0x8d, 0xbc, 0x2c, 0xac, 0xc8, 0x82, 0x44, 0x59, 0x82, 0x40,
  0x61, 0x40, 0x26, 0x72, 0xe8, 0x82, 0xd0, 0xac, 0x99, 0xff, 0x17, 0xff, 0x38, 0xff, 0x38, 0xff, 0x17, 0xff, 0x99, 0xff, 0xe6, 0x61, 0x00, 0x20, 0x65, 0x51, 0x15, 0xde, 0x92, 0xcd, 0x40, 0x30,
  0x00, 0x28, 0xa5, 0x59, 0xaf, 0xb4, 0xda, 0xff, 0x27, 0x6a, 0x00, 0x20, 0x23, 0x49, 0xf3, 0xd5, 0x58, 0xff, 0xe3, 0x40, 0x00, 0x28, 0x03, 0x49, 0x93, 0xc5, 0x0d, 0xa4, 0x00, 0x18, 0x00, 0x30,
  0x00, 0x28, 0x00, 0x30, 0x6f, 0xa4, 0xc2, 0x40, 0x00, 0x28, 0x00, 0x30, 0x00, 0x28, 0x47, 0x6a, 0x75, 0xe6, 0x58, 0xff, 0x17, 0xff, 0x59, 0xff, 0x14, 0xde, 0xc6, 0x59, 0xc9, 0x7a, 0x4a, 0x8b,
  0x0a, 0x8b, 0xc2, 0x40, 0x64, 0x59, 0x31, 0xc5, 0x14, 0xe6, 0x32, 0xcd, 0xf0, 0xc4, 0x4e, 0xac, 0xc9, 0x82, 0x48, 0x72, 0x38, 0xff, 0x18, 0xff, 0x18, 0xff, 0x18, 0xff, 0x17, 0xff, 0xf7, 0xfe,
  0x17, 0xff, 0x51, 0xcd, 0x34, 0xe6, 0x54, 0xe6, 0xd1, 0xdd, 0x74, 0xf6, 0x47, 0x6a, 0x00, 0x20, 0xc7, 0x49, 0x63, 0x08, 0x63, 0x08, 0x63, 0x08, 0x63, 0x08, 0x63, 0x08, 0x27, 0x19, 0x63, 0x08,
  0x63, 0x08, 0x63, 0x08, 0x63, 0x08, 0x63, 0x08, 0x63, 0x08, 0x63, 0x08, 0x63, 0x08, 0x63, 0x08, 0x63, 0x08, 0x63, 0x08, 0x63, 0x08, 0x63, 0x08, 0x63, 0x08, 0x63, 0x08, 0x47, 0x19, 0x63, 0x08,
  0x84, 0x10, 0x63, 0x08, 0x63, 0x08, 0x63, 0x08, 0x63, 0x08, 0x63, 0x08, 0x63, 0x08, 0x63, 0x08, 0x63, 0x08, 0x63, 0x08, 0x27, 0x19, 0x63, 0x08, 0x63, 0x08, 0x63, 0x08, 0x63, 0x08, 0x63, 0x08,
  0x63, 0x08, 0x63, 0x08, 0x63, 0x08, 0x63, 0x08, 0x63, 0x08, 0x63, 0x08, 0x63, 0x08, 0x63, 0x08, 0x63, 0x08, 0x63, 0x08, 0x63, 0x08, 0x63, 0x08, 0x63, 0x08, 0x63, 0x08, 0x63, 0x08, 0x63, 0x08,
  0x84, 0x10, 0x63, 0x08, 0x63, 0x08, 0x63, 0x08, 0x63, 0x08, 0x63, 0x08, 0x63, 0x08, 0x63, 0x08, 0x63, 0x08, 0x63, 0x08, 0x63, 0x08, 0x63, 0x08, 0x63, 0x08, 0x63, 0x08, 0x63, 0x08, 0x63, 0x08,
  0x63, 0x08, 0x63, 0x08, 0x63, 0x08, 0x63, 0x08, 0x63, 0x08, 0x63, 0x08, 0x63, 0x08, 0x63, 0x08, 0x63, 0x08, 0x63, 0x08, 0x63, 0x08, 0x63, 0x08, 0x63, 0x08, 0x27, 0x19, 0x63, 0x08, 0x63, 0x08,
  0x68, 0x19, 0x63, 0x08, 0x63, 0x08, 0x63, 0x08, 0x63, 0x08, 0x63, 0x08, 0x63, 0x08, 0x63, 0x08, 0x63, 0x08, 0x63, 0x08, 0x63, 0x08, 0x63, 0x08, 0x27, 0x19, 0x63, 0x08, 0x63, 0x08, 0x63, 0x08,
  0x63, 0x08, 0x63, 0x08, 0x63, 0x08, 0x63, 0x08, 0x63, 0x08, 0x63, 0x08, 0x63, 0x08, 0x63, 0x08, 0x63, 0x08, 0x63, 0x08, 0x63, 0x08, 0x27, 0x19, 0x63, 0x08, 0x63, 0x08, 0x63, 0x08, 0x63, 0x08,
  0x84, 0x10, 0x63, 0x08, 0x63, 0x08, 0x63, 0x08, 0x63, 0x08, 0x63, 0x08, 0x63, 0x08, 0x63, 0x08, 0x63, 0x08, 0x63, 0x08, 0x63, 0x08, 0x63, 0x08, 0x63, 0x08, 0x63, 0x08, 0x63, 0x08, 0x63, 0x08,
  0x63, 0x08, 0x63, 0x08, 0x63, 0x08, 0x63, 0x08, 0x26, 0x19, 0x63, 0x08, 0x63, 0x08, 0x63, 0x08, 0x63, 0x08, 0x63, 0x08, 0x63, 0x08, 0x63, 0x08, 0x63, 0x08, 0x63, 0x08, 0x63, 0x08, 0x63, 0x08,
  0x84, 0x10, 0x63, 0x08, 0x63, 0x08, 0x26, 0x19, 0x63, 0x08, 0x63, 0x08, 0x63, 0x08, 0x63, 0x08, 0x06, 0x19, 0x63, 0x08, 0x63, 0x08, 0x06, 0x19, 0x63, 0x08, 0x63, 0x08, 0x63, 0x08, 0x63, 0x08,
  0x63, 0x08, 0x63, 0x08, 0x63, 0x08, 0x63, 0x08, 0x63, 0x08, 0x63, 0x08, 0x63, 0x08, 0x63, 0x08, 0x63, 0x08, 0x63, 0x08, 0x63, 0x08, 0x63, 0x08, 0x63, 0x08, 0x63, 0x08, 0x63, 0x08, 0x63, 0x08,
  0x84, 0x10, 0x63, 0x08, 0x63, 0x08, 0x63, 0x08, 0x63, 0x08, 0x63, 0x08, 0x05, 0x19, 0x63, 0x08, 0x63, 0x08, 0x63, 0x08, 0x63, 0x08, 0x63, 0x08, 0x63, 0x08, 0x63, 0x08, 0x63, 0x08, 0x63, 0x08,
  0x63, 0x08, 0x63, 0x08, 0x63, 0x08, 0x63, 0x08, 0x63, 0x08, 0x63, 0x08, 0x63, 0x08, 0x63, 0x08, 0x05, 0x19, 0x63, 0x08, 0x63, 0x08, 0x63, 0x08, 0x63, 0x08, 0x63, 0x08, 0x63, 0x08, 0x63, 0x08,
  0x26, 0x19, 0x63, 0x08, 0x63, 0x08, 0x63, 0x08, 0x63, 0x08, 0x63, 0x08, 0x63, 0x08, 0x63, 0x08, 0x41, 0x28, 0x00, 0x20, 0x8f, 0xac, 0x94, 0xf6, 0x33, 0xe6, 0xb6, 0xf6, 0x38, 0xff, 0xed, 0x9b,
  0x2a, 0x8b, 0x0c, 0x9c, 0x08, 0x8b, 0xc8, 0x82, 0x4d, 0xb4, 0x13, 0xde, 0x7a, 0xff, 0x5a, 0xff, 0xf2, 0xed, 0x91, 0xdd, 0x2f, 0xcd, 0xce, 0xc4, 0x6d, 0xbc, 0xe9, 0x8a, 0x23, 0x51, 0xa2, 0x48,
  0x82, 0x40, 0xe6, 0x61, 0x0a, 0x8b, 0xb0, 0xac, 0x99, 0xff, 0xf7, 0xf6, 0x18, 0xff, 0x18, 0xff, 0x38, 0xff, 0x38, 0xff, 0x24, 0x49, 0x00, 0x28, 0x82, 0x38, 0xc6, 0x59, 0x40, 0x30, 0x00, 0x28,
  0x81, 0x40, 0x88, 0x72, 0x52, 0xc5, 0xba, 0xff, 0x85, 0x59, 0x00, 0x20, 0xc2, 0x40, 0x6b, 0x8b, 0xa5, 0x59, 0x00, 0x28, 0x00, 0x28, 0x27, 0x6a, 0x93, 0xcd, 0x8c, 0x93, 0x00, 0x18, 0x81, 0x38,
  0xa2, 0x40, 0x00, 0x28, 0x03, 0x49, 0x00, 0x28, 0xa2, 0x40, 0x61, 0x38, 0x00, 0x28, 0x47, 0x6a, 0x55, 0xde, 0x59, 0xff, 0x18, 0xff, 0x38, 0xff, 0xd7, 0xf6, 0xe7, 0x61, 0xe6, 0x61, 0xa8, 0x7a,
  0xa5, 0x59, 0x85, 0x59, 0xf0, 0xc4, 0xb3, 0xd5, 0x93, 0xd5, 0x4e, 0xb4, 0xcc, 0x9b, 0xea, 0x82, 0x85, 0x61, 0x15, 0xde, 0x79, 0xff, 0x17, 0xff, 0x18, 0xff, 0x18, 0xff, 0xf7, 0xfe, 0xf7, 0xf6,
  0xb6, 0xf6, 0xb6, 0xf6, 0x54, 0xee, 0x33, 0xe6, 0xd2, 0xdd, 0x74, 0xf6, 0x48, 0x72, 0x00, 0x20, 0xc7, 0x49, 0x63, 0x08, 0x63, 0x08, 0x63, 0x08, 0x63, 0x08, 0x63, 0x08, 0x27, 0x19, 0x63, 0x08,
  0x63, 0x08, 0x63, 0x08, 0x63, 0x08, 0x63, 0x08, 0x63, 0x08, 0x63, 0x08, 0x63, 0x08, 0x63, 0x08, 0x63, 0x08, 0x63, 0x08, 0x63, 0x08, 0x63, 0x08, 0x63, 0x08, 0x63, 0x08, 0x47, 0x19, 0x63, 0x08,
  0x84, 0x10, 0x63, 0x08, 0x63, 0x08, 0x63, 0x08, 0x63, 0x08, 0x63, 0x08, 0x63, 0x08, 0x63, 0x08, 0x63, 0x08, 0x63, 0x08, 0x27, 0x19, 0x63, 0x08, 0x63, 0x08, 0x63, 0x08, 0x63, 0x08, 0x63, 0x08,
  0x63, 0x08, 0x63, 0x08, 0x63, 0x08, 0x63, 0x08, 0x63, 0x08, 0x63, 0x08, 0x63, 0x08, 0x63, 0x08, 0x63, 0x08, 0x63, 0x08, 0x63, 0x08, 0x63, 0x08, 0x63, 0x08, 0x63, 0x08, 0x63, 0x08, 0x63, 0x08,
  0x84, 0x10, 0x63, 0x08, 0x63, 0x08, 0x63, 0x08, 0x63, 0x08, 0x63, 0x08, 0x63, 0x08, 0x63, 0x08, 0x63, 0x08, 0x63, 0x08, 0x63, 0x08, 0x63, 0x08, 0x63, 0x08, 0x63, 0x08, 0x63, 0x08, 0x63, 0x08,
  0x63, 0x08, 0x63, 0x08, 0x63, 0x08, 0x63, 0x08, 0x63, 0x08, 0x63, 0x08, 0x63, 0x08, 0x63, 0x08, 0x63, 0x08, 0x63, 0x08, 0x63, 0x08, 0x63, 0x08, 0x63, 0x08, 0x27, 0x19, 0x63, 0x08, 0x63, 0x08,
  0x68, 0x19, 0x63, 0x08, 0x63, 0x08, 0x63, 0x08, 0x63, 0x08, 0x63, 0x08, 0x63, 0x08, 0x63, 0x08, 0x63, 0x08, 0x63, 0x08, 0x63, 0x08, 0x63, 0x08, 0x27, 0x19, 0x63, 0x08, 0x63, 0x08, 0x63, 0x08,
  0x63, 0x08, 0x63, 0x08, 0x63, 0x08, 0x63, 0x08, 0x63, 0x08, 0x63, 0x08, 0x63, 0x08, 0x63, 0x08, 0x63, 0x08, 0x63, 0x08, 0x63, 0x08, 0x27, 0x19, 0x63, 0x08, 0x63, 0x08, 0x63, 0x08, 0x63, 0x08,
  0x84, 0x10, 0x63, 0x08, 0x63, 0x08, 0x63, 0x08, 0x63, 0x08, 0x63, 0x08, 0x63, 0x08, 0x63, 0x08, 0x63, 0x08, 0x63, 0x08, 0x63, 0x08, 0x63, 0x08, 0x63, 0x08, 0x63, 0x08, 0x63, 0x08, 0x63, 0x08,
  0x63, 0x08, 0x63, 0x08, 0x63, 0x08, 0x63, 0x08, 0x26, 0x19, 0x63, 0x08, 0x63, 0x08, 0x63, 0x08, 0x63, 0x08, 0x63, 0x08, 0x63, 0x08, 0x63, 0x08, 0x63, 0x08, 0x63, 0x08, 0x63, 0x08, 0x63, 0x08,
  0x84, 0x10, 0x63, 0x08, 0x63, 0x08, 0x26, 0x19, 0x63, 0x08, 0x63, 0x08, 0x63, 0x08, 0x63, 0x08, 0x06, 0x19, 0x63, 0x08, 0x63, 0x08, 0x06, 0x19, 0x63, 0x08, 0x63, 0x08, 0x63, 0x08, 0x63, 0x08,
  0x63, 0x08, 0x63, 0x08, 0x63, 0x08, 0x63, 0x08, 0x63, 0x08, 0x63, 0x08, 0x63, 0x08, 0x63, 0x08, 0x63, 0x08, 0x63, 0x08, 0x63, 0x08, 0x63, 0x08, 0x63, 0x08, 0x63, 0x08, 0x63, 0x08, 0x63, 0x08,
  0x84, 0x10, 0x63, 0x08, 0x63, 0x08, 0x63, 0x08, 0x63, 0x08, 0x63, 0x08, 0x05, 0x19, 0x63, 0x08, 0x63, 0x08, 0x63, 0x08, 0x63, 0x08, 0x63, 0x08, 0x63, 0x08, 0x63, 0x08, 0x63, 0x08, 0x63, 0x08,
  0x63, 0x08, 0x63, 0x08, 0x63, 0x08, 0x63, 0x08, 0x63, 0x08, 0x63, 0x08, 0x63, 0x08, 0x63, 0x08, 0x05, 0x19, 0x63, 0x08, 0x63, 0x08, 0x63, 0x08, 0x63, 0x08, 0x63, 0x08, 0x63, 0x08, 0x63, 0x08,
  0x26, 0x19, 0x63, 0x08, 0x63, 0x08, 0x63, 0x08, 0x63, 0x08, 0x63, 0x08, 0x63, 0x08, 0x63, 0x08, 0x41, 0x28, 0x00, 0x20, 0x6e, 0xac, 0x94, 0xfe, 0x54, 0xee, 0xd6, 0xf6, 0xf7, 0xf6, 0x34, 0xe6,
  0xa8, 0x7a, 0x44, 0x51, 0xaa, 0xa3, 0x49, 0x93, 0x2c, 0xac, 0x91, 0xd5, 0x7a, 0xff, 0x7a, 0xff, 0x13, 0xee, 0xd2, 0xe5, 0x2f, 0xcd, 0x8d, 0xbc, 0x4c, 0xb4, 0x67, 0x82, 0x23, 0x59, 0xa2, 0x48,
  0x82, 0x40, 0x27, 0x72, 0xe8, 0x8a, 0xaf, 0xac, 0x99, 0xff, 0xf7, 0xf6, 0x18, 0xff, 0x18, 0xff, 0x18, 0xff, 0x58, 0xff, 0x64, 0x51, 0x00, 0x28, 0x00, 0x28, 0x00, 0x20, 0x00, 0x30, 0x81, 0x38,
  0xc9, 0x7a, 0x8c, 0x93, 0x58, 0xff, 0x38, 0xff, 0x24, 0x51, 0x00, 0x28, 0x00, 0x28, 0x00, 0x18, 0x00, 0x20, 0x40, 0x30, 0xe7, 0x61, 0xa9, 0x7a, 0xf8, 0xf6, 0xcd, 0x9b, 0x00, 0x18, 0xe3, 0x48,
  0x2a, 0x83, 0x00, 0x28, 0x00, 0x30, 0x00, 0x28, 0x6c, 0x8b, 0x82, 0x40, 0x00, 0x28, 0x26, 0x6a, 0x14, 0xde, 0x59, 0xff, 0x18, 0xff, 0x17, 0xff, 0x99, 0xff, 0xea, 0x82, 0x24, 0x51, 0x85, 0x61,
  0x64, 0x51, 0xcc, 0x9b, 0xd0, 0xbc, 0xb0, 0xbc, 0xed, 0xa3, 0xe9, 0x82, 0xc9, 0x82, 0x44, 0x59, 0x11, 0xbd, 0x99, 0xff, 0xf7, 0xfe, 0x18, 0xff, 0x18, 0xff, 0x18, 0xff, 0xf7, 0xfe, 0xd7, 0xf6,
  0xb6, 0xf6, 0x75, 0xee, 0x54, 0xee, 0x33, 0xe6, 0xf2, 0xdd, 0x95, 0xf6, 0x47, 0x72, 0x00, 0x20, 0xc7, 0x49, 0x63, 0x08, 0x63, 0x08, 0x63, 0x08, 0x63, 0x08, 0x63, 0x08, 0x27, 0x19, 0x63, 0x08,
  0x63, 0x08, 0x63, 0x08, 0x63, 0x08, 0x63, 0x08, 0x63, 0x08, 0x63, 0x08, 0x63, 0x08, 0x63, 0x08, 0x63, 0x08, 0x63, 0x08, 0x63, 0x08, 0x63, 0x08, 0x63, 0x08, 0x63, 0x08, 0x47, 0x19, 0x63, 0x08,
  0x84, 0x10, 0x63, 0x08, 0x63, 0x08, 0x63, 0x08, 0x63, 0x08, 0x63, 0x08, 0x63, 0x08, 0x63, 0x08, 0x63, 0x08, 0x63, 0x08, 0x27, 0x19, 0x63, 0x08, 0x63, 0x08, 0x63, 0x08, 0x63, 0x08, 0x63, 0x08,
  0x63, 0x08, 0x63, 0x08, 0x63, 0x08, 0x63, 0x08, 0x63, 0x08, 0x63, 0x08, 0x63, 0x08, 0x63, 0x08, 0x63, 0x08, 0x63, 0x08, 0x63, 0x08, 0x63, 0x08, 0x63, 0x08, 0x63, 0x08, 0x63, 0x08, 0x63, 0x08,
  0x84, 0x10, 0x63, 0x08, 0x63, 0x08, 0x63, 0x08, 0x63, 0x08, 0x63, 0x08, 0x63, 0x08, 0x63, 0x08, 0x63, 0x08, 0x63, 0x08, 0x63, 0x08, 0x63, 0x08, 0x63, 0x08, 0x63, 0x08, 0x63, 0x08, 0x63, 0x08,
  0x63, 0x08, 0x63, 0x08, 0x63, 0x08, 0x63, 0x08, 0x63, 0x08, 0x63, 0x08, 0x63, 0x08, 0x63, 0x08, 0x63, 0x08, 0x63, 0x08, 0x63, 0x08, 0x63, 0x08, 0x63, 0x08, 0x27, 0x19, 0x63, 0x08, 0x63, 0x08,
  0x68, 0x19, 0x63, 0x08, 0x63, 0x08, 0x63, 0x08, 0x63, 0x08, 0x63, 0x08, 0x63, 0x08, 0x63, 0x08, 0x63, 0x08, 0x63, 0x08, 0x63, 0x08, 0x63, 0x08, 0x27, 0x19, 0x63, 0x08, 0x63, 0x08, 0x63, 0x08,
  0x63, 0x08, 0x63, 0x08, 0x63, 0x08, 0x63, 0x08, 0x63, 0x08, 0x63, 0x08, 0x63, 0x08, 0x63, 0x08, 0x63, 0x08, 0x63, 0x08, 0x63, 0x08, 0x27, 0x19, 0x63, 0x08, 0x63, 0x08, 0x63, 0x08, 0x63, 0x08,
  0x84, 0x10, 0x63, 0x08, 0x63, 0x08, 0x63, 0x08, 0x63, 0x08, 0x63, 0x08, 0x63, 0x08, 0x63, 0x08, 0x63, 0x08, 0x63, 0x08, 0x63, 0x08, 0x63, 0x08, 0x63, 0x08, 0x63, 0x08, 0x63, 0x08, 0x63, 0x08,
  0x63, 0x08, 0x63, 0x08, 0x63, 0x08, 0x63, 0x08, 0x26, 0x19, 0x63, 0x08, 0x63, 0x08, 0x63, 0x08, 0x63, 0x08, 0x63, 0x08, 0x63, 0x08, 0x63, 0x08, 0x63, 0x08, 0x63, 0x08, 0x63, 0x08, 0x63, 0x08,
  0x84, 0x10, 0x63, 0x08, 0x63, 0x08, 0x26, 0x19, 0x63, 0x08, 0x63, 0x08, 0x63, 0x08, 0x63, 0x08, 0x06, 0x19, 0x63, 0x08, 0x63, 0x08, 0x06, 0x19, 0x63, 0x08, 0x63, 0x08, 0x63, 0x08, 0x63, 0x08,
  0x63, 0x08, 0x63, 0x08, 0x63, 0x08, 0x63, 0x08, 0x63, 0x08, 0x63, 0x08, 0x63, 0x08, 0x63, 0x08, 0x63, 0x08, 0x63, 0x08, 0x63, 0x08, 0x63, 0x08, 0x63, 0x08, 0x63, 0x08, 0x63, 0x08, 0x63, 0x08,
  0x84, 0x10, 0x63, 0x08, 0x63, 0x08, 0x63, 0x08, 0x63, 0x08, 0x63, 0x08, 0x05, 0x19, 0x63, 0x08, 0x63, 0x08, 0x63, 0x08, 0x63, 0x08, 0x63, 0x08, 0x63, 0x08, 0x63, 0x08, 0x63, 0x08, 0x63, 0x08,
  0x63, 0x08, 0x63, 0x08, 0x63, 0x08, 0x63, 0x08, 0x63, 0x08, 0x63, 0x08, 0x63, 0x08, 0x63, 0x08, 0x05, 0x19, 0x63, 0x08, 0x63, 0x08, 0x63, 0x08, 0x63, 0x08, 0x63, 0x08, 0x63, 0x08, 0x63, 0x08,
  0x26, 0x19, 0x63, 0x08, 0x63, 0x08, 0x63, 0x08, 0x63, 0x08, 0x63, 0x08, 0x63, 0x08, 0x63, 0x08, 0x41, 0x28, 0x00, 0x20, 0x6e, 0xac, 0x94, 0xf6, 0x34, 0xe6, 0xb6, 0xf6, 0xb6, 0xf6, 0x17, 0xff,
  0x78, 0xff, 0x0d, 0xa4, 0x29, 0x8b, 0x4a, 0x8b, 0x2d, 0xac, 0x91, 0xd5, 0x7a, 0xff, 0x59, 0xff, 0xf2, 0xe5, 0xb1, 0xdd, 0xef, 0xc4, 0xad, 0xc4, 0x2c, 0xb4, 0xe9, 0x8a, 0x44, 0x61, 0xa2, 0x48,
  0xa2, 0x48, 0xe6, 0x69, 0xc8, 0x82, 0xf0, 0xb4, 0xba, 0xff, 0x18, 0xff, 0x38, 0xff, 0x18, 0xff, 0x17, 0xff, 0x99, 0xff, 0x27, 0x6a, 0x00, 0x18, 0x65, 0x51, 0xea, 0x7a, 0x00, 0x28, 0x41, 0x38,
  0xed, 0x9b, 0x17, 0xff, 0x18, 0xff, 0x79, 0xff, 0x07, 0x6a, 0x00, 0x20, 0xa2, 0x40, 0xe6, 0x61, 0xc6, 0x51, 0x47, 0x6a, 0xea, 0x82, 0xb3, 0xd5, 0xfb, 0xff, 0x0e, 0xa4, 0x00, 0x20, 0xa2, 0x40,
  0x0d, 0x9c, 0x40, 0x30, 0x00, 0x28, 0xc2, 0x40, 0xcd, 0x9b, 0x41, 0x38, 0x00, 0x28, 0x27, 0x6a, 0x76, 0xe6, 0x58, 0xff, 0x18, 0xff, 0x18, 0xff, 0x99, 0xff, 0xf0, 0xbc, 0x21, 0x38, 0x85, 0x61,
  0x2a, 0x8b, 0x0a, 0x83, 0x2a, 0x8b, 0x89, 0x82, 0xe6, 0x69, 0xc6, 0x61, 0xe3, 0x48, 0xb0, 0xb4, 0x99, 0xff, 0xf7, 0xfe, 0x18, 0xff, 0x18, 0xff, 0x18, 0xff, 0x18, 0xff, 0xf7, 0xf6, 0xd6, 0xf6,
  0xb6, 0xf6, 0x75, 0xee, 0x54, 0xee, 0x33, 0xe6, 0xb1, 0xdd, 0xf2, 0xe5, 0x27, 0x6a, 0x00, 0x20, 0xc7, 0x49, 0x63, 0x08, 0x63, 0x08, 0x63, 0x08, 0x63, 0x08, 0x63, 0x08, 0x27, 0x19, 0x63, 0x08,
  0x63, 0x08, 0x63, 0x08, 0x63, 0x08, 0x63, 0x08, 0x63, 0x08, 0x63, 0x08, 0x63, 0x08, 0x63, 0x08, 0x63, 0x08, 0x63, 0x08, 0x63, 0x08, 0x63, 0x08, 0x63, 0x08, 0x63, 0x08, 0x47, 0x19, 0x63, 0x08,
  0x84, 0x10, 0x63, 0x08, 0x63, 0x08, 0x63, 0x08, 0x63, 0x08, 0x63, 0x08, 0x63, 0x08, 0x63, 0x08, 0x63, 0x08, 0x63, 0x08, 0x27, 0x19, 0x63, 0x08, 0x63, 0x08, 0x63, 0x08, 0x63, 0x08, 0x63, 0x08,
  0x63, 0x08, 0x63, 0x08, 0x63, 0x08, 0x63, 0x08, 0x63, 0x08, 0x63, 0x08, 0x63, 0x08, 0x63, 0x08, 0x63, 0x08, 0x63, 0x08, 0x63, 0x08, 0x63, 0x08, 0x63, 0x08, 0x63, 0x08, 0x63, 0x08, 0x63, 0x08,
  0x84, 0x10, 0x63, 0x08, 0x63, 0x08, 0x63, 0x08, 0x63, 0x08, 0x63, 0x08, 0x63, 0x08, 0x63, 0x08, 0x63, 0x08, 0x63, 0x08, 0x63, 0x08, 0x63, 0x08, 0x63, 0x08, 0x63, 0x08, 0x63, 0x08, 0x63, 0x08,
  0x63, 0x08, 0x63, 0x08, 0x63, 0x08, 0x63, 0x08, 0x63, 0x08, 0x63, 0x08, 0x63, 0x08, 0x63, 0x08, 0x63, 0x08, 0x63, 0x08, 0x63, 0x08, 0x63, 0x08, 0x63, 0x08, 0x27, 0x19, 0x63, 0x08, 0x63, 0x08,
  0x68, 0x19, 0x63, 0x08, 0x63, 0x08, 0x63, 0x08, 0x63, 0x08, 0x63, 0x08, 0x63, 0x08, 0x63, 0x08, 0x63, 0x08, 0x63, 0x08, 0x63, 0x08, 0x63, 0x08, 0x27, 0x19, 0x63, 0x08, 0x63, 0x08, 0x63, 0x08,
  0x63, 0x08, 0x63, 0x08, 0x63, 0x08, 0x63, 0x08, 0x63, 0x08, 0x63, 0x08, 0x63, 0x08, 0x63, 0x08, 0x63, 0x08, 0x63, 0x08, 0x63, 0x08, 0x27, 0x19, 0x63, 0x08, 0x63, 0x08, 0x63, 0x08, 0x63, 0x08,
  0x84, 0x10, 0x63, 0x08, 0x63, 0x08, 0x63, 0x08, 0x63, 0x08, 0x63, 0x08, 0x63, 0x08, 0x63, 0x08, 0x63, 0x08, 0x63, 0x08, 0x63, 0x08, 0x63, 0x08, 0x63, 0x08, 0x63, 0x08, 0x63, 0x08, 0x63, 0x08,
  0x63, 0x08, 0x63, 0x08, 0x63, 0x08, 0x63, 0x08, 0x26, 0x19, 0x63, 0x08, 0x63, 0x08, 0x63, 0x08, 0x63, 0x08, 0x63, 0x08, 0x63, 0x08, 0x63, 0x08, 0x63, 0x08, 0x63, 0x08, 0x63, 0x08, 0x63, 0x08,
  0x84, 0x10, 0x63, 0x08, 0x63, 0x08, 0x26, 0x19, 0x63, 0x08, 0x63, 0x08, 0x63, 0x08, 0x63, 0x08, 0x06, 0x19, 0x63, 0x08, 0x63, 0x08, 0x06, 0x19, 0x63, 0x08, 0x63, 0x08, 0x63, 0x08, 0x63, 0x08,
  0x63, 0x08, 0x63, 0x08, 0x63, 0x08, 0x63, 0x08, 0x63, 0x08, 0x63, 0x08, 0x63, 0x08, 0x63, 0x08, 0x63, 0x08, 0x63, 0x08, 0x63, 0x08, 0x63, 0x08, 0x63, 0x08, 0x63, 0x08, 0x63, 0x08, 0x63, 0x08,
  0x84, 0x10, 0x63, 0x08, 0x63, 0x08, 0x63, 0x08, 0x63, 0x08, 0x63, 0x08, 0x05, 0x19, 0x63, 0x08, 0x63, 0x08, 0x63, 0x08, 0x63, 0x08, 0x63, 0x08, 0x63, 0x08, 0x63, 0x08, 0x63, 0x08, 0x63, 0x08,
  0x63, 0x08, 0x63, 0x08, 0x63, 0x08, 0x63, 0x08, 0x63, 0x08, 0x63, 0x08, 0x63, 0x08, 0x63, 0x08, 0x05, 0x19, 0x63, 0x08, 0x63, 0x08, 0x63, 0x08, 0x63, 0x08, 0x63, 0x08, 0x63, 0x08, 0x63, 0x08,
  0x26, 0x19, 0x63, 0x08, 0x63, 0x08, 0x63, 0x08, 0x63, 0x08, 0x63, 0x08, 0x63, 0x08, 0x63, 0x08, 0x41, 0x28, 0x00, 0x20, 0x6e, 0xac, 0x94, 0xf6, 0x33, 0xe6, 0x95, 0xee, 0x95, 0xee, 0x55, 0xe6,
  0x95, 0xee, 0xec, 0x9b, 0x49, 0x93, 0xe8, 0x7a, 0xcb, 0x9b, 0x71, 0xd5, 0x59, 0xff, 0x59, 0xff, 0x90, 0xdd, 0x50, 0xd5, 0x6d, 0xbc, 0x0b, 0xac, 0xab, 0xa3, 0x88, 0x8a, 0x03, 0x59, 0x82, 0x48,
  0xa2, 0x40, 0x85, 0x59, 0x4a, 0x9b, 0x4e, 0x9c, 0xf7, 0xee, 0x96, 0xe6, 0xf7, 0xf6, 0x38, 0xff, 0xf7, 0xf6, 0x99, 0xff, 0x27, 0x6a, 0x00, 0x18, 0x85, 0x51, 0xb0, 0xac, 0xa2, 0x40, 0x00, 0x20,
  0x27, 0x6a, 0x96, 0xee, 0xf7, 0xfe, 0x79, 0xff, 0x07, 0x6a, 0x00, 0x20, 0x64, 0x51, 0x0d, 0x9c, 0x72, 0xc5, 0x93, 0xcd, 0xf7, 0xf6, 0x59, 0xff, 0x99, 0xff, 0x2e, 0xac, 0x00, 0x20, 0x61, 0x38,
  0xed, 0x93, 0x48, 0x6a, 0x00, 0x18, 0xe6, 0x61, 0xcd, 0x9b, 0x81, 0x38, 0x00, 0x28, 0x47, 0x6a, 0x96, 0xe6, 0x58, 0xff, 0x18, 0xff, 0x18, 0xff, 0x79, 0xff, 0x92, 0xcd, 0x41, 0x40, 0x24, 0x51,
  0xe7, 0x61, 0xe7, 0x61, 0x65, 0x59, 0x44, 0x51, 0x44, 0x51, 0x85, 0x59, 0x31, 0xbd, 0x99, 0xff, 0xf7, 0xfe, 0x18, 0xff, 0x18, 0xff, 0x18, 0xff, 0x18, 0xff, 0x18, 0xff, 0xf7, 0xf6, 0xd6, 0xf6,
  0x95, 0xee, 0x75, 0xee, 0x54, 0xee, 0x13, 0xe6, 0x12, 0xe6, 0xb1, 0xdd, 0x44, 0x51, 0x00, 0x20, 0xa7, 0x49, 0x63, 0x08, 0x63, 0x08, 0x63, 0x08, 0x63, 0x08, 0x63, 0x08, 0x27, 0x19, 0x63, 0x08,
  0x63, 0x08, 0x63, 0x08, 0x63, 0x08, 0x63, 0x08, 0x63, 0x08, 0x63, 0x08, 0x63, 0x08, 0x63, 0x08, 0x63, 0x08, 0x63, 0x08, 0x63, 0x08, 0x63, 0x08, 0x63, 0x08, 0x63, 0x08, 0x47, 0x19, 0x63, 0x08,
  0x84, 0x10, 0x63, 0x08, 0x63, 0x08, 0x63, 0x08, 0x63, 0x08, 0x63, 0x08, 0x63, 0x08, 0x63, 0x08, 0x63, 0x08, 0x63, 0x08, 0x27, 0x19, 0x63, 0x08, 0x63, 0x08, 0x63, 0x08, 0x63, 0x08, 0x63, 0x08,
  0x63, 0x08, 0x63, 0x08, 0x63, 0x08, 0x63, 0x08, 0x63, 0x08, 0x63, 0x08, 0x63, 0x08, 0x63, 0x08, 0x63, 0x08, 0x63, 0x08, 0x63, 0x08, 0x63, 0x08, 0x63, 0x08, 0x63, 0x08, 0x63, 0x08, 0x63, 0x08,
  0x84, 0x10, 0x63, 0x08, 0x63, 0x08, 0x63, 0x08, 0x63, 0x08, 0x63, 0x08, 0x63, 0x08, 0x63, 0x08, 0x63, 0x08, 0x63, 0x08, 0x63, 0x08, 0x63, 0x08, 0x63, 0x08, 0x63, 0x08, 0x63, 0x08, 0x63, 0x08,
  0x63, 0x08, 0x63, 0x08, 0x63, 0x08, 0x63, 0x08, 0x63, 0x08, 0x63, 0x08, 0x63, 0x08, 0x63, 0x08, 0x63, 0x08, 0x63, 0x08, 0x63, 0x08, 0x63, 0x08, 0x63, 0x08, 0x27, 0x19, 0x63, 0x08, 0x63, 0x08,
  0x68, 0x19, 0x63, 0x08, 0x63, 0x08, 0x63, 0x08, 0x63, 0x08, 0x63, 0x08, 0x63, 0x08, 0x63, 0x08, 0x63, 0x08, 0x63, 0x08, 0x63, 0x08, 0x63, 0x08, 0x27, 0x19, 0x63, 0x08, 0x63, 0x08, 0x63, 0x08,
  0x63, 0x08, 0x63, 0x08, 0x63, 0x08, 0x63, 0x08, 0x63, 0x08, 0x63, 0x08, 0x63, 0x08, 0x63, 0x08, 0x63, 0x08, 0x63, 0x08, 0x63, 0x08, 0x27, 0x19, 0x63, 0x08, 0x63, 0x08, 0x63, 0x08, 0x63, 0x08,
  0x84, 0x10, 0x63, 0x08, 0x63, 0x08, 0x63, 0x08, 0x63, 0x08, 0x63, 0x08, 0x63, 0x08, 0x63, 0x08, 0x63, 0x08, 0x63, 0x08, 0x63, 0x08, 0x63, 0x08, 0x63, 0x08, 0x63, 0x08, 0x63, 0x08, 0x63, 0x08,
  0x63, 0x08, 0x63, 0x08, 0x63, 0x08, 0x26, 0x19, 0x63, 0x08, 0x63, 0x08, 0x63, 0x08, 0x63, 0x08, 0x63, 0x08, 0x63, 0x08, 0x63, 0x08, 0x63, 0x08, 0x63, 0x08, 0x63, 0x08, 0x63, 0x08, 0x63, 0x08,
  0x84, 0x10, 0x63, 0x08, 0x63, 0x08, 0x26, 0x19, 0x63, 0x08, 0x63, 0x08, 0x63, 0x08, 0x63, 0x08, 0x06, 0x19, 0x63, 0x08, 0x63, 0x08, 0x06, 0x19, 0x63, 0x08, 0x63, 0x08, 0x63, 0x08, 0x63, 0x08,
  0x63, 0x08, 0x63, 0x08, 0x63, 0x08, 0x63, 0x08, 0x63, 0x08, 0x63, 0x08, 0x63, 0x08, 0x63, 0x08, 0x63, 0x08, 0x63, 0x08, 0x63, 0x08, 0x63, 0x08, 0x63, 0x08, 0x63, 0x08, 0x63, 0x08, 0x63, 0x08,
  0x84, 0x10, 0x63, 0x08, 0x63, 0x08, 0x63, 0x08, 0x63, 0x08, 0x63, 0x08, 0x05, 0x19, 0x63, 0x08, 0x63, 0x08, 0x63, 0x08, 0x63, 0x08, 0x63, 0x08, 0x63, 0x08, 0x63, 0x08, 0x63, 0x08, 0x63, 0x08,
  0x63, 0x08, 0x63, 0x08, 0x63, 0x08, 0x63, 0x08, 0x63, 0x08, 0x63, 0x08, 0x63, 0x08, 0x63, 0x08, 0x05, 0x19, 0x63, 0x08, 0x63, 0x08, 0x63, 0x08, 0x63, 0x08, 0x63, 0x08, 0x63, 0x08, 0x63, 0x08,
  0x26, 0x19, 0x63, 0x08, 0x63, 0x08, 0x63, 0x08, 0x63, 0x08, 0x63, 0x08, 0x63, 0x08, 0x63, 0x08, 0x41, 0x28, 0x00, 0x20, 0x8f, 0xac, 0x74, 0xf6, 0x13, 0xe6, 0x54, 0xee, 0x13, 0xde, 0x11, 0xbd,
  0x6f, 0xac, 0xa9, 0x7a, 0x26, 0x6a, 0xe8, 0x82, 0x8b, 0x9b, 0xae, 0xbc, 0x34, 0xe6, 0x75, 0xee, 0x30, 0xd5, 0xef, 0xc4, 0x0c, 0xac, 0x0c, 0xac, 0xab, 0xa3, 0x47, 0x7a, 0x44, 0x61, 0xe3, 0x48,
  0x03, 0x51, 0x27, 0x72, 0xe6, 0x61, 0x68, 0x62, 0x8f, 0xa4, 0xf1, 0xac, 0x14, 0xd6, 0x18, 0xff, 0xf7, 0xfe, 0x79, 0xff, 0x07, 0x6a, 0x00, 0x20, 0x03, 0x49, 0x92, 0xcd, 0xa9, 0x7a, 0x00, 0x20,
  0x41, 0x38, 0xf1, 0xbc, 0x18, 0xff, 0x79, 0xff, 0x27, 0x6a, 0x00, 0x20, 0xe3, 0x40, 0xaf, 0xac, 0xb9, 0xff, 0x58, 0xff, 0x38, 0xff, 0xf7, 0xf6, 0x9a, 0xff, 0x4e, 0xac, 0x00, 0x20, 0x41, 0x38,
  0xed, 0x9b, 0x11, 0xbd, 0x00, 0x18, 0x0a, 0x83, 0xf1, 0xbc, 0x81, 0x38, 0x00, 0x28, 0x47, 0x6a, 0x76, 0xe6, 0x38, 0xff, 0x18, 0xff, 0x18, 0xff, 0x79, 0xff, 0x6b, 0x8b, 0xac, 0x9b, 0x24, 0x51,
  0x00, 0x30, 0x82, 0x40, 0x24, 0x51, 0xe7, 0x61, 0xed, 0x9b, 0xb6, 0xee, 0x79, 0xff, 0xf7, 0xfe, 0x18, 0xff, 0x18, 0xff, 0x18, 0xff, 0x18, 0xff, 0x18, 0xff, 0x17, 0xff, 0xd7, 0xf6, 0xb6, 0xf6,
  0x75, 0xee, 0x55, 0xee, 0x54, 0xee, 0x33, 0xe6, 0xf2, 0xe5, 0x95, 0xf6, 0x03, 0x49, 0x00, 0x28, 0xa7, 0x49, 0x63, 0x08, 0x63, 0x08, 0x63, 0x08, 0x63, 0x08, 0x63, 0x08, 0x27, 0x19, 0x63, 0x08,
  0x63, 0x08, 0x63, 0x08, 0x63, 0x08, 0x63, 0x08, 0x63, 0x08, 0x63, 0x08, 0x63, 0x08, 0x63, 0x08, 0x63, 0x08, 0x63, 0x08, 0x63, 0x08, 0x63, 0x08, 0x63, 0x08, 0x63, 0x08, 0x47, 0x19, 0x63, 0x08,
  0x84, 0x08, 0x63, 0x08, 0x63, 0x08, 0x63, 0x08, 0x63, 0x08, 0x63, 0x08, 0x63, 0x08, 0x63, 0x08, 0x63, 0x08, 0x63, 0x08, 0x27, 0x19, 0x63, 0x08, 0x63, 0x08, 0x63, 0x08, 0x63, 0x08, 0x63, 0x08,
  0x63, 0x08, 0x63, 0x08, 0x63, 0x08, 0x63, 0x08, 0x63, 0x08, 0x63, 0x08, 0x63, 0x08, 0x63, 0x08, 0x63, 0x08, 0x63, 0x08, 0x63, 0x08, 0x63, 0x08, 0x63, 0x08, 0x63, 0x08, 0x63, 0x08, 0x63, 0x08,
  0x84, 0x08, 0x63, 0x08, 0x63, 0x08, 0x63, 0x08, 0x63, 0x08, 0x63, 0x08, 0x63, 0x08, 0x63, 0x08, 0x63, 0x08, 0x63, 0x08, 0x63, 0x08, 0x63, 0x08, 0x63, 0x08, 0x63, 0x08, 0x63, 0x08, 0x63, 0x08,
  0x63, 0x08, 0x63, 0x08, 0x63, 0x08, 0x63, 0x08, 0x63, 0x08, 0x63, 0x08, 0x63, 0x08, 0x63, 0x08, 0x63, 0x08, 0x63, 0x08, 0x63, 0x08, 0x63, 0x08, 0x63, 0x08, 0x27, 0x19, 0x63, 0x08, 0x63, 0x08,
  0x68, 0x19, 0x63, 0x08, 0x63, 0x08, 0x63, 0x08, 0x63, 0x08, 0x63, 0x08, 0x63, 0x08, 0x63, 0x08, 0x63, 0x08, 0x63, 0x08, 0x63, 0x08, 0x63, 0x08, 0x27, 0x19, 0x63, 0x08, 0x63, 0x08, 0x63, 0x08,
  0x63, 0x08, 0x63, 0x08, 0x63, 0x08, 0x63, 0x08, 0x63, 0x08, 0x63, 0x08, 0x63, 0x08, 0x63, 0x08, 0x63, 0x08, 0x63, 0x08, 0x63, 0x08, 0x27, 0x19, 0x63, 0x08, 0x63, 0x08, 0x63, 0x08, 0x63, 0x08,
  0x84, 0x08, 0x63, 0x08, 0x63, 0x08, 0x63, 0x08, 0x63, 0x08, 0x63, 0x08, 0x63, 0x08, 0x63, 0x08, 0x63, 0x08, 0x63, 0x08, 0x63, 0x08, 0x63, 0x08, 0x63, 0x08, 0x63, 0x08, 0x63, 0x08, 0x63, 0x08,
  0x63, 0x08, 0x63, 0x08, 0x26, 0x19, 0x63, 0x08, 0x63, 0x08, 0x63, 0x08, 0x63, 0x08, 0x63, 0x08, 0x63, 0x08, 0x63, 0x08, 0x63, 0x08, 0x63, 0x08, 0x63, 0x08, 0x63, 0x08, 0x63, 0x08, 0x63, 0x08,
  0x84, 0x08, 0x63, 0x08, 0x63, 0x08, 0x26, 0x19, 0x63, 0x08, 0x63, 0x08, 0x63, 0x08, 0x63, 0x08, 0x06, 0x19, 0x63, 0x08, 0x63, 0x08, 0x06, 0x19, 0x63, 0x08, 0x63, 0x08, 0x63, 0x08, 0x63, 0x08,
  0x63, 0x08, 0x63, 0x08, 0x63, 0x08, 0x63, 0x08, 0x63, 0x08, 0x63, 0x08, 0x63, 0x08, 0x63, 0x08, 0x63, 0x08, 0x63, 0x08, 0x63, 0x08, 0x63, 0x08, 0x63, 0x08, 0x63, 0x08, 0x63, 0x08, 0x63, 0x08,
  0x84, 0x08, 0x63, 0x08, 0x63, 0x08, 0x63, 0x08, 0x63, 0x08, 0x63, 0x08, 0x05, 0x19, 0x63, 0x08, 0x63, 0x08, 0x63, 0x08, 0x63, 0x08, 0x63, 0x08, 0x63, 0x08, 0x63, 0x08, 0x63, 0x08, 0x63, 0x08,
  0x63, 0x08, 0x63, 0x08, 0x63, 0x08, 0x63, 0x08, 0x63, 0x08, 0x63, 0x08, 0x63, 0x08, 0x63, 0x08, 0x05, 0x11, 0x63, 0x08, 0x63, 0x08, 0x63, 0x08, 0x63, 0x08, 0x63, 0x08, 0x63, 0x08, 0x63, 0x08,
  0x26, 0x19, 0x63, 0x08, 0x63, 0x08, 0x63, 0x08, 0x63, 0x08, 0x63, 0x08, 0x63, 0x08, 0x63, 0x08, 0x41, 0x28, 0x00, 0x20, 0x8f, 0xac, 0x53, 0xf6, 0xf2, 0xe5, 0x53, 0xe6, 0x75, 0xee, 0x34, 0xe6,
  0x31, 0xc5, 0x4e, 0xa4, 0x68, 0x6a, 0xa5, 0x51, 0x85, 0x59, 0xe6, 0x61, 0x67, 0x72, 0xe9, 0x82, 0x2a, 0x8b, 0x4a, 0x8b, 0x2a, 0x83, 0xe9, 0x82, 0x88, 0x72, 0xc5, 0x61, 0x84, 0x59, 0x43, 0x51,
  0x23, 0x51, 0x64, 0x49, 0x27, 0x62, 0xed, 0x93, 0xd0, 0xac, 0x34, 0xd6, 0xd7, 0xf6, 0x18, 0xff, 0xf7, 0xfe, 0x99, 0xff, 0xe6, 0x61, 0x00, 0x20, 0x03, 0x49, 0x92, 0xcd, 0x31, 0xc5, 0x00, 0x28,
  0x00, 0x28, 0x0a, 0x83, 0xf7, 0xfe, 0x99, 0xff, 0x47, 0x6a, 0x00, 0x20, 0xe3, 0x40, 0xd0, 0xb4, 0x38, 0xff, 0xf7, 0xf6, 0x18, 0xff, 0xf8, 0xf6, 0xba, 0xff, 0x8f, 0xac, 0x00, 0x20, 0x61, 0x40,
  0xac, 0x8b, 0x17, 0xf7, 0xac, 0x93, 0x4b, 0x93, 0x55, 0xe6, 0x20, 0x30, 0x00, 0x28, 0x48, 0x6a, 0x96, 0xe6, 0x38, 0xff, 0xf7, 0xf6, 0x79, 0xff, 0x92, 0xcd, 0xcc, 0x9b, 0x2e, 0xa4, 0x23, 0x51,
  0xea, 0x8a, 0xf3, 0xd5, 0x55, 0xe6, 0x38, 0xff, 0x99, 0xff, 0x38, 0xff, 0xf7, 0xfe, 0x17, 0xff, 0x18, 0xff, 0x18, 0xff, 0x18, 0xff, 0x18, 0xff, 0x18, 0xff, 0xf7, 0xfe, 0xd6, 0xf6, 0xb6, 0xf6,
  0x75, 0xee, 0x54, 0xee, 0x54, 0xe6, 0x33, 0xe6, 0xb1, 0xdd, 0xb5, 0xf6, 0x27, 0x6a, 0x00, 0x20, 0xc7, 0x49, 0x63, 0x08, 0x63, 0x08, 0x63, 0x08, 0x63, 0x08, 0x63, 0x08, 0x27, 0x19, 0x63, 0x08,
  0x63, 0x08, 0x63, 0x08, 0x63, 0x08, 0x63, 0x08, 0x63, 0x08, 0x63, 0x08, 0x63, 0x08, 0x63, 0x08, 0x63, 0x08, 0x63, 0x08, 0x63, 0x08, 0x63, 0x08, 0x63, 0x08, 0x63, 0x08, 0x47, 0x19, 0x63, 0x08,
  0x84, 0x08, 0x63, 0x08, 0x63, 0x08, 0x63, 0x08, 0x63, 0x08, 0x63, 0x08, 0x63, 0x08, 0x63, 0x08, 0x63, 0x08, 0x63, 0x08, 0x27, 0x19, 0x63, 0x08, 0x63, 0x08, 0x63, 0x08, 0x63, 0x08, 0x63, 0x08,
  0x63, 0x08, 0x63, 0x08, 0x63, 0x08, 0x63, 0x08, 0x63, 0x08, 0x63, 0x08, 0x63, 0x08, 0x63, 0x08, 0x63, 0x08, 0x63, 0x08, 0x63, 0x08, 0x63, 0x08, 0x63, 0x08, 0x63, 0x08, 0x63, 0x08, 0x63, 0x08,
  0x84, 0x08, 0x63, 0x08, 0x63, 0x08, 0x63, 0x08, 0x63, 0x08, 0x63, 0x08, 0x63, 0x08, 0x63, 0x08, 0x63, 0x08, 0x63, 0x08, 0x63, 0x08, 0x63, 0x08, 0x63, 0x08, 0x63, 0x08, 0x63, 0x08, 0x63, 0x08,
  0x63, 0x08, 0x63, 0x08, 0x63, 0x08, 0x63, 0x08, 0x63, 0x08, 0x63, 0x08, 0x63, 0x08, 0x63, 0x08, 0x63, 0x08, 0x63, 0x08, 0x63, 0x08, 0x63, 0x08, 0x63, 0x08, 0x27, 0x19, 0x63, 0x08, 0x63, 0x08,
  0x68, 0x19, 0x63, 0x08, 0x63, 0x08, 0x63, 0x08, 0x63, 0x08, 0x63, 0x08, 0x63, 0x08, 0x63, 0x08, 0x63, 0x08, 0x63, 0x08, 0x63, 0x08, 0x63, 0x08, 0x27, 0x19, 0x63, 0x08, 0x63, 0x08, 0x63, 0x08,
  0x63, 0x08, 0x63, 0x08, 0x63, 0x08, 0x63, 0x08, 0x63, 0x08, 0x63, 0x08, 0x63, 0x08, 0x63, 0x08, 0x63, 0x08, 0x63, 0x08, 0x63, 0x08, 0x27, 0x19, 0x63, 0x08, 0x63, 0x08, 0x63, 0x08, 0x63, 0x08,
  0x84, 0x08, 0x63, 0x08, 0x63, 0x08, 0x63, 0x08, 0x63, 0x08, 0x63, 0x08, 0x63, 0x08, 0x63, 0x08, 0x63, 0x08, 0x63, 0x08, 0x63, 0x08, 0x63, 0x08, 0x63, 0x08, 0x63, 0x08, 0x63, 0x08, 0x63, 0x08,
  0x63, 0x08, 0x26, 0x19, 0x63, 0x08, 0x63, 0x08, 0x63, 0x08, 0x63, 0x08, 0x63, 0x08, 0x63, 0x08, 0x63, 0x08, 0x63, 0x08, 0x63, 0x08, 0x63, 0x08, 0x63, 0x08, 0x63, 0x08, 0x63, 0x08, 0x63, 0x08,
  0x84, 0x08, 0x63, 0x08, 0x63, 0x08, 0x26, 0x19, 0x63, 0x08, 0x63, 0x08, 0x63, 0x08, 0x63, 0x08, 0x06, 0x19, 0x63, 0x08, 0x63, 0x08, 0x06, 0x19, 0x63, 0x08, 0x63, 0x08, 0x63, 0x08, 0x63, 0x08,
  0x63, 0x08, 0x63, 0x08, 0x63, 0x08, 0x63, 0x08, 0x63, 0x08, 0x63, 0x08, 0x63, 0x08, 0x63, 0x08, 0x63, 0x08, 0x63, 0x08, 0x63, 0x08, 0x63, 0x08, 0x63, 0x08, 0x63, 0x08, 0x63, 0x08, 0x63, 0x08,
  0x84, 0x08, 0x63, 0x08, 0x63, 0x08, 0x63, 0x08, 0x63, 0x08, 0x63, 0x08, 0x05, 0x19, 0x63, 0x08, 0x63, 0x08, 0x63, 0x08, 0x63, 0x08, 0x63, 0x08, 0x63, 0x08, 0x63, 0x08, 0x63, 0x08, 0x63, 0x08,
  0x63, 0x08, 0x63, 0x08, 0x63, 0x08, 0x63, 0x08, 0x63, 0x08, 0x63, 0x08, 0x63, 0x08, 0x05, 0x11, 0x63, 0x08, 0x63, 0x08, 0x63, 0x08, 0x63, 0x08, 0x63, 0x08, 0x63, 0x08, 0x63, 0x08, 0x63, 0x08,
  0x26, 0x19, 0x63, 0x08, 0x63, 0x08, 0x63, 0x08, 0x63, 0x08, 0x63, 0x08, 0x63, 0x08, 0x63, 0x08, 0x41, 0x28, 0x00, 0x20, 0xaf, 0xac, 0x53, 0xee, 0xf2, 0xe5, 0x33, 0xe6, 0x75, 0xee, 0x37, 0xff,
  0x37, 0xff, 0xb6, 0xf6, 0x96, 0xee, 0x92, 0xd5, 0x4f, 0xac, 0xad, 0x93, 0x2b, 0x83, 0xea, 0x82, 0xea, 0x82, 0xe9, 0x82, 0xc9, 0x7a, 0x89, 0x72, 0xa9, 0x7a, 0xe9, 0x82, 0x4b, 0x93, 0xed, 0xa3,
  0x6f, 0xac, 0x72, 0xcd, 0x55, 0xe6, 0xb6, 0xee, 0xf7, 0xf6, 0x38, 0xff, 0x38, 0xff, 0x17, 0xff, 0x58, 0xff, 0x34, 0xde, 0x61, 0x38, 0x00, 0x30, 0x81, 0x38, 0xb3, 0xd5, 0x38, 0xff, 0x61, 0x38,
  0x00, 0x28, 0xa2, 0x40, 0x76, 0xe6, 0xf7, 0xf6, 0xa2, 0x38, 0x00, 0x30, 0x61, 0x38, 0x93, 0xc5, 0x79, 0xff, 0x18, 0xff, 0x18, 0xff, 0x18, 0xff, 0x79, 0xff, 0x47, 0x6a, 0x00, 0x28, 0x20, 0x30,
  0x0e, 0x9c, 0x99, 0xff, 0x17, 0xff, 0xd7, 0xee, 0x4e, 0xa4, 0x00, 0x20, 0x20, 0x30, 0xa5, 0x59, 0xd7, 0xee, 0x18, 0xff, 0x17, 0xff, 0x59, 0xff, 0x88, 0x7a, 0x0d, 0xa4, 0x88, 0x7a, 0xc6, 0x61,
  0x59, 0xff, 0x99, 0xff, 0x58, 0xff, 0x18, 0xff, 0xf7, 0xf6, 0x17, 0xff, 0x17, 0xff, 0x17, 0xff, 0x18, 0xff, 0x17, 0xff, 0xf7, 0xf6, 0xf7, 0xfe, 0xf7, 0xfe, 0x17, 0xff, 0x17, 0xff, 0xb6, 0xf6,
  0x75, 0xee, 0x54, 0xe6, 0x33, 0xe6, 0x12, 0xe6, 0xb0, 0xdd, 0xb5, 0xfe, 0x68, 0x72, 0x00, 0x20, 0xc7, 0x49, 0x63, 0x08, 0x63, 0x08, 0x63, 0x08, 0x63, 0x08, 0x63, 0x08, 0x27, 0x19, 0x63, 0x08,
  0x63, 0x08, 0x63, 0x08, 0x63, 0x08, 0x63, 0x08, 0x63, 0x08, 0x63, 0x08, 0x63, 0x08, 0x63, 0x08, 0x63, 0x08, 0x63, 0x08, 0x63, 0x08, 0x63, 0x08, 0x63, 0x08, 0x63, 0x08, 0x47, 0x19, 0x63, 0x08,
  0x84, 0x08, 0x63, 0x08, 0x63, 0x08, 0x63, 0x08, 0x63, 0x08, 0x63, 0x08, 0x63, 0x08, 0x63, 0x08, 0x63, 0x08, 0x63, 0x08, 0x27, 0x19, 0x63, 0x08, 0x63, 0x08, 0x63, 0x08, 0x63, 0x08, 0x63, 0x08,
  0x63, 0x08, 0x63, 0x08, 0x63, 0x08, 0x63, 0x08, 0x63, 0x08, 0x63, 0x08, 0x63, 0x08, 0x63, 0x08, 0x63, 0x08, 0x63, 0x08, 0x63, 0x08, 0x63, 0x08, 0x63, 0x08, 0x63, 0x08, 0x63, 0x08, 0x63, 0x08,
  0x84, 0x08, 0x63, 0x08, 0x63, 0x08, 0x63, 0x08, 0x63, 0x08, 0x63, 0x08, 0x63, 0x08, 0x63, 0x08, 0x63, 0x08, 0x63, 0x08, 0x63, 0x08, 0x63, 0x08, 0x63, 0x08, 0x63, 0x08, 0x63, 0x08, 0x63, 0x08,
  0x63, 0x08, 0x63, 0x08, 0x63, 0x08, 0x63, 0x08, 0x63, 0x08, 0x63, 0x08, 0x63, 0x08, 0x63, 0x08, 0x63, 0x08, 0x63, 0x08, 0x63, 0x08, 0x63, 0x08, 0x63, 0x08, 0x27, 0x19, 0x63, 0x08, 0x63, 0x08,
  0x68, 0x19, 0x63, 0x08, 0x63, 0x08, 0x63, 0x08, 0x63, 0x08, 0x63, 0x08, 0x63, 0x08, 0x63, 0x08, 0x63, 0x08, 0x63, 0x08, 0x63, 0x08, 0x63, 0x08, 0x27, 0x19, 0x63, 0x08, 0x63, 0x08, 0x63, 0x08,
  0x63, 0x08, 0x63, 0x08, 0x63, 0x08, 0x63, 0x08, 0x63, 0x08, 0x63, 0x08, 0x63, 0x08, 0x63, 0x08, 0x63, 0x08, 0x63, 0x08, 0x63, 0x08, 0x27, 0x19, 0x63, 0x08, 0x63, 0x08, 0x63, 0x08, 0x63, 0x08,
  0x84, 0x08, 0x63, 0x08, 0x63, 0x08, 0x63, 0x08, 0x63, 0x08, 0x63, 0x08, 0x63, 0x08, 0x63, 0x08, 0x63, 0x08, 0x63, 0x08, 0x63, 0x08, 0x63, 0x08, 0x63, 0x08, 0x63, 0x08, 0x63, 0x08, 0x63, 0x08,
  0x26, 0x19, 0x63, 0x08, 0x63, 0x08, 0x63, 0x08, 0x63, 0x08, 0x63, 0x08, 0x63, 0x08, 0x63, 0x08, 0x63, 0x08, 0x63, 0x08, 0x63, 0x08, 0x63, 0x08, 0x63, 0x08, 0x63, 0x08, 0x63, 0x08, 0x63, 0x08,
  0x84, 0x08, 0x63, 0x08, 0x63, 0x08, 0x26, 0x19, 0x63, 0x08, 0x63, 0x08, 0x63, 0x08, 0x63, 0x08, 0x06, 0x19, 0x63, 0x08, 0x63, 0x08, 0x06, 0x19, 0x63, 0x08, 0x63, 0x08, 0x63, 0x08, 0x63, 0x08,
  0x63, 0x08, 0x63, 0x08, 0x63, 0x08, 0x63, 0x08, 0x63, 0x08, 0x63, 0x08, 0x63, 0x08, 0x63, 0x08, 0x63, 0x08, 0x63, 0x08, 0x63, 0x08, 0x63, 0x08, 0x63, 0x08, 0x63, 0x08, 0x63, 0x08, 0x63, 0x08,
  0x84, 0x08, 0x63, 0x08, 0x63, 0x08, 0x63, 0x08, 0x63, 0x08, 0x63, 0x08, 0x05, 0x19, 0x63, 0x08, 0x63, 0x08, 0x63, 0x08, 0x63, 0x08, 0x63, 0x08, 0x63, 0x08, 0x63, 0x08, 0x63, 0x08, 0x63, 0x08,
  0x63, 0x08, 0x63, 0x08, 0x63, 0x08, 0x63, 0x08, 0x63, 0x08, 0x63, 0x08, 0x05, 0x11, 0x63, 0x08, 0x63, 0x08, 0x63, 0x08, 0x63, 0x08, 0x63, 0x08, 0x63, 0x08, 0x63, 0x08, 0x63, 0x08, 0x63, 0x08,
  0x84, 0x08, 0x05, 0x11, 0x63, 0x08, 0x63, 0x08, 0x63, 0x08, 0x63, 0x08, 0x63, 0x08, 0x63, 0x08, 0x41, 0x28, 0x00, 0x20, 0xaf, 0xac, 0x53, 0xf6, 0xf2, 0xe5, 0x54, 0xee, 0x34, 0xe6, 0x2d, 0xa4,
  0xf0, 0xbc, 0xb3, 0xd5, 0x54, 0xe6, 0xf7, 0xfe, 0x99, 0xff, 0x58, 0xff, 0x38, 0xff, 0x17, 0xff, 0xf7, 0xf6, 0x17, 0xff, 0x17, 0xff, 0xd7, 0xfe, 0xf7, 0xf6, 0x17, 0xff, 0x58, 0xff, 0x79, 0xff,
  0x58, 0xff, 0x58, 0xff, 0x38, 0xff, 0x18, 0xff, 0x18, 0xff, 0xf7, 0xf6, 0xf7, 0xf6, 0xf7, 0xf6, 0x38, 0xff, 0xb6, 0xee, 0x2b, 0x83, 0x88, 0x6a, 0x27, 0x62, 0xea, 0x82, 0x17, 0xf7, 0xd3, 0xd5,
  0x68, 0x6a, 0xe6, 0x59, 0x0a, 0x83, 0x34, 0xde, 0xca, 0x7a, 0xc7, 0x61, 0xc7, 0x59, 0xa9, 0x72, 0x96, 0xe6, 0x58, 0xff, 0x18, 0xff, 0x18, 0xff, 0x38, 0xff, 0x6c, 0x8b, 0x07, 0x62, 0x48, 0x62,
  0x68, 0x6a, 0xd4, 0xd5, 0x58, 0xff, 0x79, 0xff, 0x52, 0xc5, 0x48, 0x62, 0x68, 0x6a, 0x68, 0x6a, 0x2e, 0xa4, 0x58, 0xff, 0xf7, 0xf6, 0x58, 0xff, 0x11, 0xbd, 0xa5, 0x61, 0xe3, 0x48, 0x31, 0xc5,
  0x79, 0xff, 0xd7, 0xf6, 0xf7, 0xf6, 0x17, 0xff, 0x17, 0xff, 0x18, 0xff, 0x38, 0xff, 0x58, 0xff, 0x17, 0xff, 0x58, 0xff, 0x99, 0xff, 0x79, 0xff, 0x38, 0xff, 0xb6, 0xee, 0x96, 0xee, 0x17, 0xff,
  0x95, 0xf6, 0x33, 0xe6, 0x13, 0xe6, 0xf2, 0xe5, 0x90, 0xdd, 0xb5, 0xf6, 0x68, 0x72, 0x00, 0x20, 0xc7, 0x49, 0x63, 0x08, 0x63, 0x08, 0x63, 0x08, 0x63, 0x08, 0x63, 0x08, 0x27, 0x19, 0x63, 0x08,
  0x63, 0x08, 0x63, 0x08, 0x63, 0x08, 0x63, 0x08, 0x63, 0x08, 0x63, 0x08, 0x63, 0x08, 0x63, 0x08, 0x63, 0x08, 0x63, 0x08, 0x63, 0x08, 0x63, 0x08, 0x63, 0x08, 0x63, 0x08, 0x47, 0x19, 0x63, 0x08,
  0x84, 0x08, 0x63, 0x08, 0x63, 0x08, 0x63, 0x08, 0x63, 0x08, 0x63, 0x08, 0x63, 0x08, 0x63, 0x08, 0x63, 0x08, 0x63, 0x08, 0x27, 0x19, 0x63, 0x08, 0x63, 0x08, 0x63, 0x08, 0x63, 0x08, 0x63, 0x08,
  0x63, 0x08, 0x63, 0x08, 0x63, 0x08, 0x63, 0x08, 0x63, 0x08, 0x63, 0x08, 0x63, 0x08, 0x63, 0x08, 0x63, 0x08, 0x63, 0x08, 0x63, 0x08, 0x63, 0x08, 0x63, 0x08, 0x63, 0x08, 0x63, 0x08, 0x63, 0x08,
  0x84, 0x08, 0x63, 0x08, 0x63, 0x08, 0x63, 0x08, 0x63, 0x08, 0x63, 0x08, 0x63, 0x08, 0x63, 0x08, 0x63, 0x08, 0x63, 0x08, 0x63, 0x08, 0x63, 0x08, 0x63, 0x08, 0x63, 0x08, 0x63, 0x08, 0x63, 0x08,
  0x63, 0x08, 0x63, 0x08, 0x63, 0x08, 0x63, 0x08, 0x63, 0x08, 0x63, 0x08, 0x63, 0x08, 0x63, 0x08, 0x63, 0x08, 0x63, 0x08, 0x63, 0x08, 0x63, 0x08, 0x63, 0x08, 0x27, 0x19, 0x63, 0x08, 0x63, 0x08,
  0x68, 0x19, 0x63, 0x08, 0x63, 0x08, 0x63, 0x08, 0x63, 0x08, 0x63, 0x08, 0x63, 0x08, 0x63, 0x08, 0x63, 0x08, 0x63, 0x08, 0x63, 0x08, 0x63, 0x08, 0x27, 0x19, 0x63, 0x08, 0x63, 0x08, 0x63, 0x08,
  0x63, 0x08, 0x63, 0x08, 0x63, 0x08, 0x63, 0x08, 0x63, 0x08, 0x63, 0x08, 0x63, 0x08, 0x63, 0x08, 0x63, 0x08, 0x63, 0x08, 0x63, 0x08, 0x27, 0x19, 0x63, 0x08, 0x63, 0x08, 0x63, 0x08, 0x63, 0x08,
  0x84, 0x08, 0x63, 0x08, 0x63, 0x08, 0x63, 0x08, 0x63, 0x08, 0x63, 0x08, 0x63, 0x08, 0x63, 0x08, 0x63, 0x08, 0x63, 0x08, 0x63, 0x08, 0x63, 0x08, 0x63, 0x08, 0x63, 0x08, 0x63, 0x08, 0x26, 0x19,
  0x63, 0x08, 0x63, 0x08, 0x63, 0x08, 0x63, 0x08, 0x63, 0x08, 0x63, 0x08, 0x63, 0x08, 0x63, 0x08, 0x63, 0x08, 0x63, 0x08, 0x63, 0x08, 0x63, 0x08, 0x63, 0x08, 0x63, 0x08, 0x63, 0x08, 0x63, 0x08,
  0x84, 0x08, 0x63, 0x08, 0x63, 0x08, 0x26, 0x19, 0x63, 0x08, 0x63, 0x08, 0x63, 0x08, 0x63, 0x08, 0x06, 0x19, 0x63, 0x08, 0x63, 0x08, 0x06, 0x19, 0x63, 0x08, 0x63, 0x08, 0x63, 0x08, 0x63, 0x08,
  0x63, 0x08, 0x63, 0x08, 0x63, 0x08, 0x63, 0x08, 0x63, 0x08, 0x63, 0x08, 0x63, 0x08, 0x63, 0x08, 0x63, 0x08, 0x63, 0x08, 0x63, 0x08, 0x63, 0x08, 0x63, 0x08, 0x63, 0x08, 0x63, 0x08, 0x63, 0x08,
  0x84, 0x08, 0x63, 0x08, 0x63, 0x08, 0x63, 0x08, 0x63, 0x08, 0x63, 0x08, 0x05, 0x19, 0x63, 0x08, 0x63, 0x08, 0x63, 0x08, 0x63, 0x08, 0x63, 0x08, 0x63, 0x08, 0x63, 0x08, 0x63, 0x08, 0x63, 0x08,
  0x63, 0x08, 0x63, 0x08, 0x63, 0x08, 0x63, 0x08, 0x63, 0x08, 0x05, 0x11, 0x63, 0x08, 0x63, 0x08, 0x63, 0x08, 0x63, 0x08, 0x63, 0x08, 0x63, 0x08, 0x63, 0x08, 0x63, 0x08, 0x63, 0x08, 0x63, 0x08,
  0x83, 0x08, 0x63, 0x08, 0x05, 0x11, 0x63, 0x08, 0x63, 0x08, 0x63, 0x08, 0x63, 0x08, 0x63, 0x08, 0x41, 0x28, 0x00, 0x20, 0x8e, 0xac, 0x73, 0xf6, 0xf2, 0xe5, 0x33, 0xe6, 0x74, 0xee, 0x44, 0x51,
  0x00, 0x18, 0x00, 0x30, 0x41, 0x38, 0x03, 0x49, 0xac, 0x93, 0x38, 0xff, 0x17, 0xff, 0x17, 0xff, 0x38, 0xff, 0xf7, 0xf6, 0xb6, 0xee, 0x37, 0xff, 0x58, 0xff, 0x58, 0xff, 0x38, 0xff, 0x17, 0xff,
  0x79, 0xff, 0x99, 0xff, 0x99, 0xff, 0x99, 0xff, 0x99, 0xff, 0x79, 0xff, 0x79, 0xff, 0x79, 0xff, 0x17, 0xff, 0x99, 0xff, 0x17, 0xff, 0x96, 0xee, 0x35, 0xe6, 0x14, 0xe6, 0x38, 0xff, 0xb9, 0xff,
  0x55, 0xe6, 0xf4, 0xdd, 0xd3, 0xdd, 0x38, 0xff, 0xd7, 0xf6, 0xd3, 0xd5, 0xb3, 0xd5, 0x92, 0xcd, 0xf7, 0xf6, 0x38, 0xff, 0x18, 0xff, 0x18, 0xff, 0x58, 0xff, 0xf7, 0xf6, 0xf4, 0xd5, 0xf4, 0xdd,
  0xd3, 0xd5, 0xb6, 0xf6, 0x38, 0xff, 0x38, 0xff, 0x79, 0xff, 0x96, 0xee, 0x55, 0xe6, 0x75, 0xee, 0xf7, 0xfe, 0x99, 0xff, 0x79, 0xff, 0x79, 0xff, 0xfb, 0xff, 0x18, 0xff, 0x35, 0xe6, 0xba, 0xff,
  0x18, 0xff, 0x79, 0xff, 0x99, 0xff, 0x78, 0xff, 0x38, 0xff, 0xf7, 0xf6, 0x95, 0xee, 0xb3, 0xd5, 0x37, 0xff, 0xd3, 0xd5, 0x6b, 0x83, 0x68, 0x72, 0x64, 0x59, 0xa2, 0x40, 0xa2, 0x38, 0x47, 0x6a,
  0x34, 0xe6, 0x94, 0xf6, 0x13, 0xe6, 0xf2, 0xe5, 0x90, 0xdd, 0xb5, 0xf6, 0x68, 0x72, 0x00, 0x20, 0xc7, 0x49, 0x63, 0x08, 0x63, 0x08, 0x63, 0x08, 0x63, 0x08, 0x63, 0x08, 0x27, 0x19, 0x63, 0x08,
  0x63, 0x08, 0x63, 0x08, 0x63, 0x08, 0x63, 0x08, 0x63, 0x08, 0x63, 0x08, 0x63, 0x08, 0x63, 0x08, 0x63, 0x08, 0x63, 0x08, 0x63, 0x08, 0x63, 0x08, 0x63, 0x08, 0x63, 0x08, 0x47, 0x19, 0x63, 0x08,
  0x83, 0x08, 0x63, 0x08, 0x63, 0x08, 0x63, 0x08, 0x63, 0x08, 0x63, 0x08, 0x63, 0x08, 0x63, 0x08, 0x63, 0x08, 0x63, 0x08, 0x27, 0x19, 0x63, 0x08, 0x63, 0x08, 0x63, 0x08, 0x63, 0x08, 0x63, 0x08,
  0x63, 0x08, 0x63, 0x08, 0x63, 0x08, 0x63, 0x08, 0x63, 0x08, 0x63, 0x08, 0x63, 0x08, 0x63, 0x08, 0x63, 0x08, 0x63, 0x08, 0x63, 0x08, 0x63, 0x08, 0x63, 0x08, 0x63, 0x08, 0x63, 0x08, 0x63, 0x08,
  0x83, 0x08, 0x63, 0x08, 0x63, 0x08, 0x63, 0x08, 0x63, 0x08, 0x63, 0x08, 0x63, 0x08, 0x63, 0x08, 0x63, 0x08, 0x63, 0x08, 0x63, 0x08, 0x63, 0x08, 0x63, 0x08, 0x63, 0x08, 0x63, 0x08, 0x63, 0x08,
  0x63, 0x08, 0x63, 0x08, 0x63, 0x08, 0x63, 0x08, 0x63, 0x08, 0x63, 0x08, 0x63, 0x08, 0x63, 0x08, 0x63, 0x08, 0x63, 0x08, 0x63, 0x08, 0x63, 0x08, 0x63, 0x08, 0x27, 0x19, 0x63, 0x08, 0x63, 0x08,
  0x67, 0x19, 0x63, 0x08, 0x63, 0x08, 0x63, 0x08, 0x63, 0x08, 0x63, 0x08, 0x63, 0x08, 0x63, 0x08, 0x63, 0x08, 0x63, 0x08, 0x63, 0x08, 0x63, 0x08, 0x27, 0x19, 0x63, 0x08, 0x63, 0x08, 0x63, 0x08,
  0x63, 0x08, 0x63, 0x08, 0x63, 0x08, 0x63, 0x08, 0x63, 0x08, 0x63, 0x08, 0x63, 0x08, 0x63, 0x08, 0x63, 0x08, 0x63, 0x08, 0x63, 0x08, 0x27, 0x19, 0x63, 0x08, 0x63, 0x08, 0x63, 0x08, 0x63, 0x08,
  0x83, 0x08, 0x63, 0x08, 0x63, 0x08, 0x63, 0x08, 0x63, 0x08, 0x63, 0x08, 0x63, 0x08, 0x63, 0x08, 0x63, 0x08, 0x63, 0x08, 0x63, 0x08, 0x63, 0x08, 0x63, 0x08, 0x63, 0x08, 0x26, 0x19, 0x63, 0x08,
  0x63, 0x08, 0x63, 0x08, 0x63, 0x08, 0x63, 0x08, 0x63, 0x08, 0x63, 0x08, 0x63, 0x08, 0x63, 0x08, 0x63, 0x08, 0x63, 0x08, 0x63, 0x08, 0x63, 0x08, 0x63, 0x08, 0x63, 0x08, 0x63, 0x08, 0x63, 0x08,
  0x83, 0x08, 0x63, 0x08, 0x63, 0x08, 0x26, 0x19, 0x63, 0x08, 0x63, 0x08, 0x63, 0x08, 0x63, 0x08, 0x06, 0x19, 0x63, 0x08, 0x63, 0x08, 0x06, 0x19, 0x63, 0x08, 0x63, 0x08, 0x63, 0x08, 0x63, 0x08,
  0x63, 0x08, 0x63, 0x08, 0x63, 0x08, 0x63, 0x08, 0x63, 0x08, 0x63, 0x08, 0x63, 0x08, 0x63, 0x08, 0x63, 0x08, 0x63, 0x08, 0x63, 0x08, 0x63, 0x08, 0x63, 0x08, 0x63, 0x08, 0x63, 0x08, 0x63, 0x08,
  0x83, 0x08, 0x63, 0x08, 0x63, 0x08, 0x63, 0x08, 0x63, 0x08, 0x63, 0x08, 0x05, 0x19, 0x63, 0x08, 0x63, 0x08, 0x63, 0x08, 0x63, 0x08, 0x63, 0x08, 0x63, 0x08, 0x63, 0x08, 0x63, 0x08, 0x63, 0x08,
  0x63, 0x08, 0x63, 0x08, 0x63, 0x08, 0x63, 0x08, 0x05, 0x11, 0x63, 0x08, 0x63, 0x08, 0x63, 0x08, 0x63, 0x08, 0x63, 0x08, 0x63, 0x08, 0x63, 0x08, 0x63, 0x08, 0x63, 0x08, 0x63, 0x08, 0x63, 0x08,
  0x83, 0x08, 0x63, 0x08, 0x63, 0x08, 0x05, 0x11, 0x63, 0x08, 0x63, 0x08, 0x63, 0x08, 0x63, 0x08, 0x41, 0x28, 0x00, 0x20, 0x8e, 0xac, 0x73, 0xf6, 0xf2, 0xdd, 0x13, 0xe6, 0xd5, 0xf6, 0x4a, 0x8b,
  0x00, 0x28, 0x00, 0x30, 0x00, 0x28, 0x00, 0x28, 0x00, 0x18, 0x4b, 0x8b, 0x99, 0xff, 0xd7, 0xf6, 0x58, 0xff, 0xd3, 0xd5, 0xa2, 0x40, 0x03, 0x51, 0x44, 0x51, 0xac, 0x93, 0x38, 0xf7, 0x38, 0xff,
  0x4b, 0x8b, 0x6b, 0x8b, 0x2e, 0xa4, 0x6e, 0xac, 0xb0, 0xb4, 0x11, 0xbd, 0x10, 0xbd, 0x51, 0xc5, 0x38, 0xff, 0x34, 0xde, 0x95, 0xee, 0xb6, 0xee, 0x17, 0xff, 0x99, 0xff, 0xf7, 0xf6, 0xf7, 0xf6,
  0x58, 0xff, 0x78, 0xff, 0xb9, 0xff, 0x38, 0xff, 0x79, 0xff, 0x99, 0xff, 0x99, 0xff, 0x99, 0xff, 0x59, 0xff, 0x79, 0xff, 0x59, 0xff, 0x38, 0xff, 0x18, 0xff, 0x38, 0xff, 0x99, 0xff, 0x58, 0xff,
  0x79, 0xff, 0x58, 0xff, 0xd7, 0xf6, 0xd7, 0xf6, 0xb6, 0xee, 0xd6, 0xee, 0x38, 0xff, 0x79, 0xff, 0x96, 0xee, 0x52, 0xc5, 0xd3, 0xd5, 0x92, 0xcd, 0x11, 0xc5, 0xf0, 0xbc, 0xaf, 0xb4, 0x6b, 0x8b,
  0x55, 0xe6, 0xb0, 0xb4, 0x47, 0x6a, 0xe6, 0x69, 0x64, 0x59, 0xe3, 0x48, 0x81, 0x40, 0x00, 0x30, 0xcf, 0xb4, 0x10, 0xbd, 0x00, 0x18, 0x00, 0x28, 0x00, 0x20, 0x00, 0x28, 0x00, 0x30, 0x00, 0x18,
  0x06, 0x6a, 0x54, 0xee, 0x33, 0xee, 0x12, 0xe6, 0xb0, 0xdd, 0xb5, 0xf6, 0x68, 0x72, 0x00, 0x20, 0xc7, 0x49, 0x63, 0x08, 0x63, 0x08, 0x63, 0x08, 0x63, 0x08, 0x63, 0x08, 0x27, 0x19, 0x63, 0x08,
  0x63, 0x08, 0x63, 0x08, 0x63, 0x08, 0x63, 0x08, 0x63, 0x08, 0x63, 0x08, 0x63, 0x08, 0x63, 0x08, 0x63, 0x08, 0x63, 0x08, 0x63, 0x08, 0x63, 0x08, 0x63, 0x08, 0x63, 0x08, 0x63, 0x08, 0x47, 0x19,
  0x83, 0x08, 0x63, 0x08, 0x63, 0x08, 0x63, 0x08, 0x63, 0x08, 0x63, 0x08, 0x63, 0x08, 0x63, 0x08, 0x63, 0x08, 0x63, 0x08, 0x27, 0x19, 0x63, 0x08, 0x63, 0x08, 0x63, 0x08, 0x63, 0x08, 0x63, 0x08,
  0x63, 0x08, 0x63, 0x08, 0x63, 0x08, 0x63, 0x08, 0x63, 0x08, 0x63, 0x08, 0x63, 0x08, 0x63, 0x08, 0x63, 0x08, 0x63, 0x08, 0x63, 0x08, 0x63, 0x08, 0x63, 0x08, 0x63, 0x08, 0x63, 0x08, 0x63, 0x08,
  0x83, 0x08, 0x63, 0x08, 0x63, 0x08, 0x63, 0x08, 0x63, 0x08, 0x63, 0x08, 0x63, 0x08, 0x63, 0x08, 0x63, 0x08, 0x63, 0x08, 0x63, 0x08, 0x63, 0x08, 0x63, 0x08, 0x63, 0x08, 0x63, 0x08, 0x63, 0x08,
  0x63, 0x08, 0x63, 0x08, 0x63, 0x08, 0x63, 0x08, 0x63, 0x08, 0x63, 0x08, 0x63, 0x08, 0x63, 0x08, 0x63, 0x08, 0x63, 0x08, 0x63, 0x08, 0x63, 0x08, 0x27, 0x19, 0x63, 0x08, 0x63, 0x08, 0x63, 0x08,
  0x67, 0x19, 0x63, 0x08, 0x63, 0x08, 0x63, 0x08, 0x63, 0x08, 0x63, 0x08, 0x63, 0x08, 0x63, 0x08, 0x63, 0x08, 0x63, 0x08, 0x63, 0x08, 0x63, 0x08, 0x27, 0x19, 0x63, 0x08, 0x63, 0x08, 0x63, 0x08,
  0x63, 0x08, 0x63, 0x08, 0x63, 0x08, 0x63, 0x08, 0x63, 0x08, 0x63, 0x08, 0x63, 0x08, 0x63, 0x08, 0x63, 0x08, 0x63, 0x08, 0x63, 0x08, 0x27, 0x19, 0x63, 0x08, 0x63, 0x08, 0x63, 0x08, 0x63, 0x08,
  0x83, 0x08, 0x63, 0x08, 0x63, 0x08, 0x63, 0x08, 0x63, 0x08, 0x63, 0x08, 0x63, 0x08, 0x63, 0x08, 0x63, 0x08, 0x63, 0x08, 0x63, 0x08, 0x63, 0x08, 0x63, 0x08, 0x26, 0x19, 0x63, 0x08, 0x63, 0x08,
  0x63, 0x08, 0x63, 0x08, 0x63, 0x08, 0x63, 0x08, 0x63, 0x08, 0x63, 0x08, 0x63, 0x08, 0x63, 0x08, 0x63, 0x08, 0x63, 0x08, 0x63, 0x08, 0x63, 0x08, 0x63, 0x08, 0x63, 0x08, 0x63, 0x08, 0x63, 0x08,
  0x83, 0x08, 0x63, 0x08, 0x63, 0x08, 0x26, 0x19, 0x63, 0x08, 0x63, 0x08, 0x63, 0x08, 0x63, 0x08, 0x06, 0x19, 0x63, 0x08, 0x63, 0x08, 0x06, 0x19, 0x63, 0x08, 0x63, 0x08, 0x63, 0x08, 0x63, 0x08,
  0x63, 0x08, 0x63, 0x08, 0x63, 0x08, 0x63, 0x08, 0x63, 0x08, 0x63, 0x08, 0x63, 0x08, 0x63, 0x08, 0x63, 0x08, 0x63, 0x08, 0x63, 0x08, 0x63, 0x08, 0x63, 0x08, 0x63, 0x08, 0x63, 0x08, 0x63, 0x08,
  0x83, 0x08, 0x63, 0x08, 0x63, 0x08, 0x63, 0x08, 0x63, 0x08, 0x63, 0x08, 0x05, 0x19, 0x63, 0x08, 0x63, 0x08, 0x63, 0x08, 0x63, 0x08, 0x63, 0x08, 0x63, 0x08, 0x63, 0x08, 0x63, 0x08, 0x63, 0x08,
  0x63, 0x08, 0x63, 0x08, 0x63, 0x08, 0x05, 0x11, 0x63, 0x08, 0x63, 0x08, 0x63, 0x08, 0x63, 0x08, 0x63, 0x08, 0x63, 0x08, 0x63, 0x08, 0x63, 0x08, 0x63, 0x08, 0x63, 0x08, 0x63, 0x08, 0x63, 0x08,
  0x83, 0x08, 0x63, 0x08, 0x63, 0x08, 0x63, 0x08, 0x05, 0x11, 0x63, 0x08, 0x63, 0x08, 0x63, 0x08, 0x41, 0x28, 0x00, 0x20, 0x8e, 0xac, 0x53, 0xf6, 0xf2, 0xdd, 0x13, 0xe6, 0xb5, 0xf6, 0x4a, 0x8b,
  0x00, 0x20, 0xc2, 0x40, 0xc9, 0x7a, 0xc2, 0x40, 0x00, 0x30, 0x00, 0x30, 0x52, 0xc5, 0x38, 0xff, 0x17, 0xff, 0xb6, 0xee, 0x41, 0x38, 0x00, 0x28, 0x00, 0x28, 0xe6, 0x61, 0x92, 0xcd, 0x99, 0xff,
  0x03, 0x49, 0x00, 0x18, 0x00, 0x20, 0x00, 0x20, 0x00, 0x20, 0x00, 0x28, 0x00, 0x20, 0xc2, 0x48, 0xd2, 0xcd, 0x23, 0x49, 0x20, 0x30, 0x41, 0x30, 0xc9, 0x82, 0xf7, 0xf6, 0x27, 0x62, 0xc2, 0x40,
  0xc2, 0x38, 0x88, 0x72, 0x71, 0xc5, 0x44, 0x49, 0x44, 0x51, 0x23, 0x49, 0x2e, 0xa4, 0x79, 0xf7, 0x6b, 0x8b, 0x85, 0x49, 0x06, 0x62, 0x96, 0xe6, 0x14, 0xde, 0x44, 0x49, 0x44, 0x51, 0x23, 0x49,
  0x51, 0xc5, 0x79, 0xff, 0x88, 0x72, 0xa2, 0x38, 0xa2, 0x40, 0x81, 0x38, 0x0d, 0xa4, 0x38, 0xf7, 0x51, 0xc5, 0x00, 0x20, 0x00, 0x30, 0x00, 0x28, 0x00, 0x28, 0x00, 0x28, 0x00, 0x20, 0x00, 0x20,
  0xac, 0x93, 0x6e, 0xb4, 0x00, 0x20, 0x00, 0x28, 0x00, 0x20, 0x00, 0x28, 0x00, 0x30, 0x00, 0x30, 0x8b, 0x8b, 0xb6, 0xf6, 0xa2, 0x40, 0x00, 0x28, 0x44, 0x51, 0xe6, 0x61, 0x41, 0x38, 0x00, 0x30,
  0x20, 0x30, 0x2d, 0xa4, 0x54, 0xee, 0xf2, 0xe5, 0xb1, 0xdd, 0xb5, 0xf6, 0x68, 0x72, 0x00, 0x20, 0xe7, 0x49, 0x63, 0x08, 0x63, 0x08, 0x63, 0x08, 0x63, 0x08, 0x63, 0x08, 0x27, 0x19, 0x63, 0x08,
  0x63, 0x08, 0x63, 0x08, 0x63, 0x08, 0x63, 0x08, 0x63, 0x08, 0x63, 0x08, 0x63, 0x08, 0x63, 0x08, 0x63, 0x08, 0x63, 0x08, 0x63, 0x08, 0x63, 0x08, 0x63, 0x08, 0x63, 0x08, 0x63, 0x08, 0x63, 0x08,
  0x68, 0x19, 0x63, 0x08, 0x63, 0x08, 0x63, 0x08, 0x63, 0x08, 0x63, 0x08, 0x63, 0x08, 0x63, 0x08, 0x63, 0x08, 0x63, 0x08, 0x27, 0x19, 0x63, 0x08, 0x63, 0x08, 0x63, 0x08, 0x63, 0x08, 0x63, 0x08,
  0x63, 0x08, 0x63, 0x08, 0x63, 0x08, 0x63, 0x08, 0x63, 0x08, 0x63, 0x08, 0x63, 0x08, 0x63, 0x08, 0x63, 0x08, 0x63, 0x08, 0x63, 0x08, 0x63, 0x08, 0x63, 0x08, 0x63, 0x08, 0x63, 0x08, 0x63, 0x08,
  0x83, 0x08, 0x63, 0x08, 0x63, 0x08, 0x63, 0x08, 0x63, 0x08, 0x63, 0x08, 0x63, 0x08, 0x63, 0x08, 0x63, 0x08, 0x63, 0x08, 0x63, 0x08, 0x63, 0x08, 0x63, 0x08, 0x63, 0x08, 0x63, 0x08, 0x63, 0x08,
  0x63, 0x08, 0x63, 0x08, 0x63, 0x08, 0x63, 0x08, 0x63, 0x08, 0x63, 0x08, 0x63, 0x08, 0x63, 0x08, 0x63, 0x08, 0x63, 0x08, 0x63, 0x08, 0x27, 0x19, 0x63, 0x08, 0x63, 0x08, 0x63, 0x08, 0x63, 0x08,
  0x67, 0x19, 0x63, 0x08, 0x63, 0x08, 0x63, 0x08, 0x63, 0x08, 0x63, 0x08, 0x63, 0x08, 0x63, 0x08, 0x63, 0x08, 0x63, 0x08, 0x63, 0x08, 0x63, 0x08, 0x27, 0x19, 0x63, 0x08, 0x63, 0x08, 0x63, 0x08,
  0x63, 0x08, 0x63, 0x08, 0x63, 0x08, 0x63, 0x08, 0x63, 0x08, 0x63, 0x08, 0x63, 0x08, 0x63, 0x08, 0x63, 0x08, 0x63, 0x08, 0x63, 0x08, 0x27, 0x19, 0x63, 0x08, 0x63, 0x08, 0x63, 0x08, 0x63, 0x08,
  0x83, 0x08, 0x63, 0x08, 0x63, 0x08, 0x63, 0x08, 0x63, 0x08, 0x63, 0x08, 0x63, 0x08, 0x63, 0x08, 0x63, 0x08, 0x63, 0x08, 0x63, 0x08, 0x63, 0x08, 0x26, 0x19, 0x63, 0x08, 0x63, 0x08, 0x63, 0x08,
  0x63, 0x08, 0x63, 0x08, 0x63, 0x08, 0x63, 0x08, 0x63, 0x08, 0x63, 0x08, 0x63, 0x08, 0x63, 0x08, 0x63, 0x08, 0x63, 0x08, 0x63, 0x08, 0x63, 0x08, 0x63, 0x08, 0x63, 0x08, 0x63, 0x08, 0x63, 0x08,
  0x83, 0x08, 0x63, 0x08, 0x63, 0x08, 0x26, 0x19, 0x63, 0x08, 0x63, 0x08, 0x63, 0x08, 0x63, 0x08, 0x06, 0x19, 0x63, 0x08, 0x63, 0x08, 0x06, 0x19, 0x63, 0x08, 0x63, 0x08, 0x63, 0x08, 0x63, 0x08,
  0x63, 0x08, 0x63, 0x08, 0x63, 0x08, 0x63, 0x08, 0x63, 0x08, 0x63, 0x08, 0x63, 0x08, 0x63, 0x08, 0x63, 0x08, 0x63, 0x08, 0x63, 0x08, 0x63, 0x08, 0x63, 0x08, 0x63, 0x08, 0x63, 0x08, 0x63, 0x08,
  0x83, 0x08, 0x63, 0x08, 0x63, 0x08, 0x63, 0x08, 0x63, 0x08, 0x63, 0x08, 0x05, 0x19, 0x63, 0x08, 0x63, 0x08, 0x63, 0x08, 0x63, 0x08, 0x63, 0x08, 0x63, 0x08, 0x63, 0x08, 0x63, 0x08, 0x63, 0x08,
  0x63, 0x08, 0x63, 0x08, 0x05, 0x11, 0x63, 0x08, 0x63, 0x08, 0x63, 0x08, 0x63, 0x08, 0x63, 0x08, 0x63, 0x08, 0x63, 0x08, 0x63, 0x08, 0x63, 0x08, 0x63, 0x08, 0x63, 0x08, 0x63, 0x08, 0x63, 0x08,
  0x25, 0x19, 0x63, 0x08, 0x63, 0x08, 0x63, 0x08, 0x63, 0x08, 0x05, 0x11, 0x63, 0x08, 0x63, 0x08, 0x41, 0x28, 0x00, 0x20, 0x8e, 0xac, 0x53, 0xf6, 0xf2, 0xdd, 0x13, 0xe6, 0xb5, 0xf6, 0x4a, 0x8b,
  0x00, 0x20, 0x03, 0x49, 0x8f, 0xac, 0xaf, 0xb4, 0x00, 0x28, 0x00, 0x30, 0xea, 0x7a, 0xf7, 0xf6, 0x78, 0xff, 0xd3, 0xd5, 0x00, 0x28, 0x20, 0x30, 0x00, 0x28, 0xa5, 0x59, 0xf3, 0xd5, 0x58, 0xff,
  0xc3, 0x48, 0x61, 0x38, 0x61, 0x38, 0x00, 0x30, 0x00, 0x30, 0x20, 0x38, 0x00, 0x30, 0x61, 0x38, 0xaf, 0xb4, 0xac, 0x93, 0x00, 0x18, 0x41, 0x38, 0x28, 0x72, 0x75, 0xee, 0x0d, 0xa4, 0x00, 0x18,
  0x00, 0x30, 0x06, 0x6a, 0x72, 0xcd, 0xc5, 0x59, 0x00, 0x18, 0x41, 0x38, 0xc9, 0x7a, 0xd6, 0xf6, 0x27, 0x6a, 0x00, 0x10, 0x03, 0x49, 0xac, 0x93, 0x17, 0xf7, 0x03, 0x49, 0x00, 0x18, 0x03, 0x49,
  0x4b, 0x8b, 0xb9, 0xff, 0x4b, 0x8b, 0x00, 0x18, 0x00, 0x28, 0x20, 0x30, 0xc9, 0x7a, 0x17, 0xff, 0x71, 0xcd, 0x00, 0x20, 0x00, 0x30, 0x00, 0x30, 0x00, 0x30, 0x00, 0x30, 0x41, 0x38, 0x00, 0x30,
  0xc9, 0x72, 0xd3, 0xd5, 0x81, 0x38, 0x00, 0x28, 0x24, 0x51, 0xc6, 0x59, 0x64, 0x51, 0x61, 0x38, 0x8c, 0x8b, 0x75, 0xee, 0xa2, 0x40, 0x00, 0x20, 0x47, 0x72, 0xaf, 0xbc, 0x8b, 0x93, 0x00, 0x20,
  0x20, 0x30, 0x09, 0x83, 0x13, 0xe6, 0x12, 0xe6, 0xb1, 0xdd, 0xb5, 0xf6, 0x68, 0x72, 0x00, 0x20, 0xe7, 0x49, 0x63, 0x08, 0x63, 0x08, 0x63, 0x08, 0x63, 0x08, 0x63, 0x08, 0x27, 0x19, 0x63, 0x08,
  0x63, 0x08, 0x63, 0x08, 0x63, 0x08, 0x63, 0x08, 0x63, 0x08, 0x63, 0x08, 0x63, 0x08, 0x63, 0x08, 0x63, 0x08, 0x63, 0x08, 0x63, 0x08, 0x63, 0x08, 0x63, 0x08, 0x63, 0x08, 0x63, 0x08, 0x63, 0x08,
  0x83, 0x08, 0x47, 0x19, 0x63, 0x08, 0x63, 0x08, 0x63, 0x08, 0x63, 0x08, 0x63, 0x08, 0x63, 0x08, 0x63, 0x08, 0x63, 0x08, 0x27, 0x19, 0x63, 0x08, 0x63, 0x08, 0x63, 0x08, 0x63, 0x08, 0x63, 0x08,
  0x63, 0x08, 0x63, 0x08, 0x63, 0x08, 0x63, 0x08, 0x63, 0x08, 0x63, 0x08, 0x63, 0x08, 0x63, 0x08, 0x63, 0x08, 0x63, 0x08, 0x63, 0x08, 0x63, 0x08, 0x63, 0x08, 0x63, 0x08, 0x63, 0x08, 0x63, 0x08,
  0x83, 0x08, 0x63, 0x08, 0x63, 0x08, 0x63, 0x08, 0x63, 0x08, 0x63, 0x08, 0x63, 0x08, 0x63, 0x08, 0x63, 0x08, 0x63, 0x08, 0x63, 0x08, 0x63, 0x08, 0x63, 0x08, 0x63, 0x08, 0x63, 0x08, 0x63, 0x08,
  0x63, 0x08, 0x63, 0x08, 0x63, 0x08, 0x63, 0x08, 0x63, 0x08, 0x63, 0x08, 0x63, 0x08, 0x63, 0x08, 0x63, 0x08, 0x63, 0x08, 0x27, 0x19, 0x63, 0x08, 0x63, 0x08, 0x63, 0x08, 0x63, 0x08, 0x63, 0x08,
  0x67, 0x19, 0x63, 0x08, 0x63, 0x08, 0x63, 0x08, 0x63, 0x08, 0x63, 0x08, 0x63, 0x08, 0x63, 0x08, 0x63, 0x08, 0x63, 0x08, 0x63, 0x08, 0x63, 0x08, 0x27, 0x19, 0x63, 0x08, 0x63, 0x08, 0x63, 0x08,
  0x63, 0x08, 0x63, 0x08, 0x63, 0x08, 0x63, 0x08, 0x63, 0x08, 0x63, 0x08, 0x63, 0x08, 0x63, 0x08, 0x63, 0x08, 0x63, 0x08, 0x63, 0x08, 0x27, 0x19, 0x63, 0x08, 0x63, 0x08, 0x63, 0x08, 0x63, 0x08,
  0x83, 0x08, 0x63, 0x08, 0x63, 0x08, 0x63, 0x08, 0x63, 0x08, 0x63, 0x08, 0x63, 0x08, 0x63, 0x08, 0x63, 0x08, 0x63, 0x08, 0x63, 0x08, 0x26, 0x19, 0x63, 0x08, 0x63, 0x08, 0x63, 0x08, 0x63, 0x08,
  0x63, 0x08, 0x63, 0x08, 0x63, 0x08, 0x63, 0x08, 0x63, 0x08, 0x63, 0x08, 0x63, 0x08, 0x63, 0x08, 0x63, 0x08, 0x63, 0x08, 0x63, 0x08, 0x63, 0x08, 0x63, 0x08, 0x63, 0x08, 0x63, 0x08, 0x63, 0x08,
  0x83, 0x08, 0x63, 0x08, 0x63, 0x08, 0x26, 0x19, 0x63, 0x08, 0x63, 0x08, 0x63, 0x08, 0x63, 0x08, 0x06, 0x19, 0x63, 0x08, 0x06, 0x19, 0x63, 0x08, 0x63, 0x08, 0x63, 0x08, 0x63, 0x08, 0x63, 0x08,
  0x63, 0x08, 0x63, 0x08, 0x63, 0x08, 0x63, 0x08, 0x63, 0x08, 0x63, 0x08, 0x63, 0x08, 0x63, 0x08, 0x63, 0x08, 0x63, 0x08, 0x63, 0x08, 0x63, 0x08, 0x63, 0x08, 0x63, 0x08, 0x63, 0x08, 0x63, 0x08,
  0x83, 0x08, 0x63, 0x08, 0x63, 0x08, 0x63, 0x08, 0x63, 0x08, 0x63, 0x08, 0x05, 0x19, 0x63, 0x08, 0x63, 0x08, 0x63, 0x08, 0x63, 0x08, 0x63, 0x08, 0x63, 0x08, 0x63, 0x08, 0x63, 0x08, 0x63, 0x08,
  0x63, 0x08, 0x05, 0x11, 0x63, 0x08, 0x63, 0x08, 0x63, 0x08, 0x63, 0x08, 0x63, 0x08, 0x63, 0x08, 0x63, 0x08, 0x63, 0x08, 0x63, 0x08, 0x63, 0x08, 0x63, 0x08, 0x63, 0x08, 0x63, 0x08, 0x63, 0x08,
  0x83, 0x08, 0xe5, 0x10, 0x63, 0x08, 0x63, 0x08, 0x63, 0x08, 0x63, 0x08, 0x05, 0x11, 0x63, 0x08, 0x41, 0x28, 0x00, 0x20, 0x6e, 0xac, 0x53, 0xf6, 0xd2, 0xdd, 0x13, 0xe6, 0xb5, 0xf6, 0x2a, 0x8b,
  0x00, 0x20, 0xc2, 0x40, 0xb0, 0xb4, 0x75, 0xee, 0x00, 0x30, 0x00, 0x30, 0x27, 0x6a, 0x35, 0xe6, 0xb9, 0xff, 0xcf, 0xb4, 0x00, 0x20, 0x20, 0x30, 0x00, 0x28, 0xe3, 0x40, 0x52, 0xc5, 0x17, 0xff,
  0x47, 0x6a, 0xe9, 0x82, 0x2b, 0x83, 0x00, 0x28, 0x00, 0x30, 0xca, 0x7a, 0xca, 0x72, 0x24, 0x41, 0x10, 0xbd, 0x0d, 0xa4, 0x00, 0x18, 0x61, 0x38, 0x2b, 0x83, 0x78, 0xff, 0x8f, 0xac, 0x00, 0x20,
  0x40, 0x38, 0xe9, 0x7a, 0x58, 0xff, 0xcc, 0x9b, 0x00, 0x20, 0x61, 0x38, 0xed, 0x9b, 0x38, 0xff, 0x44, 0x49, 0x00, 0x28, 0xa2, 0x40, 0x4e, 0xa4, 0x38, 0xff, 0x03, 0x49, 0x00, 0x28, 0xc6, 0x61,
  0xf0, 0xbc, 0xfa, 0xff, 0x27, 0x6a, 0x00, 0x20, 0x20, 0x30, 0x00, 0x28, 0x0a, 0x7b, 0x78, 0xff, 0xf0, 0xbc, 0xe3, 0x38, 0xa9, 0x7a, 0x44, 0x51, 0x00, 0x20, 0x03, 0x49, 0x8c, 0x8b, 0x48, 0x62,
  0xa8, 0x6a, 0xb2, 0xd5, 0x81, 0x38, 0x00, 0x28, 0x68, 0x6a, 0x2e, 0xa4, 0x31, 0xbd, 0x72, 0xc5, 0xea, 0x7a, 0x34, 0xe6, 0xa2, 0x40, 0x00, 0x28, 0xc5, 0x59, 0x54, 0xee, 0x51, 0xcd, 0x00, 0x20,
  0x20, 0x30, 0xa8, 0x7a, 0xd2, 0xe5, 0xf2, 0xe5, 0x90, 0xdd, 0xb5, 0xf6, 0x68, 0x72, 0x00, 0x20, 0xe7, 0x49, 0x63, 0x08, 0x63, 0x08, 0x63, 0x08, 0x63, 0x08, 0x63, 0x08, 0x27, 0x19, 0x63, 0x08,
  0x63, 0x08, 0x63, 0x08, 0x63, 0x08, 0x63, 0x08, 0x63, 0x08, 0x63, 0x08, 0x63, 0x08, 0x63, 0x08, 0x63, 0x08, 0x63, 0x08, 0x63, 0x08, 0x63, 0x08, 0x63, 0x08, 0x63, 0x08, 0x63, 0x08, 0x63, 0x08,
  0x83, 0x08, 0x63, 0x08, 0x47, 0x19, 0x63, 0x08, 0x63, 0x08, 0x63, 0x08, 0x63, 0x08, 0x63, 0x08, 0x63, 0x08, 0x63, 0x08, 0x27, 0x19, 0x63, 0x08, 0x63, 0x08, 0x63, 0x08, 0x63, 0x08, 0x63, 0x08,
  0x63, 0x08, 0x63, 0x08, 0x63, 0x08, 0x63, 0x08, 0x63, 0x08, 0x63, 0x08, 0x63, 0x08, 0x63, 0x08, 0x63, 0x08, 0x63, 0x08, 0x63, 0x08, 0x63, 0x08, 0x63, 0x08, 0x63, 0x08, 0x63, 0x08, 0x63, 0x08,
  0x83, 0x08, 0x63, 0x08, 0x63, 0x08, 0x63, 0x08, 0x63, 0x08, 0x63, 0x08, 0x63, 0x08, 0x63, 0x08, 0x63, 0x08, 0x63, 0x08, 0x63, 0x08, 0x63, 0x08, 0x63, 0x08, 0x63, 0x08, 0x63, 0x08, 0x63, 0x08,
  0x63, 0x08, 0x63, 0x08, 0x63, 0x08, 0x63, 0x08, 0x63, 0x08, 0x63, 0x08, 0x63, 0x08, 0x63, 0x08, 0x63, 0x08, 0x27, 0x19, 0x63, 0x08, 0x63, 0x08, 0x63, 0x08, 0x63, 0x08, 0x63, 0x08, 0x63, 0x08,
  0x67, 0x19, 0x63, 0x08, 0x63, 0x08, 0x63, 0x08, 0x63, 0x08, 0x63, 0x08, 0x63, 0x08, 0x63, 0x08, 0x63, 0x08, 0x63, 0x08, 0x63, 0x08, 0x63, 0x08, 0x27, 0x19, 0x63, 0x08, 0x63, 0x08, 0x63, 0x08,
  0x63, 0x08, 0x63, 0x08, 0x63, 0x08, 0x63, 0x08, 0x63, 0x08, 0x63, 0x08, 0x63, 0x08, 0x63, 0x08, 0x63, 0x08, 0x63, 0x08, 0x63, 0x08, 0x27, 0x19, 0x63, 0x08, 0x63, 0x08, 0x63, 0x08, 0x63, 0x08,
  0x83, 0x08, 0x63, 0x08, 0x63, 0x08, 0x63, 0x08, 0x63, 0x08, 0x63, 0x08, 0x63, 0x08, 0x63, 0x08, 0x63, 0x08, 0x63, 0x08, 0x26, 0x19, 0x63, 0x08, 0x63, 0x08, 0x63, 0x08, 0x63, 0x08, 0x63, 0x08,
  0x63, 0x08, 0x63, 0x08, 0x63, 0x08, 0x63, 0x08, 0x63, 0x08, 0x63, 0x08, 0x63, 0x08, 0x63, 0x08, 0x63, 0x08, 0x63, 0x08, 0x63, 0x08, 0x63, 0x08, 0x63, 0x08, 0x63, 0x08, 0x63, 0x08, 0x63, 0x08,
  0x83, 0x08, 0x63, 0x08, 0x63, 0x08, 0x26, 0x19, 0x63, 0x08, 0x63, 0x08, 0x63, 0x08, 0x63, 0x08, 0x06, 0x19, 0x06, 0x19, 0x63, 0x08, 0x63, 0x08, 0x63, 0x08, 0x63, 0x08, 0x63, 0x08, 0x63, 0x08,
  0x63, 0x08, 0x63, 0x08, 0x63, 0x08, 0x63, 0x08, 0x63, 0x08, 0x63, 0x08, 0x63, 0x08, 0x63, 0x08, 0x63, 0x08, 0x63, 0x08, 0x63, 0x08, 0x63, 0x08, 0x63, 0x08, 0x63, 0x08, 0x63, 0x08, 0x63, 0x08,
  0x83, 0x08, 0x63, 0x08, 0x63, 0x08, 0x63, 0x08, 0x63, 0x08, 0x63, 0x08, 0x05, 0x19, 0x63, 0x08, 0x63, 0x08, 0x63, 0x08, 0x63, 0x08, 0x63, 0x08, 0x63, 0x08, 0x63, 0x08, 0x63, 0x08, 0x63, 0x08,
  0x05, 0x11, 0x63, 0x08, 0x63, 0x08, 0x63, 0x08, 0x63, 0x08, 0x63, 0x08, 0x63, 0x08, 0x63, 0x08, 0x63, 0x08, 0x63, 0x08, 0x63, 0x08, 0x63, 0x08, 0x63, 0x08, 0x63, 0x08, 0x63, 0x08, 0x63, 0x08,
  0x83, 0x08, 0x63, 0x08, 0xe5, 0x10, 0x63, 0x08, 0x63, 0x08, 0x63, 0x08, 0x63, 0x08, 0x05, 0x11, 0x41, 0x28, 0x00, 0x20, 0x6e, 0xac, 0x33, 0xee, 0xd1, 0xdd, 0x13, 0xe6, 0xb5, 0xf6, 0x2a, 0x8b,
  0x00, 0x20, 0xc3, 0x40, 0xb3, 0xcd, 0x51, 0xcd, 0x00, 0x20, 0x00, 0x30, 0x48, 0x6a, 0xd3, 0xd5, 0xfa, 0xff, 0x8b, 0x93, 0x00, 0x20, 0x00, 0x30, 0x00, 0x28, 0x81, 0x38, 0xaf, 0xac, 0x99, 0xff,
  0x31, 0xc5, 0x92, 0xcd, 0xf0, 0xbc, 0x00, 0x20, 0x20, 0x30, 0x89, 0x72, 0xb6, 0xee, 0xb3, 0xcd, 0x4e, 0xa4, 0x2d, 0xa4, 0x00, 0x18, 0x41, 0x38, 0x4b, 0x8b, 0x58, 0xff, 0x6e, 0xac, 0x00, 0x20,
  0x20, 0x30, 0xc9, 0x72, 0x38, 0xff, 0xf0, 0xbc, 0x00, 0x20, 0x00, 0x30, 0x8c, 0x93, 0x35, 0xde, 0x41, 0x30, 0x00, 0x28, 0x00, 0x30, 0xcd, 0x93, 0x55, 0xe6, 0x40, 0x30, 0x00, 0x28, 0x27, 0x6a,
  0xd3, 0xd5, 0x99, 0xff, 0x03, 0x49, 0x00, 0x28, 0x20, 0x30, 0x00, 0x28, 0x27, 0x62, 0x96, 0xee, 0xf7, 0xee, 0x2a, 0x8b, 0x31, 0xc5, 0x68, 0x72, 0x00, 0x18, 0x04, 0x49, 0x6f, 0xac, 0x58, 0xf7,
  0x2e, 0xa4, 0x72, 0xcd, 0x81, 0x38, 0x00, 0x28, 0xc6, 0x59, 0x14, 0xde, 0xfa, 0xff, 0x17, 0xff, 0xb3, 0xd5, 0x75, 0xee, 0x82, 0x40, 0x00, 0x28, 0xc5, 0x59, 0x95, 0xee, 0x8f, 0xb4, 0x00, 0x20,
  0x41, 0x38, 0x88, 0x7a, 0x91, 0xdd, 0xf1, 0xe5, 0x90, 0xdd, 0x94, 0xf6, 0x68, 0x72, 0x00, 0x20, 0xe7, 0x49, 0x63, 0x08, 0x63, 0x08, 0x63, 0x08, 0x63, 0x08, 0x63, 0x08, 0x27, 0x19, 0x63, 0x08,
  0x63, 0x08, 0x63, 0x08, 0x63, 0x08, 0x63, 0x08, 0x63, 0x08, 0x63, 0x08, 0x63, 0x08, 0x63, 0x08, 0x63, 0x08, 0x63, 0x08, 0x63, 0x08, 0x63, 0x08, 0x63, 0x08, 0x63, 0x08, 0x63, 0x08, 0x63, 0x08,
  0x83, 0x08, 0x63, 0x08, 0x63, 0x08, 0x47, 0x19, 0x63, 0x08, 0x63, 0x08, 0x63, 0x08, 0x63, 0x08, 0x63, 0x08, 0x63, 0x08, 0x27, 0x19, 0x63, 0x08, 0x63, 0x08, 0x63, 0x08, 0x63, 0x08, 0x63, 0x08,
  0x63, 0x08, 0x63, 0x08, 0x63, 0x08, 0x63, 0x08, 0x63, 0x08, 0x63, 0x08, 0x63, 0x08, 0x63, 0x08, 0x63, 0x08, 0x63, 0x08, 0x63, 0x08, 0x63, 0x08, 0x63, 0x08, 0x63, 0x08, 0x63, 0x08, 0x63, 0x08,
  0x83, 0x08, 0x63, 0x08, 0x63, 0x08, 0x63, 0x08, 0x63, 0x08, 0x63, 0x08, 0x63, 0x08, 0x63, 0x08, 0x63, 0x08, 0x63, 0x08, 0x63, 0x08, 0x63, 0x08, 0x63, 0x08, 0x63, 0x08, 0x63, 0x08, 0x63, 0x08,
  0x63, 0x08, 0x63, 0x08, 0x63, 0x08, 0x63, 0x08, 0x63, 0x08, 0x63, 0x08, 0x63, 0x08, 0x63, 0x08, 0x27, 0x19, 0x63, 0x08, 0x63, 0x08, 0x63, 0x08, 0x63, 0x08, 0x63, 0x08, 0x63, 0x08, 0x63, 0x08,
  0x67, 0x19, 0x63, 0x08, 0x63, 0x08, 0x63, 0x08, 0x63, 0x08, 0x63, 0x08, 0x63, 0x08, 0x63, 0x08, 0x63, 0x08, 0x63, 0x08, 0x63, 0x08, 0x63, 0x08, 0x27, 0x19, 0x63, 0x08, 0x63, 0x08, 0x63, 0x08,
  0x63, 0x08, 0x63, 0x08, 0x63, 0x08, 0x63, 0x08, 0x63, 0x08, 0x63, 0x08, 0x63, 0x08, 0x63, 0x08, 0x63, 0x08, 0x63, 0x08, 0x63, 0x08, 0x27, 0x19, 0x63, 0x08, 0x63, 0x08, 0x63, 0x08, 0x63, 0x08,
  0x83, 0x08, 0x63, 0x08, 0x63, 0x08, 0x63, 0x08, 0x63, 0x08, 0x63, 0x08, 0x63, 0x08, 0x63, 0x08, 0x63, 0x08, 0x26, 0x19, 0x63, 0x08, 0x63, 0x08, 0x63, 0x08, 0x63, 0x08, 0x63, 0x08, 0x63, 0x08,
  0x63, 0x08, 0x63, 0x08, 0x63, 0x08, 0x63, 0x08, 0x63, 0x08, 0x63, 0x08, 0x63, 0x08, 0x63, 0x08, 0x63, 0x08, 0x63, 0x08, 0x63, 0x08, 0x63, 0x08, 0x63, 0x08, 0x63, 0x08, 0x63, 0x08, 0x63, 0x08,
  0x83, 0x08, 0x63, 0x08, 0x63, 0x08, 0x26, 0x19, 0x63, 0x08, 0x63, 0x08, 0x63, 0x08, 0x63, 0x08, 0x06, 0x19, 0x63, 0x08, 0x63, 0x08, 0x63, 0x08, 0x63, 0x08, 0x63, 0x08, 0x63, 0x08, 0x63, 0x08,
  0x63, 0x08, 0x63, 0x08, 0x63, 0x08, 0x63, 0x08, 0x63, 0x08, 0x63, 0x08, 0x63, 0x08, 0x63, 0x08, 0x63, 0x08, 0x63, 0x08, 0x63, 0x08, 0x63, 0x08, 0x63, 0x08, 0x63, 0x08, 0x63, 0x08, 0x63, 0x08,
  0x83, 0x08, 0x63, 0x08, 0x63, 0x08, 0x63, 0x08, 0x63, 0x08, 0x63, 0x08, 0x05, 0x19, 0x63, 0x08, 0x63, 0x08, 0x63, 0x08, 0x63, 0x08, 0x63, 0x08, 0x63, 0x08, 0x63, 0x08, 0x63, 0x08, 0x05, 0x11,
  0x63, 0x08, 0x63, 0x08, 0x63, 0x08, 0x63, 0x08, 0x63, 0x08, 0x63, 0x08, 0x63, 0x08, 0x63, 0x08, 0x63, 0x08, 0x63, 0x08, 0x63, 0x08, 0x63, 0x08, 0x63, 0x08, 0x63, 0x08, 0x63, 0x08, 0x63, 0x08,
  0x83, 0x08, 0x63, 0x08, 0x63, 0x08, 0xe5, 0x10, 0x63, 0x08, 0x63, 0x08, 0x63, 0x08, 0x63, 0x08, 0x61, 0x28, 0x00, 0x20, 0x8e, 0xac, 0x32, 0xee, 0xb1, 0xdd, 0xf2, 0xe5, 0xb5, 0xf6, 0x09, 0x83,
  0x00, 0x20, 0x41, 0x38, 0x88, 0x72, 0xc2, 0x40, 0x00, 0x20, 0x03, 0x41, 0xa9, 0x7a, 0x35, 0xe6, 0xb9, 0xff, 0x68, 0x72, 0x00, 0x20, 0x44, 0x51, 0x20, 0x30, 0x00, 0x30, 0xed, 0x9b, 0x17, 0xff,
  0x17, 0xff, 0xda, 0xff, 0xaf, 0xb4, 0x00, 0x20, 0x00, 0x30, 0xca, 0x7a, 0xd6, 0xf6, 0x17, 0xff, 0xd7, 0xee, 0xcc, 0x9b, 0x00, 0x20, 0x41, 0x38, 0x8c, 0x93, 0xb9, 0xff, 0xaf, 0xb4, 0x00, 0x20,
  0x00, 0x30, 0xc9, 0x72, 0xf7, 0xf6, 0xf4, 0xdd, 0x00, 0x28, 0x00, 0x28, 0x2a, 0x83, 0x31, 0xbd, 0x00, 0x28, 0x00, 0x30, 0x00, 0x28, 0x4b, 0x83, 0xf0, 0xbc, 0x00, 0x28, 0x41, 0x30, 0xa9, 0x7a,
  0xb6, 0xee, 0xb6, 0xee, 0x40, 0x30, 0x00, 0x30, 0x20, 0x38, 0x00, 0x28, 0x44, 0x51, 0xf4, 0xd5, 0x78, 0xff, 0x55, 0xe6, 0xba, 0xff, 0x27, 0x6a, 0x00, 0x20, 0xe3, 0x40, 0xb0, 0xb4, 0x58, 0xff,
  0xf7, 0xfe, 0x55, 0xe6, 0x41, 0x30, 0x00, 0x28, 0x48, 0x6a, 0x54, 0xe6, 0x11, 0xbd, 0xb6, 0xf6, 0x79, 0xff, 0x95, 0xee, 0x81, 0x40, 0x00, 0x20, 0x47, 0x6a, 0xd2, 0xd5, 0x64, 0x51, 0x00, 0x20,
  0xc2, 0x48, 0xe9, 0x82, 0xd1, 0xdd, 0xd1, 0xdd, 0x70, 0xd5, 0x94, 0xf6, 0x47, 0x6a, 0x00, 0x20, 0xc7, 0x49, 0x63, 0x08, 0x63, 0x08, 0x63, 0x08, 0x63, 0x08, 0x63, 0x08, 0x27, 0x19, 0x63, 0x08,
  0x63, 0x08, 0x63, 0x08, 0x63, 0x08, 0x63, 0x08, 0x63, 0x08, 0x63, 0x08, 0x63, 0x08, 0x63, 0x08, 0x63, 0x08, 0x63, 0x08, 0x63, 0x08, 0x63, 0x08, 0x63, 0x08, 0x63, 0x08, 0x63, 0x08, 0x63, 0x08,
  0x83, 0x08, 0x63, 0x08, 0x63, 0x08, 0x63, 0x08, 0x47, 0x19, 0x63, 0x08, 0x63, 0x08, 0x63, 0x08, 0x63, 0x08, 0x63, 0x08, 0x27, 0x19, 0x63, 0x08, 0x63, 0x08, 0x63, 0x08, 0x63, 0x08, 0x63, 0x08,
  0x63, 0x08, 0x63, 0x08, 0x63, 0x08, 0x63, 0x08, 0x63, 0x08, 0x63, 0x08, 0x63, 0x08, 0x63, 0x08, 0x63, 0x08, 0x63, 0x08, 0x63, 0x08, 0x63, 0x08, 0x63, 0x08, 0x63, 0x08, 0x63, 0x08, 0x63, 0x08,
  0x83, 0x08, 0x63, 0x08, 0x63, 0x08, 0x63, 0x08, 0x63, 0x08, 0x63, 0x08, 0x63, 0x08, 0x63, 0x08, 0x63, 0x08, 0x63, 0x08, 0x63, 0x08, 0x63, 0x08, 0x63, 0x08, 0x63, 0x08, 0x63, 0x08, 0x63, 0x08,
  0x63, 0x08, 0x63, 0x08, 0x63, 0x08, 0x63, 0x08, 0x63, 0x08, 0x63, 0x08, 0x63, 0x08, 0x27, 0x19, 0x63, 0x08, 0x63, 0x08, 0x63, 0x08, 0x63, 0x08, 0x63, 0x08, 0x63, 0x08, 0x63, 0x08, 0x63, 0x08,
  0x67, 0x19, 0x63, 0x08, 0x63, 0x08, 0x63, 0x08, 0x63, 0x08, 0x63, 0x08, 0x63, 0x08, 0x63, 0x08, 0x63, 0x08, 0x63, 0x08, 0x63, 0x08, 0x63, 0x08, 0x27, 0x19, 0x63, 0x08, 0x63, 0x08, 0x63, 0x08,
  0x63, 0x08, 0x63, 0x08, 0x63, 0x08, 0x63, 0x08, 0x63, 0x08, 0x63, 0x08, 0x63, 0x08, 0x63, 0x08, 0x63, 0x08, 0x63, 0x08, 0x63, 0x08, 0x27, 0x19, 0x63, 0x08, 0x63, 0x08, 0x63, 0x08, 0x63, 0x08,
  0x83, 0x08, 0x63, 0x08, 0x63, 0x08, 0x63, 0x08, 0x63, 0x08, 0x63, 0x08, 0x63, 0x08, 0x63, 0x08, 0x26, 0x19, 0x63, 0x08, 0x63, 0x08, 0x63, 0x08, 0x63, 0x08, 0x63, 0x08, 0x63, 0x08, 0x63, 0x08,
  0x63, 0x08, 0x63, 0x08, 0x63, 0x08, 0x63, 0x08, 0x63, 0x08, 0x63, 0x08, 0x63, 0x08, 0x63, 0x08, 0x63, 0x08, 0x63, 0x08, 0x63, 0x08, 0x63, 0x08, 0x63, 0x08, 0x63, 0x08, 0x63, 0x08, 0x63, 0x08,
  0x83, 0x08, 0x63, 0x08, 0x63, 0x08, 0x26, 0x19, 0x63, 0x08, 0x63, 0x08, 0x63, 0x08, 0x06, 0x19, 0x06, 0x19, 0x63, 0x08, 0x63, 0x08, 0x63, 0x08, 0x63, 0x08, 0x63, 0x08, 0x63, 0x08, 0x63, 0x08,
  0x63, 0x08, 0x63, 0x08, 0x63, 0x08, 0x63, 0x08, 0x63, 0x08, 0x63, 0x08, 0x63, 0x08, 0x63, 0x08, 0x63, 0x08, 0x63, 0x08, 0x63, 0x08, 0x63, 0x08, 0x63, 0x08, 0x63, 0x08, 0x63, 0x08, 0x63, 0x08,
  0x83, 0x08, 0x63, 0x08, 0x63, 0x08, 0x63, 0x08, 0x63, 0x08, 0x63, 0x08, 0x05, 0x19, 0x63, 0x08, 0x63, 0x08, 0x63, 0x08, 0x63, 0x08, 0x63, 0x08, 0x63, 0x08, 0x63, 0x08, 0x05, 0x11, 0x63, 0x08,
  0x63, 0x08, 0x63, 0x08, 0x63, 0x08, 0x63, 0x08, 0x63, 0x08, 0x63, 0x08, 0x63, 0x08, 0x63, 0x08, 0x63, 0x08, 0x63, 0x08, 0x63, 0x08, 0x63, 0x08, 0x63, 0x08, 0x63, 0x08, 0x63, 0x08, 0x63, 0x08,
  0x83, 0x08, 0x63, 0x08, 0x63, 0x08, 0x63, 0x08, 0xe5, 0x10, 0x63, 0x08, 0x63, 0x08, 0x63, 0x08, 0x41, 0x28, 0x00, 0x20, 0x6e, 0xac, 0x12, 0xee, 0x90, 0xdd, 0xf2, 0xdd, 0x94, 0xee, 0x26, 0x6a,
  0x00, 0x28, 0x00, 0x30, 0x00, 0x20, 0x00, 0x30, 0x40, 0x30, 0xc9, 0x7a, 0xed, 0xa3, 0x59, 0xff, 0xd7, 0xf6, 0x03, 0x49, 0x00, 0x20, 0xac, 0x93, 0xa2, 0x40, 0x00, 0x28, 0xea, 0x82, 0xf7, 0xf6,
  0xf7, 0xfe, 0x79, 0xff, 0xd0, 0xb4, 0x00, 0x20, 0x00, 0x30, 0xea, 0x7a, 0xd6, 0xf6, 0x18, 0xff, 0xba, 0xff, 0xcc, 0x9b, 0x00, 0x20, 0x20, 0x38, 0xac, 0x93, 0x34, 0xd6, 0x6b, 0x93, 0x00, 0x20,
  0x20, 0x30, 0xea, 0x7a, 0xb6, 0xee, 0xf7, 0xf6, 0xa2, 0x40, 0x00, 0x20, 0x0a, 0x83, 0x0d, 0x9c, 0x00, 0x20, 0x20, 0x30, 0x00, 0x20, 0x2b, 0x83, 0x0d, 0x9c, 0x00, 0x20, 0xa2, 0x40, 0x4b, 0x8b,
  0x58, 0xff, 0x92, 0xcd, 0x00, 0x20, 0xa2, 0x40, 0x48, 0x6a, 0x00, 0x28, 0xa2, 0x40, 0x11, 0xbd, 0x58, 0xff, 0x18, 0xff, 0x79, 0xff, 0x47, 0x6a, 0x00, 0x20, 0x03, 0x49, 0xaf, 0xb4, 0x37, 0xff,
  0x17, 0xff, 0x75, 0xe6, 0x40, 0x38, 0x00, 0x28, 0xe3, 0x48, 0x23, 0x49, 0x41, 0x30, 0xf0, 0xbc, 0x58, 0xff, 0x34, 0xe6, 0x41, 0x30, 0x00, 0x28, 0x82, 0x40, 0x41, 0x38, 0x00, 0x28, 0x00, 0x28,
  0xe6, 0x69, 0x8b, 0x9b, 0x12, 0xee, 0xb0, 0xdd, 0x70, 0xd5, 0x74, 0xf6, 0x47, 0x6a, 0x00, 0x20, 0xc7, 0x49, 0x63, 0x08, 0x63, 0x08, 0x63, 0x08, 0x63, 0x08, 0x63, 0x08, 0x27, 0x19, 0x63, 0x08,
  0x63, 0x08, 0x63, 0x08, 0x63, 0x08, 0x63, 0x08, 0x63, 0x08, 0x63, 0x08, 0x63, 0x08, 0x63, 0x08, 0x63, 0x08, 0x63, 0x08, 0x63, 0x08, 0x63, 0x08, 0x63, 0x08, 0x63, 0x08, 0x63, 0x08, 0x63, 0x08,
  0x83, 0x08, 0x63, 0x08, 0x63, 0x08, 0x63, 0x08, 0x63, 0x08, 0x47, 0x19, 0x63, 0x08, 0x63, 0x08, 0x63, 0x08, 0x63, 0x08, 0x27, 0x19, 0x63, 0x08, 0x63, 0x08, 0x63, 0x08, 0x63, 0x08, 0x63, 0x08,
  0x63, 0x08, 0x63, 0x08, 0x63, 0x08, 0x63, 0x08, 0x63, 0x08, 0x63, 0x08, 0x63, 0x08, 0x63, 0x08, 0x63, 0x08, 0x63, 0x08, 0x63, 0x08, 0x63, 0x08, 0x63, 0x08, 0x63, 0x08, 0x63, 0x08, 0x63, 0x08,
  0x83, 0x08, 0x63, 0x08, 0x63, 0x08, 0x63, 0x08, 0x63, 0x08, 0x63, 0x08, 0x63, 0x08, 0x63, 0x08, 0x63, 0x08, 0x63, 0x08, 0x63, 0x08, 0x63, 0x08, 0x63, 0x08, 0x63, 0x08, 0x63, 0x08, 0x63, 0x08,
  0x63, 0x08, 0x63, 0x08, 0x63, 0x08, 0x63, 0x08, 0x63, 0x08, 0x63, 0x08, 0x27, 0x19, 0x63, 0x08, 0x63, 0x08, 0x63, 0x08, 0x63, 0x08, 0x63, 0x08, 0x63, 0x08, 0x63, 0x08, 0x63, 0x08, 0x63, 0x08,
  0x67, 0x19, 0x63, 0x08, 0x63, 0x08, 0x63, 0x08, 0x63, 0x08, 0x63, 0x08, 0x63, 0x08, 0x63, 0x08, 0x63, 0x08, 0x63, 0x08, 0x63, 0x08, 0x63, 0x08, 0x27, 0x19, 0x63, 0x08, 0x63, 0x08, 0x63, 0x08,
  0x63, 0x08, 0x63, 0x08, 0x63, 0x08, 0x63, 0x08, 0x63, 0x08, 0x63, 0x08, 0x63, 0x08, 0x63, 0x08, 0x63, 0x08, 0x63, 0x08, 0x63, 0x08, 0x27, 0x19, 0x63, 0x08, 0x63, 0x08, 0x63, 0x08, 0x63, 0x08,
  0x83, 0x08, 0x63, 0x08, 0x63, 0x08, 0x63, 0x08, 0x63, 0x08, 0x63, 0x08, 0x63, 0x08, 0x26, 0x19, 0x63, 0x08, 0x63, 0x08, 0x63, 0x08, 0x63, 0x08, 0x63, 0x08, 0x63, 0x08, 0x63, 0x08, 0x63, 0x08,
  0x63, 0x08, 0x63, 0x08, 0x63, 0x08, 0x63, 0x08, 0x63, 0x08, 0x63, 0x08, 0x63, 0x08, 0x63, 0x08, 0x63, 0x08, 0x63, 0x08, 0x63, 0x08, 0x63, 0x08, 0x63, 0x08, 0x63, 0x08, 0x63, 0x08, 0x63, 0x08,
  0x83, 0x08, 0x63, 0x08, 0x63, 0x08, 0x26, 0x19, 0x63, 0x08, 0x63, 0x08, 0x06, 0x19, 0x63, 0x08, 0x06, 0x19, 0x63, 0x08, 0x63, 0x08, 0x63, 0x08, 0x63, 0x08, 0x63, 0x08, 0x63, 0x08, 0x63, 0x08,
  0x63, 0x08, 0x63, 0x08, 0x63, 0x08, 0x63, 0x08, 0x63, 0x08, 0x63, 0x08, 0x63, 0x08, 0x63, 0x08, 0x63, 0x08, 0x63, 0x08, 0x63, 0x08, 0x63, 0x08, 0x63, 0x08, 0x63, 0x08, 0x63, 0x08, 0x63, 0x08,
  0x83, 0x08, 0x63, 0x08, 0x63, 0x08, 0x63, 0x08, 0x63, 0x08, 0x63, 0x08, 0x05, 0x19, 0x63, 0x08, 0x63, 0x08, 0x63, 0x08, 0x63, 0x08, 0x63, 0x08, 0x63, 0x08, 0x05, 0x11, 0x63, 0x08, 0x63, 0x08,
  0x63, 0x08, 0x63, 0x08, 0x63, 0x08, 0x63, 0x08, 0x63, 0x08, 0x63, 0x08, 0x63, 0x08, 0x63, 0x08, 0x63, 0x08, 0x63, 0x08, 0x63, 0x08, 0x63, 0x08, 0x63, 0x08, 0x63, 0x08, 0x63, 0x08, 0x63, 0x08,
  0x83, 0x08, 0x63, 0x08, 0x63, 0x08, 0x63, 0x08, 0x63, 0x08, 0xe5, 0x10, 0x63, 0x08, 0x63, 0x08, 0x41, 0x28, 0x00, 0x20, 0x6e, 0xac, 0xf2, 0xe5, 0x90, 0xdd, 0xd2, 0xdd, 0x94, 0xf6, 0xc8, 0x82,
  0x00, 0x20, 0x40, 0x38, 0x23, 0x51, 0x00, 0x30, 0x00, 0x28, 0x65, 0x51, 0xf7, 0xf6, 0x79, 0xff, 0x72, 0xcd, 0x00, 0x28, 0x00, 0x30, 0xed, 0x93, 0xc3, 0x40, 0x00, 0x20, 0x27, 0x6a, 0x75, 0xee,
  0x17, 0xff, 0x99, 0xff, 0x6e, 0xac, 0x00, 0x20, 0x00, 0x30, 0xc9, 0x7a, 0xb6, 0xee, 0x17, 0xff, 0x99, 0xff, 0x4b, 0x8b, 0x00, 0x20, 0x00, 0x30, 0x20, 0x30, 0x00, 0x30, 0x00, 0x30, 0x00, 0x30,
  0x00, 0x30, 0x0a, 0x83, 0xb6, 0xee, 0x58, 0xff, 0x64, 0x51, 0x00, 0x18, 0xa8, 0x7a, 0x4b, 0x83, 0x00, 0x18, 0x40, 0x30, 0x00, 0x20, 0x88, 0x72, 0xac, 0x93, 0x00, 0x18, 0x24, 0x51, 0xed, 0x9b,
  0xb9, 0xff, 0xcc, 0x9b, 0x00, 0x18, 0x65, 0x59, 0x0e, 0x9c, 0x00, 0x28, 0x00, 0x30, 0xee, 0x9b, 0x58, 0xff, 0xf7, 0xfe, 0x79, 0xff, 0x06, 0x6a, 0x00, 0x20, 0x03, 0x49, 0xb0, 0xb4, 0x37, 0xff,
  0x38, 0xff, 0xb2, 0xd5, 0x00, 0x28, 0x00, 0x30, 0x00, 0x28, 0x00, 0x20, 0x81, 0x38, 0xcc, 0x9b, 0x58, 0xff, 0xf4, 0xdd, 0x00, 0x30, 0x00, 0x30, 0x00, 0x28, 0x00, 0x28, 0x00, 0x28, 0x64, 0x59,
  0x68, 0x7a, 0x50, 0xd5, 0xf1, 0xe5, 0xb0, 0xdd, 0x70, 0xd5, 0x74, 0xf6, 0x47, 0x6a, 0x00, 0x20, 0xc7, 0x49, 0x63, 0x08, 0x63, 0x08, 0x63, 0x08, 0x63, 0x08, 0x63, 0x08, 0x27, 0x19, 0x63, 0x08,
  0x63, 0x08, 0x63, 0x08, 0x63, 0x08, 0x63, 0x08, 0x63, 0x08, 0x63, 0x08, 0x63, 0x08, 0x63, 0x08, 0x63, 0x08, 0x63, 0x08, 0x63, 0x08, 0x63, 0x08, 0x63, 0x08, 0x63, 0x08, 0x63, 0x08, 0x63, 0x08,
  0x83, 0x08, 0x63, 0x08, 0x63, 0x08, 0x63, 0x08, 0x63, 0x08, 0x63, 0x08, 0x47, 0x19, 0x63, 0x08, 0x63, 0x08, 0x63, 0x08, 0x27, 0x19, 0x63, 0x08, 0x63, 0x08, 0x63, 0x08, 0x63, 0x08, 0x63, 0x08,
  0x63, 0x08, 0x63, 0x08, 0x63, 0x08, 0x63, 0x08, 0x63, 0x08, 0x63, 0x08, 0x63, 0x08, 0x63, 0x08, 0x63, 0x08, 0x63, 0x08, 0x63, 0x08, 0x63, 0x08, 0x63, 0x08, 0x63, 0x08, 0x63, 0x08, 0x63, 0x08,
  0x83, 0x08, 0x63, 0x08, 0x63, 0x08, 0x63, 0x08, 0x63, 0x08, 0x63, 0x08, 0x63, 0x08, 0x63, 0x08, 0x63, 0x08, 0x63, 0x08, 0x63, 0x08, 0x63, 0x08, 0x63, 0x08, 0x63, 0x08, 0x63, 0x08, 0x63, 0x08,
  0x63, 0x08, 0x63, 0x08, 0x63, 0x08, 0x63, 0x08, 0x63, 0x08, 0x27, 0x19, 0x63, 0x08, 0x63, 0x08, 0x63, 0x08, 0x63, 0x08, 0x63, 0x08, 0x63, 0x08, 0x63, 0x08, 0x63, 0x08, 0x63, 0x08, 0x63, 0x08,
  0x67, 0x19, 0x63, 0x08, 0x63, 0x08, 0x63, 0x08, 0x63, 0x08, 0x63, 0x08, 0x63, 0x08, 0x63, 0x08, 0x63, 0x08, 0x63, 0x08, 0x63, 0x08, 0x63, 0x08, 0x27, 0x19, 0x63, 0x08, 0x63, 0x08, 0x63, 0x08,
  0x63, 0x08, 0x63, 0x08, 0x63, 0x08, 0x63, 0x08, 0x63, 0x08, 0x63, 0x08, 0x63, 0x08, 0x63, 0x08, 0x63, 0x08, 0x63, 0x08, 0x63, 0x08, 0x27, 0x19, 0x63, 0x08, 0x63, 0x08, 0x63, 0x08, 0x63, 0x08,
  0x83, 0x08, 0x63, 0x08, 0x63, 0x08, 0x63, 0x08, 0x63, 0x08, 0x63, 0x08, 0x26, 0x19, 0x63, 0x08, 0x63, 0x08, 0x63, 0x08, 0x63, 0x08, 0x63, 0x08, 0x63, 0x08, 0x63, 0x08, 0x63, 0x08, 0x63, 0x08,
  0x63, 0x08, 0x63, 0x08, 0x63, 0x08, 0x63, 0x08, 0x63, 0x08, 0x63, 0x08, 0x63, 0x08, 0x63, 0x08, 0x63, 0x08, 0x63, 0x08, 0x63, 0x08, 0x63, 0x08, 0x63, 0x08, 0x63, 0x08, 0x63, 0x08, 0x63, 0x08,
  0x83, 0x08, 0x63, 0x08, 0x63, 0x08, 0x26, 0x19, 0x63, 0x08, 0x06, 0x19, 0x63, 0x08, 0x63, 0x08, 0x06, 0x19, 0x63, 0x08, 0x63, 0x08, 0x63, 0x08, 0x63, 0x08, 0x63, 0x08, 0x63, 0x08, 0x63, 0x08,
  0x63, 0x08, 0x63, 0x08, 0x63, 0x08, 0x63, 0x08, 0x63, 0x08, 0x63, 0x08, 0x63, 0x08, 0x63, 0x08, 0x63, 0x08, 0x63, 0x08, 0x63, 0x08, 0x63, 0x08, 0x63, 0x08, 0x63, 0x08, 0x63, 0x08, 0x63, 0x08,
  0x83, 0x08, 0x63, 0x08, 0x63, 0x08, 0x63, 0x08, 0x63, 0x08, 0x63, 0x08, 0x05, 0x19, 0x63, 0x08, 0x63, 0x08, 0x63, 0x08, 0x63, 0x08, 0x63, 0x08, 0x05, 0x11, 0x63, 0x08, 0x63, 0x08, 0x63, 0x08,
  0x63, 0x08, 0x63, 0x08, 0x63, 0x08, 0x63, 0x08, 0x63, 0x08, 0x63, 0x08, 0x63, 0x08, 0x63, 0x08, 0x63, 0x08, 0x63, 0x08, 0x63, 0x08, 0x63, 0x08, 0x63, 0x08, 0x63, 0x08, 0x63, 0x08, 0x63, 0x08,
  0x83, 0x08, 0x63, 0x08, 0x63, 0x08, 0x63, 0x08, 0x63, 0x08, 0x63, 0x08, 0xe5, 0x10, 0x63, 0x08, 0x41, 0x28, 0x00, 0x20, 0x6e, 0xac, 0xb1, 0xe5, 0x90, 0xdd, 0xd2, 0xdd, 0xb5, 0xf6, 0x2a, 0x8b,
  0x00, 0x20, 0x23, 0x51, 0x0d, 0x9c, 0xa9, 0x7a, 0x00, 0x28, 0x00, 0x20, 0x6b, 0x8b, 0x79, 0xff, 0x31, 0xc5, 0x00, 0x20, 0x81, 0x38, 0x6f, 0xa4, 0xc6, 0x61, 0x00, 0x20, 0x64, 0x51, 0x52, 0xc5,
  0x38, 0xff, 0x99, 0xff, 0xcc, 0x9b, 0x00, 0x20, 0x20, 0x30, 0x88, 0x6a, 0x35, 0xe6, 0x38, 0xff, 0x79, 0xff, 0x88, 0x72, 0x00, 0x20, 0x00, 0x30, 0x00, 0x28, 0x00, 0x28, 0x00, 0x28, 0x00, 0x30,
  0x00, 0x30, 0x0a, 0x83, 0x35, 0xe6, 0x99, 0xff, 0xa5, 0x59, 0x00, 0x18, 0x64, 0x51, 0xc6, 0x59, 0x00, 0x20, 0x00, 0x30, 0x00, 0x28, 0x24, 0x49, 0x06, 0x62, 0x00, 0x20, 0x86, 0x59, 0x6f, 0xac,
  0x99, 0xff, 0x85, 0x51, 0x00, 0x20, 0xa5, 0x59, 0xcd, 0x93, 0x00, 0x30, 0x00, 0x28, 0xc9, 0x7a, 0xb6, 0xee, 0x38, 0xff, 0x38, 0xff, 0x64, 0x51, 0x00, 0x20, 0x03, 0x49, 0x4f, 0xac, 0x17, 0xff,
  0x38, 0xff, 0xb3, 0xd5, 0x00, 0x28, 0x00, 0x30, 0xc3, 0x40, 0x24, 0x49, 0xa2, 0x40, 0xac, 0x93, 0x17, 0xff, 0x96, 0xee, 0xa2, 0x40, 0x00, 0x28, 0x23, 0x49, 0xc2, 0x40, 0x00, 0x28, 0x23, 0x51,
  0xce, 0xbc, 0x32, 0xee, 0xb0, 0xdd, 0xb0, 0xdd, 0x70, 0xd5, 0x73, 0xee, 0x27, 0x6a, 0x00, 0x20, 0xc7, 0x49, 0x63, 0x08, 0x63, 0x08, 0x63, 0x08, 0x63, 0x08, 0x63, 0x08, 0x27, 0x19, 0x63, 0x08,
  0x63, 0x08, 0x63, 0x08, 0x63, 0x08, 0x63, 0x08, 0x63, 0x08, 0x63, 0x08, 0x63, 0x08, 0x63, 0x08, 0x63, 0x08, 0x63, 0x08, 0x63, 0x08, 0x63, 0x08, 0x63, 0x08, 0x63, 0x08, 0x63, 0x08, 0x63, 0x08,
  0x83, 0x08, 0x63, 0x08, 0x63, 0x08, 0x63, 0x08, 0x63, 0x08, 0x63, 0x08, 0x63, 0x08, 0x47, 0x19, 0x63, 0x08, 0x63, 0x08, 0x27, 0x19, 0x63, 0x08, 0x63, 0x08, 0x63, 0x08, 0x63, 0x08, 0x63, 0x08,
  0x63, 0x08, 0x63, 0x08, 0x63, 0x08, 0x63, 0x08, 0x63, 0x08, 0x63, 0x08, 0x63, 0x08, 0x63, 0x08, 0x63, 0x08, 0x63, 0x08, 0x63, 0x08, 0x63, 0x08, 0x63, 0x08, 0x63, 0x08, 0x63, 0x08, 0x63, 0x08,
  0x83, 0x08, 0x63, 0x08, 0x63, 0x08, 0x63, 0x08, 0x63, 0x08, 0x63, 0x08, 0x63, 0x08, 0x63, 0x08, 0x63, 0x08, 0x63, 0x08, 0x63, 0x08, 0x63, 0x08, 0x63, 0x08, 0x63, 0x08, 0x63, 0x08, 0x63, 0x08,
  0x63, 0x08, 0x63, 0x08, 0x63, 0x08, 0x63, 0x08, 0x27, 0x19, 0x63, 0x08, 0x63, 0x08, 0x63, 0x08, 0x63, 0x08, 0x63, 0x08, 0x63, 0x08, 0x63, 0x08, 0x63, 0x08, 0x63, 0x08, 0x63, 0x08, 0x63, 0x08,
  0x67, 0x19, 0x63, 0x08, 0x63, 0x08, 0x63, 0x08, 0x63, 0x08, 0x63, 0x08, 0x63, 0x08, 0x63, 0x08, 0x63, 0x08, 0x63, 0x08, 0x63, 0x08, 0x27, 0x19, 0x63, 0x08, 0x63, 0x08, 0x63, 0x08, 0x63, 0x08,
  0x63, 0x08, 0x63, 0x08, 0x63, 0x08, 0x63, 0x08, 0x63, 0x08, 0x63, 0x08, 0x63, 0x08, 0x63, 0x08, 0x63, 0x08, 0x63, 0x08, 0x63, 0x08, 0x27, 0x19, 0x63, 0x08, 0x63, 0x08, 0x63, 0x08, 0x63, 0x08,
  0x83, 0x08, 0x63, 0x08, 0x63, 0x08, 0x63, 0x08, 0x63, 0x08, 0x26, 0x19, 0x63, 0x08, 0x63, 0x08, 0x63, 0x08, 0x63, 0x08, 0x63, 0x08, 0x63, 0x08, 0x63, 0x08, 0x63, 0x08, 0x63, 0x08, 0x63, 0x08,
  0x63, 0x08, 0x63, 0x08, 0x63, 0x08, 0x63, 0x08, 0x63, 0x08, 0x63, 0x08, 0x63, 0x08, 0x63, 0x08, 0x63, 0x08, 0x63, 0x08, 0x63, 0x08, 0x63, 0x08, 0x63, 0x08, 0x63, 0x08, 0x63, 0x08, 0x63, 0x08,
  0x83, 0x08, 0x63, 0x08, 0x26, 0x19, 0x63, 0x08, 0x06, 0x19, 0x63, 0x08, 0x63, 0x08, 0x63, 0x08, 0x06, 0x19, 0x63, 0x08, 0x63, 0x08, 0x63, 0x08, 0x63, 0x08, 0x63, 0x08, 0x63, 0x08, 0x63, 0x08,
  0x63, 0x08, 0x63, 0x08, 0x63, 0x08, 0x63, 0x08, 0x63, 0x08, 0x63, 0x08, 0x63, 0x08, 0x63, 0x08, 0x63, 0x08, 0x63, 0x08, 0x63, 0x08, 0x63, 0x08, 0x63, 0x08, 0x63, 0x08, 0x63, 0x08, 0x63, 0x08,
  0x83, 0x08, 0x63, 0x08, 0x63, 0x08, 0x63, 0x08, 0x63, 0x08, 0x63, 0x08, 0x05, 0x19, 0x63, 0x08, 0x63, 0x08, 0x63, 0x08, 0x63, 0x08, 0x05, 0x11, 0x63, 0x08, 0x63, 0x08, 0x63, 0x08, 0x63, 0x08,
  0x63, 0x08, 0x63, 0x08, 0x63, 0x08, 0x63, 0x08, 0x63, 0x08, 0x63, 0x08, 0x63, 0x08, 0x63, 0x08, 0x63, 0x08, 0x63, 0x08, 0x63, 0x08, 0x63, 0x08, 0x63, 0x08, 0x63, 0x08, 0x63, 0x08, 0x63, 0x08,
  0x83, 0x08, 0x63, 0x08, 0x63, 0x08, 0x63, 0x08, 0x63, 0x08, 0x63, 0x08, 0x63, 0x08, 0xe5, 0x10, 0x41, 0x28, 0x00, 0x20, 0x4e, 0xac, 0x90, 0xdd, 0x90, 0xdd, 0xd2, 0xdd, 0x94, 0xf6, 0x4a, 0x8b,
  0x00, 0x20, 0xe3, 0x48, 0x8e, 0xac, 0xf6, 0xfe, 0xa2, 0x40, 0x00, 0x28, 0x64, 0x51, 0x75, 0xee, 0x8f, 0xb4, 0x00, 0x18, 0x81, 0x38, 0xed, 0x9b, 0x07, 0x6a, 0x00, 0x20, 0xc3, 0x40, 0xf0, 0xb4,
  0x38, 0xff, 0x79, 0xff, 0xaf, 0xb4, 0x00, 0x20, 0x00, 0x30, 0xa9, 0x72, 0x96, 0xee, 0x17, 0xff, 0x99, 0xff, 0xcc, 0x93, 0x00, 0x20, 0x41, 0x38, 0x89, 0x72, 0x48, 0x6a, 0xc6, 0x61, 0x00, 0x28,
  0x00, 0x30, 0x0a, 0x83, 0x55, 0xe6, 0xda, 0xff, 0x6b, 0x8b, 0x00, 0x20, 0x40, 0x38, 0x20, 0x30, 0x00, 0x28, 0xc6, 0x61, 0x00, 0x30, 0x00, 0x30, 0x20, 0x38, 0x00, 0x28, 0x28, 0x6a, 0x72, 0xcd,
  0x78, 0xff, 0x23, 0x51, 0x00, 0x20, 0x28, 0x6a, 0x93, 0xc5, 0x82, 0x40, 0x00, 0x28, 0xc6, 0x59, 0x55, 0xe6, 0x38, 0xff, 0x79, 0xff, 0x06, 0x6a, 0x00, 0x20, 0xe3, 0x48, 0x6f, 0xac, 0x38, 0xff,
  0x17, 0xff, 0x75, 0xe6, 0x61, 0x38, 0x00, 0x28, 0x48, 0x6a, 0x2e, 0xa4, 0xd0, 0xb4, 0x4b, 0x83, 0x17, 0xff, 0xb6, 0xf6, 0xe3, 0x48, 0x00, 0x20, 0x0a, 0x83, 0xc8, 0x7a, 0x00, 0x20, 0x41, 0x38,
  0x0c, 0xa4, 0xf1, 0xe5, 0xb0, 0xdd, 0xb0, 0xdd, 0x70, 0xd5, 0x73, 0xee, 0x47, 0x6a, 0x00, 0x20, 0xe8, 0x49, 0x63, 0x08, 0x63, 0x08, 0x63, 0x08, 0x63, 0x08, 0x63, 0x08, 0x27, 0x19, 0x63, 0x08,
  0x63, 0x08, 0x63, 0x08, 0x63, 0x08, 0x63, 0x08, 0x63, 0x08, 0x63, 0x08, 0x63, 0x08, 0x63, 0x08, 0x63, 0x08, 0x63, 0x08, 0x63, 0x08, 0x63, 0x08, 0x63, 0x08, 0x63, 0x08, 0x63, 0x08, 0x63, 0x08,
  0x83, 0x08, 0x63, 0x08, 0x63, 0x08, 0x63, 0x08, 0x63, 0x08, 0x63, 0x08, 0x63, 0x08, 0x63, 0x08, 0x47, 0x19, 0x63, 0x08, 0x27, 0x19, 0x63, 0x08, 0x63, 0x08, 0x63, 0x08, 0x63, 0x08, 0x63, 0x08,
  0x63, 0x08, 0x63, 0x08, 0x63, 0x08, 0x63, 0x08, 0x63, 0x08, 0x63, 0x08, 0x63, 0x08, 0x63, 0x08, 0x63, 0x08, 0x63, 0x08, 0x63, 0x08, 0x63, 0x08, 0x63, 0x08, 0x63, 0x08, 0x63, 0x08, 0x63, 0x08,
  0x83, 0x08, 0x63, 0x08, 0x63, 0x08, 0x63, 0x08, 0x63, 0x08, 0x63, 0x08, 0x63, 0x08, 0x63, 0x08, 0x63, 0x08, 0x63, 0x08, 0x63, 0x08, 0x63, 0x08, 0x63, 0x08, 0x63, 0x08, 0x63, 0x08, 0x63, 0x08,
  0x63, 0x08, 0x63, 0x08, 0x63, 0x08, 0x27, 0x19, 0x63, 0x08, 0x63, 0x08, 0x63, 0x08, 0x63, 0x08, 0x63, 0x08, 0x63, 0x08, 0x63, 0x08, 0x63, 0x08, 0x63, 0x08, 0x63, 0x08, 0x63, 0x08, 0x63, 0x08,
  0x67, 0x19, 0x63, 0x08, 0x63, 0x08, 0x63, 0x08, 0x63, 0x08, 0x63, 0x08, 0x63, 0x08, 0x63, 0x08, 0x63, 0x08, 0x63, 0x08, 0x27, 0x19, 0x63, 0x08, 0x63, 0x08, 0x63, 0x08, 0x63, 0x08, 0x63, 0x08,
  0x63, 0x08, 0x63, 0x08, 0x63, 0x08, 0x63, 0x08, 0x63, 0x08, 0x63, 0x08, 0x63, 0x08, 0x63, 0x08, 0x63, 0x08, 0x63, 0x08, 0x63, 0x08, 0x27, 0x19, 0x63, 0x08, 0x63, 0x08, 0x63, 0x08, 0x63, 0x08,
  0x83, 0x08, 0x63, 0x08, 0x63, 0x08, 0x63, 0x08, 0x26, 0x19, 0x63, 0x08, 0x63, 0x08, 0x63, 0x08, 0x63, 0x08, 0x63, 0x08, 0x63, 0x08, 0x63, 0x08, 0x63, 0x08, 0x63, 0x08, 0x63, 0x08, 0x63, 0x08,
  0x63, 0x08, 0x63, 0x08, 0x63, 0x08, 0x63, 0x08, 0x63, 0x08, 0x63, 0x08, 0x63, 0x08, 0x63, 0x08, 0x63, 0x08, 0x63, 0x08, 0x63, 0x08, 0x63, 0x08, 0x63, 0x08, 0x63, 0x08, 0x63, 0x08, 0x63, 0x08,
  0x83, 0x08, 0x26, 0x19, 0x63, 0x08, 0x06, 0x19, 0x63, 0x08, 0x63, 0x08, 0x63, 0x08, 0x63, 0x08, 0x06, 0x19, 0x63, 0x08, 0x63, 0x08, 0x63, 0x08, 0x63, 0x08, 0x63, 0x08, 0x63, 0x08, 0x63, 0x08,
  0x63, 0x08, 0x63, 0x08, 0x63, 0x08, 0x63, 0x08, 0x63, 0x08, 0x63, 0x08, 0x63, 0x08, 0x63, 0x08, 0x63, 0x08, 0x63, 0x08, 0x63, 0x08, 0x63, 0x08, 0x63, 0x08, 0x63, 0x08, 0x63, 0x08, 0x63, 0x08,
  0x83, 0x08, 0x63, 0x08, 0x63, 0x08, 0x63, 0x08, 0x63, 0x08, 0x63, 0x08, 0x05, 0x19, 0x63, 0x08, 0x63, 0x08, 0x63, 0x08, 0x05, 0x11, 0x63, 0x08, 0x63, 0x08, 0x63, 0x08, 0x63, 0x08, 0x63, 0x08,
  0x63, 0x08, 0x63, 0x08, 0x63, 0x08, 0x63, 0x08, 0x63, 0x08, 0x63, 0x08, 0x63, 0x08, 0x63, 0x08, 0x63, 0x08, 0x63, 0x08, 0x63, 0x08, 0x63, 0x08, 0x63, 0x08, 0x63, 0x08, 0x63, 0x08, 0x63, 0x08,
  0x83, 0x08, 0x63, 0x08, 0x63, 0x08, 0x63, 0x08, 0x63, 0x08, 0x63, 0x08, 0x63, 0x08, 0x63, 0x08, 0x62, 0x28, 0x00, 0x20, 0x4e, 0xac, 0xf1, 0xe5, 0x70, 0xd5, 0xd2, 0xdd, 0x94, 0xf6, 0x4a, 0x8b,
  0x00, 0x20, 0xc2, 0x40, 0x8f, 0xac, 0x37, 0xff, 0x23, 0x49, 0x00, 0x20, 0x03, 0x49, 0x72, 0xcd, 0x4b, 0x8b, 0x00, 0x20, 0x00, 0x30, 0x00, 0x28, 0x00, 0x28, 0x00, 0x30, 0x20, 0x30, 0x2e, 0xa4,
  0x17, 0xff, 0x79, 0xff, 0xf0, 0xbc, 0x00, 0x28, 0x00, 0x30, 0xa9, 0x72, 0xb6, 0xee, 0x18, 0xff, 0x99, 0xff, 0xed, 0x9b, 0x00, 0x20, 0x81, 0x38, 0x6c, 0x8b, 0xd3, 0xd5, 0x4e, 0xac, 0x00, 0x20,
  0x20, 0x30, 0xea, 0x7a, 0x96, 0xee, 0xb9, 0xff, 0xd0, 0xb4, 0x00, 0x20, 0x20, 0x30, 0x00, 0x28, 0x40, 0x38, 0x4e, 0x9c, 0x40, 0x30, 0x00, 0x28, 0x00, 0x30, 0x00, 0x30, 0xa9, 0x7a, 0x34, 0xe6,
  0xf7, 0xf6, 0x81, 0x40, 0x00, 0x28, 0x24, 0x51, 0x68, 0x72, 0x41, 0x38, 0x00, 0x28, 0x24, 0x49, 0x92, 0xc5, 0x38, 0xff, 0x79, 0xff, 0x47, 0x72, 0x00, 0x20, 0xe3, 0x40, 0xb0, 0xb4, 0x38, 0xff,
  0x17, 0xff, 0x75, 0xe6, 0x61, 0x38, 0x00, 0x28, 0xc6, 0x59, 0x14, 0xde, 0x37, 0xff, 0x75, 0xee, 0x38, 0xff, 0x96, 0xee, 0xc2, 0x40, 0x00, 0x20, 0x47, 0x6a, 0xcc, 0x9b, 0x00, 0x28, 0x00, 0x28,
  0xa8, 0x7a, 0x90, 0xdd, 0xb0, 0xdd, 0x90, 0xdd, 0x70, 0xdd, 0x73, 0xee, 0xc5, 0x61, 0x00, 0x20, 0x08, 0x52, 0x63, 0x08, 0x63, 0x08, 0x63, 0x08, 0x63, 0x08, 0x63, 0x08, 0x26, 0x19, 0x63, 0x08,
  0x63, 0x08, 0x63, 0x08, 0x63, 0x08, 0x63, 0x08, 0x63, 0x08, 0x63, 0x08, 0x63, 0x08, 0x63, 0x08, 0x63, 0x08, 0x63, 0x08, 0x63, 0x08, 0x63, 0x08, 0x63, 0x08, 0x63, 0x08, 0x63, 0x08, 0x63, 0x08,
  0x83, 0x08, 0x63, 0x08, 0x63, 0x08, 0x63, 0x08, 0x63, 0x08, 0x63, 0x08, 0x63, 0x08, 0x63, 0x08, 0x63, 0x08, 0x47, 0x19, 0x27, 0x19, 0x63, 0x08, 0x63, 0x08, 0x63, 0x08, 0x63, 0x08, 0x63, 0x08,
  0x63, 0x08, 0x63, 0x08, 0x63, 0x08, 0x63, 0x08, 0x63, 0x08, 0x63, 0x08, 0x63, 0x08, 0x63, 0x08, 0x63, 0x08, 0x63, 0x08, 0x63, 0x08, 0x63, 0x08, 0x63, 0x08, 0x63, 0x08, 0x63, 0x08, 0x63, 0x08,
  0x83, 0x08, 0x63, 0x08, 0x63, 0x08, 0x63, 0x08, 0x63, 0x08, 0x63, 0x08, 0x63, 0x08, 0x63, 0x08, 0x63, 0x08, 0x63, 0x08, 0x63, 0x08, 0x63, 0x08, 0x63, 0x08, 0x63, 0x08, 0x63, 0x08, 0x63, 0x08,
  0x63, 0x08, 0x63, 0x08, 0x27, 0x19, 0x63, 0x08, 0x63, 0x08, 0x63, 0x08, 0x63, 0x08, 0x63, 0x08, 0x63, 0x08, 0x63, 0x08, 0x63, 0x08, 0x63, 0x08, 0x63, 0x08, 0x63, 0x08, 0x63, 0x08, 0x63, 0x08,
  0x67, 0x19, 0x63, 0x08, 0x63, 0x08, 0x63, 0x08, 0x63, 0x08, 0x63, 0x08, 0x63, 0x08, 0x63, 0x08, 0x63, 0x08, 0x27, 0x19, 0x63, 0x08, 0x63, 0x08, 0x63, 0x08, 0x63, 0x08, 0x63, 0x08, 0x63, 0x08,
  0x63, 0x08, 0x63, 0x08, 0x63, 0x08, 0x63, 0x08, 0x63, 0x08, 0x63, 0x08, 0x63, 0x08, 0x63, 0x08, 0x63, 0x08, 0x63, 0x08, 0x63, 0x08, 0x26, 0x19, 0x63, 0x08, 0x63, 0x08, 0x63, 0x08, 0x63, 0x08,
  0x83, 0x08, 0x63, 0x08, 0x63, 0x08, 0x26, 0x19, 0x63, 0x08, 0x63, 0x08, 0x63, 0x08, 0x63, 0x08, 0x63, 0x08, 0x63, 0x08, 0x63, 0x08, 0x63, 0x08, 0x63, 0x08, 0x63, 0x08, 0x63, 0x08, 0x63, 0x08,
  0x63, 0x08, 0x63, 0x08, 0x63, 0x08, 0x63, 0x08, 0x63, 0x08, 0x63, 0x08, 0x63, 0x08, 0x63, 0x08, 0x63, 0x08, 0x63, 0x08, 0x63, 0x08, 0x63, 0x08, 0x63, 0x08, 0x63, 0x08, 0x63, 0x08, 0x63, 0x08,
  0x47, 0x19, 0x63, 0x08, 0x06, 0x19, 0x63, 0x08, 0x63, 0x08, 0x63, 0x08, 0x63, 0x08, 0x63, 0x08, 0x06, 0x19, 0x63, 0x08, 0x63, 0x08, 0x63, 0x08, 0x63, 0x08, 0x63, 0x08, 0x63, 0x08, 0x63, 0x08,
  0x63, 0x08, 0x63, 0x08, 0x63, 0x08, 0x63, 0x08, 0x63, 0x08, 0x63, 0x08, 0x63, 0x08, 0x63, 0x08, 0x63, 0x08, 0x63, 0x08, 0x63, 0x08, 0x63, 0x08, 0x63, 0x08, 0x63, 0x08, 0x63, 0x08, 0x63, 0x08,
  0x83, 0x08, 0x63, 0x08, 0x63, 0x08, 0x63, 0x08, 0x63, 0x08, 0x05, 0x19, 0x63, 0x08, 0x63, 0x08, 0x63, 0x08, 0x05, 0x11, 0x63, 0x08, 0x63, 0x08, 0x63, 0x08, 0x63, 0x08, 0x63, 0x08, 0x63, 0x08,
  0x63, 0x08, 0x63, 0x08, 0x63, 0x08, 0x63, 0x08, 0x63, 0x08, 0x63, 0x08, 0x63, 0x08, 0x63, 0x08, 0x63, 0x08, 0x63, 0x08, 0x63, 0x08, 0x63, 0x08, 0x63, 0x08, 0x63, 0x08, 0x63, 0x08, 0x63, 0x08,
  0x83, 0x08, 0x63, 0x08, 0x63, 0x08, 0x63, 0x08, 0x63, 0x08, 0x63, 0x08, 0x63, 0x08, 0x63, 0x08, 0x41, 0x28, 0x00, 0x20, 0xa5, 0x59, 0x13, 0xe6, 0xb1, 0xdd, 0xb1, 0xdd, 0x74, 0xf6, 0x2a, 0x8b,
  0x00, 0x20, 0xc2, 0x40, 0x72, 0xc5, 0x13, 0xde, 0x40, 0x30, 0x00, 0x28, 0x24, 0x49, 0x11, 0xbd, 0x27, 0x6a, 0x00, 0x20, 0x20, 0x30, 0x61, 0x38, 0x00, 0x30, 0x00, 0x30, 0x00, 0x30, 0x0a, 0x83,
  0xb6, 0xf6, 0x99, 0xff, 0xf0, 0xbc, 0x00, 0x20, 0x00, 0x30, 0xa9, 0x72, 0xb7, 0xee, 0x18, 0xff, 0x99, 0xff, 0xed, 0x9b, 0x00, 0x20, 0x61, 0x38, 0x6b, 0x83, 0x98, 0xff, 0xcf, 0xb4, 0x00, 0x20,
  0x20, 0x30, 0x0a, 0x83, 0x96, 0xee, 0x79, 0xff, 0xf3, 0xd5, 0x00, 0x28, 0x00, 0x30, 0x00, 0x28, 0xc2, 0x40, 0x2e, 0x9c, 0xc3, 0x40, 0x00, 0x28, 0x00, 0x28, 0x41, 0x38, 0xea, 0x82, 0xd6, 0xf6,
  0x14, 0xde, 0x00, 0x28, 0x00, 0x30, 0x00, 0x28, 0x00, 0x20, 0x00, 0x28, 0x00, 0x28, 0xa2, 0x40, 0xb0, 0xac, 0x38, 0xff, 0x79, 0xff, 0x48, 0x72, 0x00, 0x20, 0xe3, 0x40, 0xb0, 0xb4, 0x38, 0xff,
  0x17, 0xff, 0x75, 0xe6, 0x61, 0x38, 0x00, 0x28, 0xe6, 0x61, 0xf3, 0xdd, 0xda, 0xff, 0x75, 0xe6, 0x31, 0xc5, 0xb6, 0xf6, 0xa2, 0x40, 0x00, 0x28, 0x26, 0x62, 0xf0, 0xc4, 0x82, 0x40, 0x00, 0x20,
  0x85, 0x61, 0x2f, 0xcd, 0xd1, 0xe5, 0x90, 0xdd, 0xd1, 0xe5, 0xef, 0xc4, 0x40, 0x30, 0x00, 0x28, 0xc7, 0x49, 0x27, 0x19, 0x63, 0x08, 0x63, 0x08, 0x63, 0x08, 0x63, 0x08, 0x26, 0x19, 0x63, 0x08,
  0x63, 0x08, 0x63, 0x08, 0x63, 0x08, 0x63, 0x08, 0x63, 0x08, 0x63, 0x08, 0x63, 0x08, 0x63, 0x08, 0x63, 0x08, 0x63, 0x08, 0x63, 0x08, 0x63, 0x08, 0x63, 0x08, 0x63, 0x08, 0x63, 0x08, 0x63, 0x08,
  0x83, 0x08, 0x63, 0x08, 0x63, 0x08, 0x63, 0x08, 0x63, 0x08, 0x63, 0x08, 0x63, 0x08, 0x63, 0x08, 0x63, 0x08, 0x63, 0x08, 0x47, 0x19, 0x63, 0x08, 0x63, 0x08, 0x63, 0x08, 0x63, 0x08, 0x63, 0x08,
  0x63, 0x08, 0x63, 0x08, 0x63, 0x08, 0x63, 0x08, 0x63, 0x08, 0x63, 0x08, 0x63, 0x08, 0x63, 0x08, 0x63, 0x08, 0x63, 0x08, 0x63, 0x08, 0x63, 0x08, 0x63, 0x08, 0x63, 0x08, 0x63, 0x08, 0x63, 0x08,
  0x83, 0x08, 0x63, 0x08, 0x63, 0x08, 0x63, 0x08, 0x63, 0x08, 0x63, 0x08, 0x63, 0x08, 0x63, 0x08, 0x63, 0x08, 0x63, 0x08, 0x63, 0x08, 0x63, 0x08, 0x63, 0x08, 0x63, 0x08, 0x63, 0x08, 0x63, 0x08,
  0x63, 0x08, 0x27, 0x19, 0x63, 0x08, 0x63, 0x08, 0x63, 0x08, 0x63, 0x08, 0x63, 0x08, 0x63, 0x08, 0x63, 0x08, 0x63, 0x08, 0x63, 0x08, 0x63, 0x08, 0x63, 0x08, 0x63, 0x08, 0x63, 0x08, 0x63, 0x08,
  0x67, 0x19, 0x63, 0x08, 0x63, 0x08, 0x63, 0x08, 0x63, 0x08, 0x63, 0x08, 0x63, 0x08, 0x63, 0x08, 0x27, 0x19, 0x63, 0x08, 0x63, 0x08, 0x63, 0x08, 0x63, 0x08, 0x63, 0x08, 0x63, 0x08, 0x63, 0x08,
  0x63, 0x08, 0x63, 0x08, 0x63, 0x08, 0x63, 0x08, 0x63, 0x08, 0x63, 0x08, 0x63, 0x08, 0x63, 0x08, 0x63, 0x08, 0x63, 0x08, 0x63, 0x08, 0x26, 0x19, 0x63, 0x08, 0x63, 0x08, 0x63, 0x08, 0x63, 0x08,
  0x83, 0x08, 0x63, 0x08, 0x26, 0x19, 0x63, 0x08, 0x63, 0x08, 0x63, 0x08, 0x63, 0x08, 0x63, 0x08, 0x63, 0x08, 0x63, 0x08, 0x63, 0x08, 0x63, 0x08, 0x63, 0x08, 0x63, 0x08, 0x63, 0x08, 0x63, 0x08,
  0x63, 0x08, 0x63, 0x08, 0x63, 0x08, 0x63, 0x08, 0x63, 0x08, 0x63, 0x08, 0x63, 0x08, 0x63, 0x08, 0x63, 0x08, 0x63, 0x08, 0x63, 0x08, 0x63, 0x08, 0x63, 0x08, 0x63, 0x08, 0x63, 0x08, 0x26, 0x19,
  0x83, 0x08, 0x06, 0x19, 0x63, 0x08, 0x63, 0x08, 0x63, 0x08, 0x63, 0x08, 0x63, 0x08, 0x63, 0x08, 0x06, 0x19, 0x63, 0x08, 0x63, 0x08, 0x63, 0x08, 0x63, 0x08, 0x63, 0x08, 0x63, 0x08, 0x63, 0x08,
  0x63, 0x08, 0x63, 0x08, 0x63, 0x08, 0x63, 0x08, 0x63, 0x08, 0x63, 0x08, 0x63, 0x08, 0x63, 0x08, 0x63, 0x08, 0x63, 0x08, 0x63, 0x08, 0x63, 0x08, 0x63, 0x08, 0x63, 0x08, 0x63, 0x08, 0x63, 0x08,
  0x83, 0x08, 0x63, 0x08, 0x63, 0x08, 0x63, 0x08, 0x05, 0x19, 0x63, 0x08, 0x63, 0x08, 0x63, 0x08, 0x05, 0x11, 0x63, 0x08, 0x63, 0x08, 0x63, 0x08, 0x63, 0x08, 0x63, 0x08, 0x63, 0x08, 0x63, 0x08,
  0x63, 0x08, 0x63, 0x08, 0x63, 0x08, 0x63, 0x08, 0x63, 0x08, 0x63, 0x08, 0x63, 0x08, 0x63, 0x08, 0x63, 0x08, 0x63, 0x08, 0x63, 0x08, 0x63, 0x08, 0x63, 0x08, 0x63, 0x08, 0x63, 0x08, 0x63, 0x08,
  0x83, 0x08, 0x63, 0x08, 0x63, 0x08, 0x63, 0x08, 0x63, 0x08, 0x63, 0x08, 0x63, 0x08, 0x63, 0x08, 0x21, 0x20, 0x00, 0x30, 0x00, 0x20, 0xcf, 0xbc, 0xf1, 0xe5, 0x90, 0xdd, 0x73, 0xee, 0x29, 0x8b,
  0x00, 0x28, 0x41, 0x38, 0x47, 0x6a, 0x03, 0x49, 0x00, 0x28, 0x00, 0x28, 0x27, 0x6a, 0xaf, 0xb4, 0x24, 0x51, 0x00, 0x20, 0x68, 0x72, 0xeb, 0x82, 0x0a, 0x83, 0x61, 0x38, 0x00, 0x28, 0x27, 0x6a,
  0x35, 0xe6, 0xb9, 0xff, 0xd0, 0xbc, 0x00, 0x20, 0x00, 0x30, 0xc9, 0x7a, 0xb6, 0xee, 0x17, 0xff, 0x99, 0xff, 0xed, 0x9b, 0x00, 0x18, 0x61, 0x38, 0x6b, 0x8b, 0x38, 0xff, 0xaf, 0xb4, 0x00, 0x20,
  0x00, 0x30, 0xe9, 0x7a, 0x96, 0xee, 0x58, 0xff, 0xb6, 0xee, 0xa2, 0x38, 0x00, 0x28, 0x00, 0x28, 0x24, 0x49, 0xd0, 0xb4, 0x27, 0x6a, 0x00, 0x20, 0x00, 0x28, 0xa2, 0x40, 0x6c, 0x93, 0x79, 0xff,
  0xaf, 0xb4, 0x00, 0x20, 0x20, 0x38, 0x44, 0x51, 0x45, 0x51, 0xc2, 0x40, 0x00, 0x28, 0x20, 0x30, 0x0d, 0x9c, 0x17, 0xff, 0x79, 0xff, 0x48, 0x72, 0x00, 0x20, 0x03, 0x49, 0xd0, 0xb4, 0x38, 0xff,
  0x17, 0xff, 0x75, 0xe6, 0x61, 0x38, 0x00, 0x28, 0x48, 0x6a, 0xd3, 0xd5, 0xd3, 0xcd, 0x64, 0x51, 0x07, 0x6a, 0xd3, 0xd5, 0xc2, 0x40, 0x00, 0x28, 0xc5, 0x59, 0x71, 0xd5, 0x06, 0x6a, 0x00, 0x20,
  0x81, 0x40, 0x8d, 0xbc, 0xb0, 0xe5, 0x70, 0xd5, 0xf1, 0xe5, 0x2d, 0xa4, 0x00, 0x20, 0x00, 0x30, 0xa7, 0x49, 0x63, 0x08, 0x27, 0x19, 0x63, 0x08, 0x63, 0x08, 0x63, 0x08, 0x26, 0x19, 0x63, 0x08,
  0x63, 0x08, 0x63, 0x08, 0x63, 0x08, 0x63, 0x08, 0x63, 0x08, 0x63, 0x08, 0x63, 0x08, 0x63, 0x08, 0x63, 0x08, 0x63, 0x08, 0x63, 0x08, 0x63, 0x08, 0x63, 0x08, 0x63, 0x08, 0x63, 0x08, 0x63, 0x08,
  0x83, 0x08, 0x63, 0x08, 0x63, 0x08, 0x63, 0x08, 0x63, 0x08, 0x63, 0x08, 0x63, 0x08, 0x63, 0x08, 0x63, 0x08, 0x63, 0x08, 0x27, 0x19, 0x47, 0x19, 0x63, 0x08, 0x63, 0x08, 0x63, 0x08, 0x63, 0x08,
  0x63, 0x08, 0x63, 0x08, 0x63, 0x08, 0x63, 0x08, 0x63, 0x08, 0x63, 0x08, 0x63, 0x08, 0x63, 0x08, 0x63, 0x08, 0x63, 0x08, 0x63, 0x08, 0x63, 0x08, 0x63, 0x08, 0x63, 0x08, 0x63, 0x08, 0x63, 0x08,
  0x83, 0x08, 0x63, 0x08, 0x63, 0x08, 0x63, 0x08, 0x63, 0x08, 0x63, 0x08, 0x63, 0x08, 0x63, 0x08, 0x63, 0x08, 0x63, 0x08, 0x63, 0x08, 0x63, 0x08, 0x63, 0x08, 0x63, 0x08, 0x63, 0x08, 0x63, 0x08,
  0x27, 0x19, 0x63, 0x08, 0x63, 0x08, 0x63, 0x08, 0x63, 0x08, 0x63, 0x08, 0x63, 0x08, 0x63, 0x08, 0x63, 0x08, 0x63, 0x08, 0x63, 0x08, 0x63, 0x08, 0x63, 0x08, 0x63, 0x08, 0x63, 0x08, 0x63, 0x08,
  0x67, 0x19, 0x63, 0x08, 0x63, 0x08, 0x63, 0x08, 0x63, 0x08, 0x63, 0x08, 0x63, 0x08, 0x27, 0x19, 0x63, 0x08, 0x63, 0x08, 0x63, 0x08, 0x63, 0x08, 0x63, 0x08, 0x63, 0x08, 0x63, 0x08, 0x63, 0x08,
  0x63, 0x08, 0x63, 0x08, 0x63, 0x08, 0x63, 0x08, 0x63, 0x08, 0x63, 0x08, 0x63, 0x08, 0x63, 0x08, 0x63, 0x08, 0x63, 0x08, 0x63, 0x08, 0x26, 0x19, 0x63, 0x08, 0x63, 0x08, 0x63, 0x08, 0x63, 0x08,
  0x83, 0x08, 0x26, 0x19, 0x63, 0x08, 0x63, 0x08, 0x63, 0x08, 0x63, 0x08, 0x63, 0x08, 0x63, 0x08, 0x63, 0x08, 0x63, 0x08, 0x63, 0x08, 0x63, 0x08, 0x63, 0x08, 0x63, 0x08, 0x63, 0x08, 0x63, 0x08,
  0x63, 0x08, 0x63, 0x08, 0x63, 0x08, 0x63, 0x08, 0x63, 0x08, 0x63, 0x08, 0x63, 0x08, 0x63, 0x08, 0x63, 0x08, 0x63, 0x08, 0x63, 0x08, 0x63, 0x08, 0x63, 0x08, 0x63, 0x08, 0x26, 0x19, 0x63, 0x08,
  0x46, 0x19, 0x63, 0x08, 0x63, 0x08, 0x63, 0x08, 0x63, 0x08, 0x63, 0x08, 0x63, 0x08, 0x63, 0x08, 0x06, 0x19, 0x63, 0x08, 0x63, 0x08, 0x63, 0x08, 0x63, 0x08, 0x63, 0x08, 0x63, 0x08, 0x63, 0x08,
  0x63, 0x08, 0x63, 0x08, 0x63, 0x08, 0x63, 0x08, 0x63, 0x08, 0x63, 0x08, 0x63, 0x08, 0x63, 0x08, 0x63, 0x08, 0x63, 0x08, 0x63, 0x08, 0x63, 0x08, 0x63, 0x08, 0x63, 0x08, 0x63, 0x08, 0x63, 0x08,
  0x83, 0x08, 0x63, 0x08, 0x63, 0x08, 0x05, 0x19, 0x63, 0x08, 0x63, 0x08, 0x63, 0x08, 0x05, 0x11, 0x63, 0x08, 0x63, 0x08, 0x63, 0x08, 0x63, 0x08, 0x63, 0x08, 0x63, 0x08, 0x63, 0x08, 0x63, 0x08,
  0x63, 0x08, 0x63, 0x08, 0x63, 0x08, 0x63, 0x08, 0x63, 0x08, 0x63, 0x08, 0x63, 0x08, 0x63, 0x08, 0x63, 0x08, 0x63, 0x08, 0x63, 0x08, 0x63, 0x08, 0x63, 0x08, 0x63, 0x08, 0x63, 0x08, 0x63, 0x08,
  0x83, 0x08, 0x63, 0x08, 0x63, 0x08, 0x63, 0x08, 0x63, 0x08, 0x63, 0x08, 0x63, 0x08, 0x63, 0x08, 0x41, 0x28, 0x00, 0x28, 0x81, 0x38, 0x91, 0xd5, 0x90, 0xdd, 0x90, 0xdd, 0x12, 0xe6, 0xa5, 0x61,
  0x00, 0x20, 0x00, 0x30, 0x00, 0x20, 0x00, 0x28, 0x00, 0x28, 0xe3, 0x40, 0xa8, 0x7a, 0xf0, 0xbc, 0x41, 0x30, 0x00, 0x30, 0x67, 0x72, 0xf0, 0xc4, 0xb6, 0xee, 0x44, 0x51, 0x00, 0x28, 0x65, 0x59,
  0xb3, 0xcd, 0xb9, 0xff, 0xf0, 0xbc, 0x00, 0x20, 0x20, 0x30, 0xa9, 0x72, 0x96, 0xee, 0x18, 0xff, 0x99, 0xff, 0xed, 0x9b, 0x00, 0x20, 0x61, 0x38, 0x8b, 0x8b, 0x58, 0xff, 0xd0, 0xb4, 0x00, 0x20,
  0x20, 0x30, 0x88, 0x72, 0x75, 0xee, 0x38, 0xff, 0x58, 0xff, 0xa5, 0x59, 0x00, 0x28, 0x00, 0x28, 0xc6, 0x59, 0xd3, 0xd5, 0xcc, 0x9b, 0x00, 0x18, 0x00, 0x30, 0x04, 0x49, 0x2e, 0xac, 0xda, 0xff,
  0x6b, 0x93, 0x00, 0x18, 0x03, 0x49, 0x4b, 0x93, 0x0e, 0xa4, 0x0e, 0xa4, 0x00, 0x28, 0x00, 0x30, 0x0a, 0x7b, 0x96, 0xee, 0x99, 0xff, 0x68, 0x72, 0x00, 0x20, 0x03, 0x49, 0xb0, 0xb4, 0x38, 0xff,
  0x17, 0xff, 0x95, 0xee, 0x61, 0x38, 0x00, 0x30, 0x41, 0x38, 0x61, 0x38, 0x00, 0x28, 0x00, 0x28, 0x68, 0x72, 0xb2, 0xd5, 0xa2, 0x40, 0x00, 0x28, 0xa5, 0x59, 0xf3, 0xdd, 0x4b, 0x93, 0x00, 0x18,
  0x00, 0x28, 0x09, 0x8b, 0x32, 0xee, 0x6f, 0xd5, 0x90, 0xdd, 0x91, 0xd5, 0x61, 0x38, 0x00, 0x28, 0xa7, 0x49, 0x63, 0x08, 0x63, 0x08, 0x27, 0x19, 0x63, 0x08, 0x63, 0x08, 0x26, 0x19, 0x63, 0x08,
  0x63, 0x08, 0x63, 0x08, 0x63, 0x08, 0x63, 0x08, 0x63, 0x08, 0x63, 0x08, 0x63, 0x08, 0x63, 0x08, 0x63, 0x08, 0x63, 0x08, 0x63, 0x08, 0x63, 0x08, 0x63, 0x08, 0x63, 0x08, 0x63, 0x08, 0x63, 0x08,
  0x83, 0x08, 0x63, 0x08, 0x63, 0x08, 0x63, 0x08, 0x63, 0x08, 0x63, 0x08, 0x63, 0x08, 0x63, 0x08, 0x63, 0x08, 0x63, 0x08, 0x27, 0x19, 0x63, 0x08, 0x47, 0x19, 0x63, 0x08, 0x63, 0x08, 0x63, 0x08,
  0x63, 0x08, 0x63, 0x08, 0x63, 0x08, 0x63, 0x08, 0x63, 0x08, 0x63, 0x08, 0x63, 0x08, 0x63, 0x08, 0x63, 0x08, 0x63, 0x08, 0x63, 0x08, 0x63, 0x08, 0x63, 0x08, 0x63, 0x08, 0x63, 0x08, 0x63, 0x08,
  0x83, 0x08, 0x63, 0x08, 0x63, 0x08, 0x63, 0x08, 0x63, 0x08, 0x63, 0x08, 0x63, 0x08, 0x63, 0x08, 0x63, 0x08, 0x63, 0x08, 0x63, 0x08, 0x63, 0x08, 0x63, 0x08, 0x63, 0x08, 0x63, 0x08, 0x27, 0x19,
  0x63, 0x08, 0x63, 0x08, 0x63, 0x08, 0x63, 0x08, 0x63, 0x08, 0x63, 0x08, 0x63, 0x08, 0x63, 0x08, 0x63, 0x08, 0x63, 0x08, 0x63, 0x08, 0x63, 0x08, 0x63, 0x08, 0x63, 0x08, 0x63, 0x08, 0x63, 0x08,
  0x67, 0x19, 0x63, 0x08, 0x63, 0x08, 0x63, 0x08, 0x63, 0x08, 0x63, 0x08, 0x27, 0x19, 0x63, 0x08, 0x63, 0x08, 0x63, 0x08, 0x63, 0x08, 0x63, 0x08, 0x63, 0x08, 0x63, 0x08, 0x63, 0x08, 0x63, 0x08,
  0x63, 0x08, 0x63, 0x08, 0x63, 0x08, 0x63, 0x08, 0x63, 0x08, 0x63, 0x08, 0x63, 0x08, 0x63, 0x08, 0x63, 0x08, 0x63, 0x08, 0x63, 0x08, 0x26, 0x19, 0x63, 0x08, 0x63, 0x08, 0x63, 0x08, 0x63, 0x08,
  0x47, 0x19, 0x63, 0x08, 0x63, 0x08, 0x63, 0x08, 0x63, 0x08, 0x63, 0x08, 0x63, 0x08, 0x63, 0x08, 0x63, 0x08, 0x63, 0x08, 0x63, 0x08, 0x63, 0x08, 0x63, 0x08, 0x63, 0x08, 0x63, 0x08, 0x63, 0x08,
  0x63, 0x08, 0x63, 0x08, 0x63, 0x08, 0x63, 0x08, 0x63, 0x08, 0x63, 0x08, 0x63, 0x08, 0x63, 0x08, 0x63, 0x08, 0x63, 0x08, 0x63, 0x08, 0x63, 0x08, 0x63, 0x08, 0x26, 0x19, 0x63, 0x08, 0x06, 0x19,
  0x83, 0x08, 0x63, 0x08, 0x63, 0x08, 0x63, 0x08, 0x63, 0x08, 0x63, 0x08, 0x63, 0x08, 0x63, 0x08, 0x06, 0x19, 0x63, 0x08, 0x63, 0x08, 0x63, 0x08, 0x63, 0x08, 0x63, 0x08, 0x63, 0x08, 0x63, 0x08,
  0x63, 0x08, 0x63, 0x08, 0x63, 0x08, 0x63, 0x08, 0x63, 0x08, 0x63, 0x08, 0x63, 0x08, 0x63, 0x08, 0x63, 0x08, 0x63, 0x08, 0x63, 0x08, 0x63, 0x08, 0x63, 0x08, 0x63, 0x08, 0x63, 0x08, 0x63, 0x08,
  0x83, 0x08, 0x63, 0x08, 0x05, 0x19, 0x63, 0x08, 0x63, 0x08, 0x63, 0x08, 0x05, 0x11, 0x63, 0x08, 0x63, 0x08, 0x63, 0x08, 0x63, 0x08, 0x63, 0x08, 0x63, 0x08, 0x63, 0x08, 0x63, 0x08, 0x63, 0x08,
  0x63, 0x08, 0x63, 0x08, 0x63, 0x08, 0x63, 0x08, 0x63, 0x08, 0x63, 0x08, 0x63, 0x08, 0x63, 0x08, 0x63, 0x08, 0x63, 0x08, 0x63, 0x08, 0x63, 0x08, 0x63, 0x08, 0x63, 0x08, 0x63, 0x08, 0x63, 0x08,
  0x83, 0x08, 0x43, 0x08, 0x43, 0x08, 0x43, 0x08, 0x43, 0x08, 0x43, 0x08, 0x43, 0x08, 0x43, 0x08, 0x41, 0x28, 0x00, 0x20, 0x88, 0x72, 0xf2, 0xe5, 0x4f, 0xd5, 0xb1, 0xdd, 0xb1, 0xdd, 0xe6, 0x61,
  0xe3, 0x48, 0xe3, 0x48, 0xc2, 0x40, 0xc2, 0x40, 0xa5, 0x51, 0xe6, 0x61, 0xed, 0xa3, 0x6b, 0x8b, 0x00, 0x20, 0x00, 0x30, 0x0a, 0x83, 0x58, 0xff, 0xf6, 0xf6, 0xa2, 0x40, 0x00, 0x28, 0x00, 0x30,
  0xd0, 0xbc, 0xfa, 0xff, 0xcc, 0x9b, 0x00, 0x18, 0x00, 0x28, 0x88, 0x72, 0xf7, 0xf6, 0xf7, 0xfe, 0x99, 0xff, 0x6b, 0x8b, 0x00, 0x18, 0x20, 0x30, 0x8b, 0x8b, 0x99, 0xff, 0x8f, 0xac, 0x00, 0x18,
  0x00, 0x28, 0xc9, 0x7a, 0xb6, 0xee, 0x18, 0xff, 0x99, 0xff, 0xc9, 0x7a, 0x00, 0x20, 0x00, 0x30, 0x48, 0x6a, 0x55, 0xe6, 0x51, 0xc5, 0x00, 0x20, 0x00, 0x28, 0xa5, 0x59, 0xf0, 0xbc, 0xb9, 0xff,
  0xa5, 0x59, 0x00, 0x20, 0x03, 0x49, 0x4e, 0xb4, 0xda, 0xff, 0xb3, 0xd5, 0x00, 0x20, 0x00, 0x20, 0x85, 0x59, 0x96, 0xee, 0x79, 0xff, 0x64, 0x51, 0x00, 0x20, 0x61, 0x38, 0x52, 0xc5, 0x38, 0xff,
  0x38, 0xff, 0x51, 0xc5, 0x00, 0x20, 0x00, 0x28, 0x00, 0x28, 0x00, 0x30, 0x00, 0x30, 0x00, 0x30, 0x0a, 0x83, 0xcc, 0x9b, 0x40, 0x30, 0x41, 0x38, 0x44, 0x51, 0xf3, 0xe5, 0xaf, 0xbc, 0x02, 0x41,
  0x43, 0x51, 0xc5, 0x61, 0xec, 0xab, 0x90, 0xdd, 0x2f, 0xd5, 0x32, 0xe6, 0xa5, 0x59, 0x00, 0x20, 0xc7, 0x49, 0x43, 0x08, 0x43, 0x08, 0x43, 0x08, 0x27, 0x19, 0x43, 0x08, 0x26, 0x19, 0x43, 0x08,
  0x43, 0x08, 0x43, 0x08, 0x43, 0x08, 0x43, 0x08, 0x43, 0x08, 0x43, 0x08, 0x43, 0x08, 0x43, 0x08, 0x43, 0x08, 0x43, 0x08, 0x43, 0x08, 0x43, 0x08, 0x43, 0x08, 0x43, 0x08, 0x43, 0x08, 0x43, 0x08,
  0x83, 0x08, 0x43, 0x08, 0x43, 0x08, 0x43, 0x08, 0x43, 0x08, 0x43, 0x08, 0x43, 0x08, 0x43, 0x08, 0x43, 0x08, 0x43, 0x08, 0x27, 0x19, 0x43, 0x08, 0x43, 0x08, 0x27, 0x19, 0x43, 0x08, 0x43, 0x08,
  0x43, 0x08, 0x43, 0x08, 0x43, 0x08, 0x43, 0x08, 0x43, 0x08, 0x43, 0x08, 0x43, 0x08, 0x43, 0x08, 0x43, 0x08, 0x43, 0x08, 0x43, 0x08, 0x43, 0x08, 0x43, 0x08, 0x43, 0x08, 0x43, 0x08, 0x43, 0x08,
  0x83, 0x08, 0x43, 0x08, 0x43, 0x08, 0x43, 0x08, 0x43, 0x08, 0x43, 0x08, 0x43, 0x08, 0x43, 0x08, 0x43, 0x08, 0x43, 0x08, 0x43, 0x08, 0x43, 0x08, 0x43, 0x08, 0x43, 0x08, 0x27, 0x19, 0x43, 0x08,
  0x43, 0x08, 0x43, 0x08, 0x43, 0x08, 0x43, 0x08, 0x43, 0x08, 0x43, 0x08, 0x43, 0x08, 0x43, 0x08, 0x43, 0x08, 0x43, 0x08, 0x43, 0x08, 0x43, 0x08, 0x43, 0x08, 0x43, 0x08, 0x43, 0x08, 0x43, 0x08,
  0x47, 0x19, 0x43, 0x08, 0x43, 0x08, 0x43, 0x08, 0x43, 0x08, 0x27, 0x19, 0x43, 0x08, 0x43, 0x08, 0x43, 0x08, 0x43, 0x08, 0x43, 0x08, 0x43, 0x08, 0x43, 0x08, 0x43, 0x08, 0x43, 0x08, 0x43, 0x08,
  0x43, 0x08, 0x43, 0x08, 0x43, 0x08, 0x43, 0x08, 0x43, 0x08, 0x43, 0x08, 0x43, 0x08, 0x43, 0x08, 0x43, 0x08, 0x43, 0x08, 0x43, 0x08, 0x26, 0x19, 0x43, 0x08, 0x43, 0x08, 0x43, 0x08, 0x26, 0x19,
  0x83, 0x08, 0x43, 0x08, 0x43, 0x08, 0x43, 0x08, 0x43, 0x08, 0x43, 0x08, 0x43, 0x08, 0x43, 0x08, 0x43, 0x08, 0x43, 0x08, 0x43, 0x08, 0x43, 0x08, 0x43, 0x08, 0x43, 0x08, 0x43, 0x08, 0x43, 0x08,
  0x43, 0x08, 0x43, 0x08, 0x43, 0x08, 0x43, 0x08, 0x43, 0x08, 0x43, 0x08, 0x43, 0x08, 0x43, 0x08, 0x43, 0x08, 0x43, 0x08, 0x43, 0x08, 0x43, 0x08, 0x06, 0x19, 0x43, 0x08, 0x06, 0x19, 0x43, 0x08,
  0x83, 0x08, 0x43, 0x08, 0x43, 0x08, 0x43, 0x08, 0x43, 0x08, 0x43, 0x08, 0x43, 0x08, 0x43, 0x08, 0x06, 0x19, 0x43, 0x08, 0x43, 0x08, 0x43, 0x08, 0x43, 0x08, 0x43, 0x08, 0x43, 0x08, 0x43, 0x08,
  0x43, 0x08, 0x43, 0x08, 0x43, 0x08, 0x43, 0x08, 0x43, 0x08, 0x43, 0x08, 0x43, 0x08, 0x43, 0x08, 0x43, 0x08, 0x43, 0x08, 0x43, 0x08, 0x43, 0x08, 0x43, 0x08, 0x43, 0x08, 0x43, 0x08, 0x43, 0x08,
  0x83, 0x08, 0x05, 0x19, 0x43, 0x08, 0x43, 0x08, 0x43, 0x08, 0xe5, 0x10, 0x43, 0x08, 0x43, 0x08, 0x43, 0x08, 0x43, 0x08, 0x43, 0x08, 0x43, 0x08, 0x43, 0x08, 0x43, 0x08, 0x43, 0x08, 0x43, 0x08,
  0x43, 0x08, 0x43, 0x08, 0x43, 0x08, 0x43, 0x08, 0x43, 0x08, 0x43, 0x08, 0x43, 0x08, 0x43, 0x08, 0x43, 0x08, 0x43, 0x08, 0x43, 0x08, 0x43, 0x08, 0x43, 0x08, 0x43, 0x08, 0x43, 0x08, 0x43, 0x08,
  0x83, 0x08, 0x43, 0x08, 0x43, 0x08, 0x43, 0x08, 0x43, 0x08, 0x43, 0x08, 0x43, 0x08, 0x43, 0x08, 0x41, 0x28, 0x00, 0x20, 0x2d, 0xac, 0x6f, 0xdd, 0x4f, 0xd5, 0x91, 0xdd, 0x12, 0xe6, 0x71, 0xd5,
  0x6b, 0x93, 0x4a, 0x8b, 0x0a, 0x8b, 0xe9, 0x82, 0x0a, 0x8b, 0x2d, 0xac, 0x38, 0xff, 0x31, 0xc5, 0x48, 0x6a, 0x28, 0x6a, 0x68, 0x72, 0xb3, 0xd5, 0x96, 0xe6, 0x07, 0x62, 0x65, 0x59, 0x65, 0x51,
  0xc9, 0x7a, 0xb6, 0xee, 0xa9, 0x72, 0xe3, 0x48, 0x03, 0x49, 0x27, 0x6a, 0x55, 0xe6, 0x38, 0xff, 0xf7, 0xf6, 0xa5, 0x59, 0x82, 0x40, 0x82, 0x30, 0x6c, 0x8b, 0x38, 0xf7, 0x68, 0x72, 0x61, 0x30,
  0x81, 0x38, 0x89, 0x72, 0xf7, 0xf6, 0xf7, 0xfe, 0x99, 0xff, 0x0a, 0x83, 0x20, 0x28, 0xc2, 0x40, 0x0b, 0x83, 0xb6, 0xf6, 0xf4, 0xdd, 0x20, 0x30, 0x61, 0x38, 0x07, 0x62, 0xd3, 0xdd, 0x92, 0xcd,
  0x41, 0x30, 0x61, 0x40, 0xe3, 0x48, 0x72, 0xc5, 0xba, 0xff, 0x2e, 0xa4, 0x81, 0x28, 0xc2, 0x40, 0x03, 0x41, 0x31, 0xc5, 0x14, 0xde, 0x03, 0x41, 0xe3, 0x48, 0x03, 0x41, 0x8c, 0x93, 0x96, 0xee,
  0x79, 0xff, 0x8f, 0xac, 0x85, 0x51, 0xa6, 0x59, 0xa6, 0x59, 0xe6, 0x61, 0x07, 0x6a, 0xe7, 0x61, 0x88, 0x72, 0x71, 0xcd, 0xc9, 0x82, 0x67, 0x72, 0x47, 0x72, 0x2a, 0x93, 0xb5, 0xf6, 0x2d, 0xac,
  0xe8, 0x8a, 0x09, 0x93, 0xcb, 0xab, 0x90, 0xdd, 0x0e, 0xd5, 0xf1, 0xe5, 0x47, 0x72, 0x00, 0x20, 0xe7, 0x49, 0x43, 0x08, 0x43, 0x08, 0x43, 0x08, 0x43, 0x08, 0x27, 0x19, 0x26, 0x19, 0x43, 0x08,
  0x43, 0x08, 0x43, 0x08, 0x43, 0x08, 0x43, 0x08, 0x43, 0x08, 0x43, 0x08, 0x43, 0x08, 0x43, 0x08, 0x43, 0x08, 0x43, 0x08, 0x43, 0x08, 0x43, 0x08, 0x43, 0x08, 0x43, 0x08, 0x43, 0x08, 0x43, 0x08,
  0x83, 0x08, 0x43, 0x08, 0x43, 0x08, 0x43, 0x08, 0x43, 0x08, 0x43, 0x08, 0x43, 0x08, 0x43, 0x08, 0x43, 0x08, 0x43, 0x08, 0x27, 0x19, 0x43, 0x08, 0x43, 0x08, 0x43, 0x08, 0x27, 0x19, 0x43, 0x08,
  0x43, 0x08, 0x43, 0x08, 0x43, 0x08, 0x43, 0x08, 0x43, 0x08, 0x43, 0x08, 0x43, 0x08, 0x43, 0x08, 0x43, 0x08, 0x43, 0x08, 0x43, 0x08, 0x43, 0x08, 0x43, 0x08, 0x43, 0x08, 0x43, 0x08, 0x43, 0x08,
  0x83, 0x08, 0x43, 0x08, 0x43, 0x08, 0x43, 0x08, 0x43, 0x08, 0x43, 0x08, 0x43, 0x08, 0x43, 0x08, 0x43, 0x08, 0x43, 0x08, 0x43, 0x08, 0x43, 0x08, 0x43, 0x08, 0x27, 0x19, 0x43, 0x08, 0x43, 0x08,
  0x43, 0x08, 0x43, 0x08, 0x43, 0x08, 0x43, 0x08, 0x43, 0x08, 0x43, 0x08, 0x43, 0x08, 0x43, 0x08, 0x43, 0x08, 0x43, 0x08, 0x43, 0x08, 0x43, 0x08, 0x43, 0x08, 0x43, 0x08, 0x43, 0x08, 0x43, 0x08,
  0x47, 0x19, 0x43, 0x08, 0x43, 0x08, 0x43, 0x08, 0x27, 0x19, 0x43, 0x08, 0x43, 0x08, 0x43, 0x08, 0x43, 0x08, 0x43, 0x08, 0x43, 0x08, 0x43, 0x08, 0x43, 0x08, 0x43, 0x08, 0x43, 0x08, 0x43, 0x08,
  0x43, 0x08, 0x43, 0x08, 0x43, 0x08, 0x43, 0x08, 0x43, 0x08, 0x43, 0x08, 0x43, 0x08, 0x43, 0x08, 0x43, 0x08, 0x43, 0x08, 0x43, 0x08, 0x26, 0x19, 0x43, 0x08, 0x43, 0x08, 0x26, 0x19, 0x43, 0x08,
  0x83, 0x08, 0x43, 0x08, 0x43, 0x08, 0x43, 0x08, 0x43, 0x08, 0x43, 0x08, 0x43, 0x08, 0x43, 0x08, 0x43, 0x08, 0x43, 0x08, 0x43, 0x08, 0x43, 0x08, 0x43, 0x08, 0x43, 0x08, 0x43, 0x08, 0x43, 0x08,
  0x43, 0x08, 0x43, 0x08, 0x43, 0x08, 0x43, 0x08, 0x43, 0x08, 0x43, 0x08, 0x43, 0x08, 0x43, 0x08, 0x43, 0x08, 0x43, 0x08, 0x43, 0x08, 0x06, 0x19, 0x43, 0x08, 0x06, 0x19, 0x43, 0x08, 0x43, 0x08,
  0x83, 0x08, 0x43, 0x08, 0x43, 0x08, 0x43, 0x08, 0x43, 0x08, 0x43, 0x08, 0x43, 0x08, 0x43, 0x08, 0x06, 0x19, 0x43, 0x08, 0x43, 0x08, 0x43, 0x08, 0x43, 0x08, 0x43, 0x08, 0x43, 0x08, 0x43, 0x08,
  0x43, 0x08, 0x43, 0x08, 0x43, 0x08, 0x43, 0x08, 0x43, 0x08, 0x43, 0x08, 0x43, 0x08, 0x43, 0x08, 0x43, 0x08, 0x43, 0x08, 0x43, 0x08, 0x43, 0x08, 0x43, 0x08, 0x43, 0x08, 0x43, 0x08, 0x43, 0x08,
  0x26, 0x19, 0x43, 0x08, 0x43, 0x08, 0x43, 0x08, 0xe5, 0x10, 0x43, 0x08, 0x43, 0x08, 0x43, 0x08, 0x43, 0x08, 0x43, 0x08, 0x43, 0x08, 0x43, 0x08, 0x43, 0x08, 0x43, 0x08, 0x43, 0x08, 0x43, 0x08,
  0x43, 0x08, 0x43, 0x08, 0x43, 0x08, 0x43, 0x08, 0x43, 0x08, 0x43, 0x08, 0x43, 0x08, 0x43, 0x08, 0x43, 0x08, 0x43, 0x08, 0x43, 0x08, 0x43, 0x08, 0x43, 0x08, 0x43, 0x08, 0x43, 0x08, 0x43, 0x08,
  0x83, 0x08, 0x43, 0x08, 0x43, 0x08, 0x43, 0x08, 0x43, 0x08, 0x43, 0x08, 0x43, 0x08, 0x43, 0x08, 0x41, 0x28, 0x00, 0x20, 0x4d, 0xac, 0xee, 0xcc, 0x2e, 0xcd, 0x90, 0xdd, 0xb1, 0xdd, 0x12, 0xe6,
  0x74, 0xf6, 0x33, 0xee, 0x13, 0xe6, 0x74, 0xee, 0x17, 0xff, 0x38, 0xff, 0xf7, 0xfe, 0x17, 0xff, 0xd3, 0xdd, 0x72, 0xcd, 0xf0, 0xc4, 0x35, 0xe6, 0x99, 0xff, 0x14, 0xde, 0x6f, 0xac, 0x6f, 0xac,
  0x8c, 0x93, 0x55, 0xe6, 0x96, 0xee, 0x0e, 0xa4, 0x0e, 0xa4, 0x0a, 0x83, 0x0d, 0xa4, 0x58, 0xff, 0x38, 0xff, 0x32, 0xc5, 0x6c, 0x8b, 0x6c, 0x8b, 0xa9, 0x72, 0x72, 0xcd, 0x93, 0xcd, 0xca, 0x72,
  0x2b, 0x83, 0xa9, 0x72, 0x0e, 0xa4, 0x59, 0xff, 0x18, 0xff, 0x35, 0xde, 0x2b, 0x83, 0xc9, 0x72, 0xea, 0x82, 0xd6, 0xf6, 0x38, 0xff, 0x2e, 0xa4, 0xc9, 0x72, 0x48, 0x6a, 0xd3, 0xd5, 0xd7, 0xf6,
  0x6c, 0x8b, 0xca, 0x7a, 0xea, 0x7a, 0x6c, 0x93, 0x17, 0xff, 0xb6, 0xee, 0xed, 0x9b, 0x6b, 0x8b, 0x2a, 0x83, 0xea, 0x8a, 0x38, 0xff, 0xd0, 0xbc, 0x6b, 0x8b, 0xac, 0x93, 0x0a, 0x8b, 0x35, 0xe6,
  0x18, 0xff, 0xf7, 0xfe, 0xf0, 0xbc, 0xb0, 0xb4, 0xd0, 0xbc, 0x31, 0xc5, 0x72, 0xcd, 0x72, 0xcd, 0x92, 0xd5, 0xf6, 0xfe, 0xf3, 0xe5, 0xb2, 0xdd, 0xd2, 0xdd, 0x54, 0xee, 0x33, 0xe6, 0x53, 0xee,
  0x32, 0xee, 0x32, 0xee, 0xd1, 0xe5, 0x4f, 0xd5, 0x0e, 0xcd, 0xb0, 0xdd, 0x47, 0x72, 0x00, 0x20, 0xe7, 0x49, 0x43, 0x08, 0x43, 0x08, 0x43, 0x08, 0x43, 0x08, 0x43, 0x08, 0x27, 0x19, 0x43, 0x08,
  0x43, 0x08, 0x43, 0x08, 0x43, 0x08, 0x43, 0x08, 0x43, 0x08, 0x43, 0x08, 0x43, 0x08, 0x43, 0x08, 0x43, 0x08, 0x43, 0x08, 0x43, 0x08, 0x43, 0x08, 0x43, 0x08, 0x43, 0x08, 0x43, 0x08, 0x43, 0x08,
  0x83, 0x08, 0x43, 0x08, 0x43, 0x08, 0x43, 0x08, 0x43, 0x08, 0x43, 0x08, 0x43, 0x08, 0x43, 0x08, 0x43, 0x08, 0x43, 0x08, 0x27, 0x19, 0x43, 0x08, 0x43, 0x08, 0x43, 0x08, 0x43, 0x08, 0x27, 0x19,
  0x43, 0x08, 0x43, 0x08, 0x43, 0x08, 0x43, 0x08, 0x43, 0x08, 0x43, 0x08, 0x43, 0x08, 0x43, 0x08, 0x43, 0x08, 0x43, 0x08, 0x43, 0x08, 0x43, 0x08, 0x43, 0x08, 0x43, 0x08, 0x43, 0x08, 0x43, 0x08,
  0x83, 0x08, 0x43, 0x08, 0x43, 0x08, 0x43, 0x08, 0x43, 0x08, 0x43, 0x08, 0x43, 0x08, 0x43, 0x08, 0x43, 0x08, 0x43, 0x08, 0x43, 0x08, 0x43, 0x08, 0x27, 0x19, 0x43, 0x08, 0x43, 0x08, 0x43, 0x08,
  0x43, 0x08, 0x43, 0x08, 0x43, 0x08, 0x43, 0x08, 0x43, 0x08, 0x43, 0x08, 0x43, 0x08, 0x43, 0x08, 0x43, 0x08, 0x43, 0x08, 0x43, 0x08, 0x43, 0x08, 0x43, 0x08, 0x43, 0x08, 0x43, 0x08, 0x43, 0x08,
  0x47, 0x19, 0x43, 0x08, 0x43, 0x08, 0x27, 0x19, 0x43, 0x08, 0x43, 0x08, 0x43, 0x08, 0x43, 0x08, 0x43, 0x08, 0x43, 0x08, 0x43, 0x08, 0x43, 0x08, 0x43, 0x08, 0x43, 0x08, 0x43, 0x08, 0x43, 0x08,
  0x43, 0x08, 0x43, 0x08, 0x43, 0x08, 0x43, 0x08, 0x43, 0x08, 0x43, 0x08, 0x43, 0x08, 0x43, 0x08, 0x43, 0x08, 0x43, 0x08, 0x43, 0x08, 0x26, 0x19, 0x43, 0x08, 0x43, 0x08, 0x26, 0x19, 0x43, 0x08,
  0x83, 0x08, 0x43, 0x08, 0x43, 0x08, 0x43, 0x08, 0x43, 0x08, 0x43, 0x08, 0x43, 0x08, 0x43, 0x08, 0x43, 0x08, 0x43, 0x08, 0x43, 0x08, 0x43, 0x08, 0x43, 0x08, 0x43, 0x08, 0x43, 0x08, 0x43, 0x08,
  0x43, 0x08, 0x43, 0x08, 0x43, 0x08, 0x43, 0x08, 0x43, 0x08, 0x43, 0x08, 0x43, 0x08, 0x43, 0x08, 0x43, 0x08, 0x43, 0x08, 0x06, 0x19, 0x43, 0x08, 0x06, 0x19, 0x43, 0x08, 0x43, 0x08, 0x43, 0x08,
  0x83, 0x08, 0x43, 0x08, 0x43, 0x08, 0x43, 0x08, 0x43, 0x08, 0x43, 0x08, 0x43, 0x08, 0x43, 0x08, 0x06, 0x19, 0x43, 0x08, 0x43, 0x08, 0x43, 0x08, 0x43, 0x08, 0x43, 0x08, 0x43, 0x08, 0x43, 0x08,
  0x43, 0x08, 0x43, 0x08, 0x43, 0x08, 0x43, 0x08, 0x43, 0x08, 0x43, 0x08, 0x43, 0x08, 0x43, 0x08, 0x43, 0x08, 0x43, 0x08, 0x43, 0x08, 0x43, 0x08, 0x43, 0x08, 0x43, 0x08, 0x43, 0x08, 0x05, 0x19,
  0x83, 0x08, 0x43, 0x08, 0x43, 0x08, 0x43, 0x08, 0xe5, 0x10, 0x43, 0x08, 0x43, 0x08, 0x43, 0x08, 0x43, 0x08, 0x43, 0x08, 0x43, 0x08, 0x43, 0x08, 0x43, 0x08, 0x43, 0x08, 0x43, 0x08, 0x43, 0x08,
  0x43, 0x08, 0x43, 0x08, 0x43, 0x08, 0x43, 0x08, 0x43, 0x08, 0x43, 0x08, 0x43, 0x08, 0x43, 0x08, 0x43, 0x08, 0x43, 0x08, 0x43, 0x08, 0x43, 0x08, 0x43, 0x08, 0x43, 0x08, 0x43, 0x08, 0x43, 0x08,
  0x83, 0x08, 0x43, 0x08, 0x43, 0x08, 0x43, 0x08, 0x43, 0x08, 0x43, 0x08, 0x43, 0x08, 0x43, 0x08, 0x41, 0x28, 0x00, 0x20, 0xec, 0xa3, 0xad, 0xc4, 0xcd, 0xc4, 0x4f, 0xd5, 0xd1, 0xe5, 0x0f, 0xc5,
  0x4a, 0x8b, 0x71, 0xcd, 0xd5, 0xf6, 0x33, 0xe6, 0x51, 0xc5, 0xd6, 0xf6, 0xf6, 0xfe, 0xb6, 0xf6, 0x38, 0xff, 0xb9, 0xff, 0x78, 0xff, 0x79, 0xff, 0x17, 0xff, 0x99, 0xff, 0xb9, 0xff, 0x58, 0xff,
  0xda, 0xff, 0xb9, 0xff, 0x37, 0xff, 0xb9, 0xff, 0x58, 0xff, 0xb9, 0xff, 0x99, 0xff, 0x99, 0xff, 0x38, 0xff, 0x99, 0xff, 0x17, 0xff, 0x58, 0xff, 0xf7, 0xfe, 0x38, 0xff, 0xb9, 0xff, 0xd6, 0xf6,
  0x96, 0xee, 0xf7, 0xf6, 0xd7, 0xf6, 0x79, 0xff, 0x58, 0xff, 0x79, 0xff, 0xf7, 0xfe, 0x96, 0xee, 0xd7, 0xf6, 0x38, 0xff, 0x18, 0xff, 0x38, 0xff, 0x95, 0xee, 0x96, 0xee, 0x58, 0xff, 0x58, 0xff,
  0xb6, 0xf6, 0xd7, 0xf6, 0xf7, 0xfe, 0xb6, 0xf6, 0x59, 0xff, 0xba, 0xff, 0x17, 0xff, 0xd7, 0xf6, 0x58, 0xff, 0xfa, 0xff, 0x58, 0xff, 0x37, 0xff, 0xb9, 0xff, 0x58, 0xff, 0xda, 0xff, 0x78, 0xff,
  0x17, 0xff, 0x78, 0xff, 0xb9, 0xff, 0x58, 0xff, 0x99, 0xff, 0x58, 0xff, 0x38, 0xff, 0x37, 0xff, 0xf7, 0xfe, 0x95, 0xf6, 0x54, 0xee, 0x54, 0xee, 0x33, 0xee, 0x71, 0xd5, 0xb1, 0xdd, 0x8d, 0xb4,
  0xcb, 0xa3, 0x6d, 0xbc, 0x90, 0xdd, 0x4f, 0xd5, 0xad, 0xc4, 0x4f, 0xd5, 0x26, 0x6a, 0x00, 0x20, 0xe7, 0x49, 0x43, 0x08, 0x43, 0x08, 0x43, 0x08, 0x43, 0x08, 0x43, 0x08, 0x26, 0x19, 0x27, 0x19,
  0x43, 0x08, 0x43, 0x08, 0x43, 0x08, 0x43, 0x08, 0x43, 0x08, 0x43, 0x08, 0x43, 0x08, 0x43, 0x08, 0x43, 0x08, 0x43, 0x08, 0x43, 0x08, 0x43, 0x08, 0x43, 0x08, 0x43, 0x08, 0x43, 0x08, 0x43, 0x08,
  0x83, 0x08, 0x43, 0x08, 0x43, 0x08, 0x43, 0x08, 0x43, 0x08, 0x43, 0x08, 0x43, 0x08, 0x43, 0x08, 0x43, 0x08, 0x43, 0x08, 0x27, 0x19, 0x43, 0x08, 0x43, 0x08, 0x43, 0x08, 0x43, 0x08, 0x43, 0x08,
  0x27, 0x19, 0x43, 0x08, 0x43, 0x08, 0x43, 0x08, 0x43, 0x08, 0x43, 0x08, 0x43, 0x08, 0x43, 0x08, 0x43, 0x08, 0x43, 0x08, 0x43, 0x08, 0x43, 0x08, 0x43, 0x08, 0x43, 0x08, 0x43, 0x08, 0x43, 0x08,
  0x83, 0x08, 0x43, 0x08, 0x43, 0x08, 0x43, 0x08, 0x43, 0x08, 0x43, 0x08, 0x43, 0x08, 0x43, 0x08, 0x43, 0x08, 0x43, 0x08, 0x43, 0x08, 0x27, 0x19, 0x43, 0x08, 0x43, 0x08, 0x43, 0x08, 0x43, 0x08,
  0x43, 0x08, 0x43, 0x08, 0x43, 0x08, 0x43, 0x08, 0x43, 0x08, 0x43, 0x08, 0x43, 0x08, 0x43, 0x08, 0x43, 0x08, 0x43, 0x08, 0x43, 0x08, 0x43, 0x08, 0x43, 0x08, 0x43, 0x08, 0x43, 0x08, 0x43, 0x08,
  0x47, 0x19, 0x43, 0x08, 0x27, 0x19, 0x43, 0x08, 0x43, 0x08, 0x43, 0x08, 0x43, 0x08, 0x43, 0x08, 0x43, 0x08, 0x43, 0x08, 0x43, 0x08, 0x43, 0x08, 0x43, 0x08, 0x43, 0x08, 0x43, 0x08, 0x43, 0x08,
  0x43, 0x08, 0x43, 0x08, 0x43, 0x08, 0x43, 0x08, 0x43, 0x08, 0x43, 0x08, 0x43, 0x08, 0x43, 0x08, 0x43, 0x08, 0x43, 0x08, 0x43, 0x08, 0x26, 0x19, 0x43, 0x08, 0x43, 0x08, 0x26, 0x19, 0x43, 0x08,
  0x83, 0x08, 0x43, 0x08, 0x43, 0x08, 0x43, 0x08, 0x43, 0x08, 0x43, 0x08, 0x43, 0x08, 0x43, 0x08, 0x43, 0x08, 0x43, 0x08, 0x43, 0x08, 0x43, 0x08, 0x43, 0x08, 0x43, 0x08, 0x43, 0x08, 0x43, 0x08,
  0x43, 0x08, 0x43, 0x08, 0x43, 0x08, 0x43, 0x08, 0x43, 0x08, 0x43, 0x08, 0x43, 0x08, 0x43, 0x08, 0x43, 0x08, 0x06, 0x19, 0x43, 0x08, 0x06, 0x19, 0x43, 0x08, 0x43, 0x08, 0x43, 0x08, 0x43, 0x08,
  0x83, 0x08, 0x43, 0x08, 0x43, 0x08, 0x43, 0x08, 0x43, 0x08, 0x43, 0x08, 0x43, 0x08, 0x43, 0x08, 0x06, 0x19, 0x43, 0x08, 0x43, 0x08, 0x43, 0x08, 0x43, 0x08, 0x43, 0x08, 0x43, 0x08, 0x43, 0x08,
  0x43, 0x08, 0x43, 0x08, 0x43, 0x08, 0x43, 0x08, 0x43, 0x08, 0x43, 0x08, 0x43, 0x08, 0x43, 0x08, 0x43, 0x08, 0x43, 0x08, 0x43, 0x08, 0x43, 0x08, 0x43, 0x08, 0x43, 0x08, 0x05, 0x19, 0x43, 0x08,
  0x83, 0x08, 0x43, 0x08, 0x43, 0x08, 0x43, 0x08, 0xe5, 0x10, 0x43, 0x08, 0x43, 0x08, 0x43, 0x08, 0x43, 0x08, 0x43, 0x08, 0x43, 0x08, 0x43, 0x08, 0x43, 0x08, 0x43, 0x08, 0x43, 0x08, 0x43, 0x08,
  0x43, 0x08, 0x43, 0x08, 0x43, 0x08, 0x43, 0x08, 0x43, 0x08, 0x43, 0x08, 0x43, 0x08, 0x43, 0x08, 0x43, 0x08, 0x43, 0x08, 0x43, 0x08, 0x43, 0x08, 0x43, 0x08, 0x43, 0x08, 0x43, 0x08, 0xe5, 0x10,
  0x83, 0x08, 0x43, 0x08, 0x43, 0x08, 0x43, 0x08, 0x43, 0x08, 0x43, 0x08, 0x43, 0x08, 0x43, 0x08, 0x41, 0x28, 0x00, 0x20, 0xcb, 0x9b, 0x8c, 0xc4, 0x8d, 0xc4, 0x2f, 0xd5, 0xd1, 0xdd, 0x43, 0x59,
  0x61, 0x38, 0xa2, 0x48, 0xb2, 0xd5, 0x44, 0x51, 0x00, 0x20, 0xc9, 0x7a, 0x54, 0xee, 0xe2, 0x48, 0xa2, 0x38, 0x4a, 0x8b, 0x95, 0xee, 0xa5, 0x59, 0x95, 0xee, 0x6b, 0x93, 0x10, 0xbd, 0x99, 0xff,
  0x72, 0xcd, 0xac, 0x93, 0xd6, 0xf6, 0x4e, 0xac, 0xd6, 0xf6, 0x8f, 0xb4, 0xd3, 0xd5, 0xf0, 0xbc, 0xf7, 0xf6, 0x10, 0xbd, 0x96, 0xee, 0x51, 0xc5, 0xf7, 0xf6, 0xf7, 0xf6, 0xd0, 0xb4, 0xd7, 0xf6,
  0x38, 0xff, 0xd3, 0xd5, 0x38, 0xff, 0x14, 0xde, 0x55, 0xe6, 0x55, 0xe6, 0xd3, 0xd5, 0xd3, 0xd5, 0x14, 0xde, 0x95, 0xee, 0x17, 0xff, 0xf3, 0xdd, 0xf7, 0xfe, 0x79, 0xff, 0x34, 0xde, 0x34, 0xde,
  0x59, 0xff, 0x75, 0xe6, 0xb3, 0xd5, 0x99, 0xff, 0xb3, 0xd5, 0x4e, 0xa4, 0xd7, 0xf6, 0x79, 0xff, 0xf4, 0xdd, 0x8c, 0x8b, 0xf4, 0xdd, 0xf7, 0xfe, 0x0d, 0xa4, 0xf6, 0xf6, 0x6e, 0xac, 0x51, 0xcd,
  0xb5, 0xee, 0x27, 0x6a, 0xa9, 0x82, 0xd6, 0xf6, 0x47, 0x72, 0x51, 0xcd, 0x2a, 0x8b, 0xec, 0xa3, 0x6a, 0x93, 0x6a, 0x93, 0x4a, 0x8b, 0xa5, 0x61, 0x0f, 0xcd, 0x03, 0x51, 0x4d, 0xb4, 0x00, 0x30,
  0x61, 0x38, 0xa8, 0x82, 0xd0, 0xe5, 0x2e, 0xcd, 0x6c, 0xbc, 0x2f, 0xd5, 0xe6, 0x61, 0x00, 0x20, 0xe7, 0x49, 0x43, 0x08, 0x43, 0x08, 0x43, 0x08, 0x43, 0x08, 0x43, 0x08, 0x26, 0x19, 0x43, 0x08,
  0x27, 0x19, 0x43, 0x08, 0x43, 0x08, 0x43, 0x08, 0x43, 0x08, 0x43, 0x08, 0x43, 0x08, 0x43, 0x08, 0x43, 0x08, 0x43, 0x08, 0x43, 0x08, 0x43, 0x08, 0x43, 0x08, 0x43, 0x08, 0x43, 0x08, 0x43, 0x08,
  0x83, 0x08, 0x43, 0x08, 0x43, 0x08, 0x43, 0x08, 0x43, 0x08, 0x43, 0x08, 0x43, 0x08, 0x43, 0x08, 0x43, 0x08, 0x43, 0x08, 0x27, 0x19, 0x43, 0x08, 0x43, 0x08, 0x43, 0x08, 0x43, 0x08, 0x43, 0x08,
  0x43, 0x08, 0x27, 0x19, 0x43, 0x08, 0x43, 0x08, 0x43, 0x08, 0x43, 0x08, 0x43, 0x08, 0x43, 0x08, 0x43, 0x08, 0x43, 0x08, 0x43, 0x08, 0x43, 0x08, 0x43, 0x08, 0x43, 0x08, 0x43, 0x08, 0x43, 0x08,
  0x83, 0x08, 0x43, 0x08, 0x43, 0x08, 0x43, 0x08, 0x43, 0x08, 0x43, 0x08, 0x43, 0x08, 0x43, 0x08, 0x43, 0x08, 0x43, 0x08, 0x27, 0x19, 0x43, 0x08, 0x43, 0x08, 0x43, 0x08, 0x43, 0x08, 0x43, 0x08,
  0x43, 0x08, 0x43, 0x08, 0x43, 0x08, 0x43, 0x08, 0x43, 0x08, 0x43, 0x08, 0x43, 0x08, 0x43, 0x08, 0x43, 0x08, 0x43, 0x08, 0x43, 0x08, 0x43, 0x08, 0x43, 0x08, 0x43, 0x08, 0x43, 0x08, 0x43, 0x08,
  0x47, 0x19, 0x43, 0x08, 0x27, 0x19, 0x43, 0x08, 0x43, 0x08, 0x43, 0x08, 0x43, 0x08, 0x43, 0x08, 0x43, 0x08, 0x43, 0x08, 0x43, 0x08, 0x43, 0x08, 0x43, 0x08, 0x43, 0x08, 0x43, 0x08, 0x43, 0x08,
  0x43, 0x08, 0x43, 0x08, 0x43, 0x08, 0x43, 0x08, 0x43, 0x08, 0x43, 0x08, 0x43, 0x08, 0x43, 0x08, 0x43, 0x08, 0x43, 0x08, 0x43, 0x08, 0x26, 0x19, 0x43, 0x08, 0x43, 0x08, 0x26, 0x19, 0x43, 0x08,
  0x83, 0x08, 0x43, 0x08, 0x43, 0x08, 0x43, 0x08, 0x43, 0x08, 0x43, 0x08, 0x43, 0x08, 0x43, 0x08, 0x43, 0x08, 0x43, 0x08, 0x43, 0x08, 0x43, 0x08, 0x43, 0x08, 0x43, 0x08, 0x43, 0x08, 0x43, 0x08,
  0x43, 0x08, 0x43, 0x08, 0x43, 0x08, 0x43, 0x08, 0x43, 0x08, 0x43, 0x08, 0x43, 0x08, 0x43, 0x08, 0x06, 0x19, 0x43, 0x08, 0x06, 0x19, 0x43, 0x08, 0x43, 0x08, 0x43, 0x08, 0x43, 0x08, 0x43, 0x08,
  0x83, 0x08, 0x43, 0x08, 0x43, 0x08, 0x43, 0x08, 0x43, 0x08, 0x43, 0x08, 0x43, 0x08, 0x43, 0x08, 0x06, 0x19, 0x43, 0x08, 0x43, 0x08, 0x43, 0x08, 0x43, 0x08, 0x43, 0x08, 0x43, 0x08, 0x43, 0x08,
  0x43, 0x08, 0x43, 0x08, 0x43, 0x08, 0x43, 0x08, 0x43, 0x08, 0x43, 0x08, 0x43, 0x08, 0x43, 0x08, 0x43, 0x08, 0x43, 0x08, 0x43, 0x08, 0x43, 0x08, 0x43, 0x08, 0x05, 0x19, 0x43, 0x08, 0x43, 0x08,
  0x83, 0x08, 0x43, 0x08, 0x43, 0x08, 0x43, 0x08, 0xe5, 0x10, 0x43, 0x08, 0x43, 0x08, 0x43, 0x08, 0x43, 0x08, 0x43, 0x08, 0x43, 0x08, 0x43, 0x08, 0x43, 0x08, 0x43, 0x08, 0x43, 0x08, 0x43, 0x08,
  0x43, 0x08, 0x43, 0x08, 0x43, 0x08, 0x43, 0x08, 0x43, 0x08, 0x43, 0x08, 0x43, 0x08, 0x43, 0x08, 0x43, 0x08, 0x43, 0x08, 0x43, 0x08, 0x43, 0x08, 0x43, 0x08, 0x43, 0x08, 0xe5, 0x10, 0x43, 0x08,
  0x83, 0x08, 0x43, 0x08, 0x43, 0x08, 0x43, 0x08, 0x43, 0x08, 0x43, 0x08, 0x43, 0x08, 0x43, 0x08, 0x41, 0x28, 0x00, 0x20, 0xab, 0x9b, 0x6c, 0xc4, 0x6c, 0xbc, 0x4f, 0xd5, 0x2f, 0xcd, 0x61, 0x40,
  0xef, 0xcc, 0x09, 0x8b, 0xab, 0x9b, 0xe2, 0x48, 0x71, 0xd5, 0x61, 0x38, 0xf0, 0xc4, 0x81, 0x40, 0xcf, 0xb4, 0x81, 0x40, 0xcf, 0xbc, 0x00, 0x28, 0x2e, 0xa4, 0xa5, 0x59, 0xcd, 0x9b, 0xfb, 0xff,
  0x52, 0xc5, 0x81, 0x38, 0x31, 0xc5, 0x00, 0x30, 0x92, 0xc5, 0xa2, 0x40, 0x2e, 0xa4, 0x82, 0x40, 0x75, 0xe6, 0x20, 0x30, 0x71, 0xc5, 0x81, 0x40, 0xb2, 0xcd, 0x27, 0x6a, 0xc3, 0x38, 0x03, 0x49,
  0xb2, 0xcd, 0x81, 0x38, 0xd2, 0xcd, 0x61, 0x38, 0x31, 0xc5, 0x44, 0x51, 0x82, 0x38, 0xe6, 0x61, 0x26, 0x62, 0xa9, 0x7a, 0x34, 0xde, 0x61, 0x38, 0xb6, 0xee, 0xba, 0xff, 0x27, 0x6a, 0xc2, 0x40,
  0xfb, 0xff, 0xe6, 0x61, 0x03, 0x49, 0x34, 0xde, 0x81, 0x40, 0xe3, 0x40, 0x27, 0x6a, 0xd6, 0xee, 0xa2, 0x40, 0x64, 0x51, 0x03, 0x51, 0x14, 0xde, 0x00, 0x20, 0xcf, 0xbc, 0xc5, 0x61, 0xcc, 0x9b,
  0x88, 0x7a, 0x67, 0x72, 0x03, 0x49, 0x8e, 0xac, 0xe3, 0x48, 0x31, 0xc5, 0x68, 0x7a, 0x29, 0x8b, 0xe9, 0x82, 0xa8, 0x82, 0x8b, 0x9b, 0x00, 0x28, 0x0c, 0xac, 0x43, 0x51, 0x2d, 0xb4, 0xc2, 0x48,
  0x11, 0xee, 0x90, 0xdd, 0x4f, 0xd5, 0x4f, 0xd5, 0x0b, 0xb4, 0xee, 0xcc, 0xc5, 0x61, 0x00, 0x20, 0xe7, 0x49, 0x43, 0x08, 0x43, 0x08, 0x43, 0x08, 0x43, 0x08, 0x43, 0x08, 0x26, 0x19, 0x43, 0x08,
  0x43, 0x08, 0x27, 0x19, 0x43, 0x08, 0x43, 0x08, 0x43, 0x08, 0x43, 0x08, 0x43, 0x08, 0x43, 0x08, 0x43, 0x08, 0x43, 0x08, 0x43, 0x08, 0x43, 0x08, 0x43, 0x08, 0x43, 0x08, 0x43, 0x08, 0x43, 0x08,
  0x83, 0x08, 0x43, 0x08, 0x43, 0x08, 0x43, 0x08, 0x43, 0x08, 0x43, 0x08, 0x43, 0x08, 0x43, 0x08, 0x43, 0x08, 0x43, 0x08, 0x27, 0x19, 0x43, 0x08, 0x43, 0x08, 0x43, 0x08, 0x43, 0x08, 0x43, 0x08,
  0x43, 0x08, 0x43, 0x08, 0x27, 0x19, 0x43, 0x08, 0x43, 0x08, 0x43, 0x08, 0x43, 0x08, 0x43, 0x08, 0x43, 0x08, 0x43, 0x08, 0x43, 0x08, 0x43, 0x08, 0x43, 0x08, 0x43, 0x08, 0x43, 0x08, 0x43, 0x08,
  0x83, 0x08, 0x43, 0x08, 0x43, 0x08, 0x43, 0x08, 0x43, 0x08, 0x43, 0x08, 0x43, 0x08, 0x43, 0x08, 0x43, 0x08, 0x27, 0x19, 0x43, 0x08, 0x43, 0x08, 0x43, 0x08, 0x43, 0x08, 0x43, 0x08, 0x43, 0x08,
  0x43, 0x08, 0x43, 0x08, 0x43, 0x08, 0x43, 0x08, 0x43, 0x08, 0x43, 0x08, 0x43, 0x08, 0x43, 0x08, 0x43, 0x08, 0x43, 0x08, 0x43, 0x08, 0x43, 0x08, 0x43, 0x08, 0x43, 0x08, 0x43, 0x08, 0x43, 0x08,
  0x47, 0x19, 0x43, 0x08, 0x27, 0x19, 0x43, 0x08, 0x43, 0x08, 0x43, 0x08, 0x43, 0x08, 0x43, 0x08, 0x43, 0x08, 0x43, 0x08, 0x43, 0x08, 0x43, 0x08, 0x43, 0x08, 0x43, 0x08, 0x43, 0x08, 0x43, 0x08,
  0x43, 0x08, 0x43, 0x08, 0x43, 0x08, 0x43, 0x08, 0x43, 0x08, 0x43, 0x08, 0x43, 0x08, 0x43, 0x08, 0x43, 0x08, 0x43, 0x08, 0x43, 0x08, 0x26, 0x19, 0x43, 0x08, 0x43, 0x08, 0x26, 0x19, 0x43, 0x08,
  0x83, 0x08, 0x43, 0x08, 0x43, 0x08, 0x43, 0x08, 0x43, 0x08, 0x43, 0x08, 0x43, 0x08, 0x43, 0x08, 0x43, 0x08, 0x43, 0x08, 0x43, 0x08, 0x43, 0x08, 0x43, 0x08, 0x43, 0x08, 0x43, 0x08, 0x43, 0x08,
  0x43, 0x08, 0x43, 0x08, 0x43, 0x08, 0x43, 0x08, 0x43, 0x08, 0x43, 0x08, 0x43, 0x08, 0x06, 0x19, 0x43, 0x08, 0x43, 0x08, 0x06, 0x19, 0x43, 0x08, 0x43, 0x08, 0x43, 0x08, 0x43, 0x08, 0x43, 0x08,
  0x83, 0x08, 0x43, 0x08, 0x43, 0x08, 0x43, 0x08, 0x43, 0x08, 0x43, 0x08, 0x43, 0x08, 0x43, 0x08, 0x06, 0x19, 0x43, 0x08, 0x43, 0x08, 0x43, 0x08, 0x43, 0x08, 0x43, 0x08, 0x43, 0x08, 0x43, 0x08,
  0x43, 0x08, 0x43, 0x08, 0x43, 0x08, 0x43, 0x08, 0x43, 0x08, 0x43, 0x08, 0x43, 0x08, 0x43, 0x08, 0x43, 0x08, 0x43, 0x08, 0x43, 0x08, 0x43, 0x08, 0x05, 0x19, 0x43, 0x08, 0x43, 0x08, 0x43, 0x08,
  0x83, 0x08, 0x43, 0x08, 0x43, 0x08, 0x43, 0x08, 0xe5, 0x10, 0x43, 0x08, 0x43, 0x08, 0x43, 0x08, 0x43, 0x08, 0x43, 0x08, 0x43, 0x08, 0x43, 0x08, 0x43, 0x08, 0x43, 0x08, 0x43, 0x08, 0x43, 0x08,
  0x43, 0x08, 0x43, 0x08, 0x43, 0x08, 0x43, 0x08, 0x43, 0x08, 0x43, 0x08, 0x43, 0x08, 0x43, 0x08, 0x43, 0x08, 0x43, 0x08, 0x43, 0x08, 0x43, 0x08, 0x43, 0x08, 0xe5, 0x10, 0x43, 0x08, 0x43, 0x08,
  0x83, 0x08, 0x43, 0x08, 0x43, 0x08, 0x43, 0x08, 0x43, 0x08, 0x43, 0x08, 0x43, 0x08, 0x43, 0x08, 0x41, 0x28, 0x00, 0x20, 0x8b, 0x9b, 0xcd, 0xcc, 0x2b, 0xbc, 0x6f, 0xdd, 0xee, 0xcc, 0x61, 0x40,
  0xef, 0xc4, 0xd6, 0xfe, 0x4d, 0xac, 0x23, 0x51, 0x75, 0xee, 0xa2, 0x40, 0x8e, 0xb4, 0xe3, 0x48, 0xb5, 0xe6, 0xc3, 0x48, 0x6e, 0xac, 0x61, 0x38, 0x64, 0x59, 0xa5, 0x59, 0x2e, 0xa4, 0xda, 0xff,
  0x96, 0xee, 0x44, 0x51, 0x4a, 0x8b, 0x00, 0x30, 0x6b, 0x8b, 0xa5, 0x59, 0x51, 0xc5, 0xe3, 0x48, 0xd6, 0xf6, 0xa2, 0x40, 0x92, 0xcd, 0x24, 0x51, 0xaf, 0xb4, 0x00, 0x30, 0x55, 0xe6, 0x72, 0xc5,
  0xb2, 0xd5, 0x03, 0x49, 0xe5, 0x59, 0x06, 0x6a, 0xba, 0xff, 0xa2, 0x40, 0x92, 0xcd, 0xfb, 0xff, 0xb2, 0xd5, 0x23, 0x49, 0x68, 0x72, 0xa9, 0x7a, 0xb9, 0xff, 0x79, 0xff, 0xa9, 0x7a, 0x00, 0x20,
  0x92, 0xc5, 0x41, 0x30, 0x06, 0x62, 0xed, 0xa3, 0xc5, 0x61, 0x95, 0xe6, 0x81, 0x38, 0x4e, 0xac, 0xe2, 0x48, 0x58, 0xff, 0xc2, 0x40, 0xf0, 0xbc, 0x61, 0x38, 0xc5, 0x61, 0xe5, 0x61, 0x4e, 0xac,
  0xc5, 0x61, 0x2a, 0x83, 0x99, 0xff, 0x17, 0xff, 0x03, 0x49, 0x4d, 0xac, 0x06, 0x6a, 0x6a, 0x93, 0x29, 0x8b, 0xc8, 0x82, 0xcc, 0x9b, 0x00, 0x18, 0xc5, 0x61, 0x84, 0x59, 0x4d, 0xb4, 0x61, 0x38,
  0xa7, 0x82, 0xed, 0xcc, 0x4f, 0xdd, 0x4f, 0xd5, 0xa9, 0xab, 0x0e, 0xd5, 0xc5, 0x61, 0x00, 0x20, 0xe8, 0x49, 0x43, 0x08, 0x43, 0x08, 0x43, 0x08, 0x43, 0x08, 0x43, 0x08, 0x26, 0x19, 0x43, 0x08,
  0x43, 0x08, 0x43, 0x08, 0x26, 0x19, 0x43, 0x08, 0x43, 0x08, 0x43, 0x08, 0x43, 0x08, 0x43, 0x08, 0x43, 0x08, 0x43, 0x08, 0x43, 0x08, 0x43, 0x08, 0x43, 0x08, 0x43, 0x08, 0x43, 0x08, 0x43, 0x08,
  0x83, 0x08, 0x43, 0x08, 0x43, 0x08, 0x43, 0x08, 0x43, 0x08, 0x43, 0x08, 0x43, 0x08, 0x43, 0x08, 0x43, 0x08, 0x43, 0x08, 0x27, 0x19, 0x43, 0x08, 0x43, 0x08, 0x43, 0x08, 0x43, 0x08, 0x43, 0x08,
  0x43, 0x08, 0x43, 0x08, 0x43, 0x08, 0x27, 0x19, 0x43, 0x08, 0x43, 0x08, 0x43, 0x08, 0x43, 0x08, 0x43, 0x08, 0x43, 0x08, 0x43, 0x08, 0x43, 0x08, 0x43, 0x08, 0x43, 0x08, 0x43, 0x08, 0x43, 0x08,
  0x83, 0x08, 0x43, 0x08, 0x43, 0x08, 0x43, 0x08, 0x43, 0x08, 0x43, 0x08, 0x43, 0x08, 0x43, 0x08, 0x27, 0x19, 0x43, 0x08, 0x43, 0x08, 0x43, 0x08, 0x43, 0x08, 0x43, 0x08, 0x43, 0x08, 0x43, 0x08,
  0x43, 0x08, 0x43, 0x08, 0x43, 0x08, 0x43, 0x08, 0x43, 0x08, 0x43, 0x08, 0x43, 0x08, 0x43, 0x08, 0x43, 0x08, 0x43, 0x08, 0x43, 0x08, 0x43, 0x08, 0x43, 0x08, 0x43, 0x08, 0x43, 0x08, 0x43, 0x08,
  0x47, 0x19, 0x43, 0x08, 0x26, 0x19, 0x43, 0x08, 0x43, 0x08, 0x43, 0x08, 0x43, 0x08, 0x43, 0x08, 0x43, 0x08, 0x43, 0x08, 0x43, 0x08, 0x43, 0x08, 0x43, 0x08, 0x43, 0x08, 0x43, 0x08, 0x43, 0x08,
  0x43, 0x08, 0x43, 0x08, 0x43, 0x08, 0x43, 0x08, 0x43, 0x08, 0x43, 0x08, 0x43, 0x08, 0x43, 0x08, 0x43, 0x08, 0x43, 0x08, 0x43, 0x08, 0x26, 0x19, 0x43, 0x08, 0x43, 0x08, 0x26, 0x19, 0x43, 0x08,
  0x83, 0x08, 0x43, 0x08, 0x43, 0x08, 0x43, 0x08, 0x43, 0x08, 0x43, 0x08, 0x43, 0x08, 0x43, 0x08, 0x43, 0x08, 0x43, 0x08, 0x43, 0x08, 0x43, 0x08, 0x43, 0x08, 0x43, 0x08, 0x43, 0x08, 0x43, 0x08,
  0x43, 0x08, 0x43, 0x08, 0x43, 0x08, 0x43, 0x08, 0x43, 0x08, 0x43, 0x08, 0x06, 0x19, 0x43, 0x08, 0x43, 0x08, 0x43, 0x08, 0x06, 0x19, 0x43, 0x08, 0x43, 0x08, 0x43, 0x08, 0x43, 0x08, 0x43, 0x08,
  0x83, 0x08, 0x43, 0x08, 0x43, 0x08, 0x43, 0x08, 0x43, 0x08, 0x43, 0x08, 0x43, 0x08, 0x43, 0x08, 0x05, 0x19, 0x43, 0x08, 0x43, 0x08, 0x43, 0x08, 0x43, 0x08, 0x43, 0x08, 0x43, 0x08, 0x43, 0x08,
  0x43, 0x08, 0x43, 0x08, 0x43, 0x08, 0x43, 0x08, 0x43, 0x08, 0x43, 0x08, 0x43, 0x08, 0x43, 0x08, 0x43, 0x08, 0x43, 0x08, 0x43, 0x08, 0x05, 0x19, 0x43, 0x08, 0x43, 0x08, 0x43, 0x08, 0x43, 0x08,
  0x83, 0x08, 0x43, 0x08, 0x43, 0x08, 0x43, 0x08, 0xe5, 0x10, 0x43, 0x08, 0x43, 0x08, 0x43, 0x08, 0x43, 0x08, 0x43, 0x08, 0x43, 0x08, 0x43, 0x08, 0x43, 0x08, 0x43, 0x08, 0x43, 0x08, 0x43, 0x08,
  0x43, 0x08, 0x43, 0x08, 0x43, 0x08, 0x43, 0x08, 0x43, 0x08, 0x43, 0x08, 0x43, 0x08, 0x43, 0x08, 0x43, 0x08, 0x43, 0x08, 0x43, 0x08, 0x43, 0x08, 0xe5, 0x10, 0x43, 0x08, 0x43, 0x08, 0x43, 0x08,
  0xa4, 0x10, 0x83, 0x08, 0x83, 0x08, 0x83, 0x08, 0x83, 0x08, 0x83, 0x08, 0x83, 0x08, 0x83, 0x08, 0x61, 0x28, 0x00, 0x20, 0x49, 0x93, 0x4f, 0xd5, 0x0b, 0xb4, 0x4f, 0xd5, 0xce, 0xc4, 0x61, 0x40,
  0xae, 0xc4, 0x94, 0xf6, 0x4e, 0xb4, 0x03, 0x49, 0x13, 0xe6, 0xa2, 0x40, 0xaf, 0xbc, 0x81, 0x40, 0x40, 0x28, 0x85, 0x59, 0x34, 0xde, 0x82, 0x40, 0x81, 0x38, 0x20, 0x28, 0x6f, 0xac, 0x99, 0xff,
  0x17, 0xff, 0xa5, 0x59, 0xe2, 0x40, 0x00, 0x30, 0xc2, 0x40, 0x88, 0x72, 0xd3, 0xd5, 0x20, 0x28, 0x24, 0x51, 0x00, 0x30, 0xb2, 0xcd, 0xe2, 0x40, 0xd3, 0xd5, 0xa9, 0x82, 0x81, 0x30, 0x75, 0xe6,
  0xf7, 0xf6, 0x41, 0x30, 0x00, 0x20, 0x11, 0xc5, 0x99, 0xff, 0x03, 0x49, 0x64, 0x49, 0x6e, 0xac, 0xba, 0xff, 0x85, 0x59, 0x00, 0x18, 0xd3, 0xd5, 0x58, 0xff, 0x79, 0xff, 0xc9, 0x82, 0x00, 0x20,
  0x24, 0x49, 0x00, 0x28, 0x27, 0x6a, 0xcd, 0x9b, 0xc6, 0x61, 0x75, 0xe6, 0xc2, 0x40, 0x4e, 0xa4, 0x23, 0x49, 0xf7, 0xf6, 0xc2, 0x40, 0xcf, 0xb4, 0xc2, 0x48, 0x40, 0x38, 0x40, 0x30, 0x4e, 0xac,
  0x13, 0xd6, 0x00, 0x20, 0x47, 0x6a, 0x58, 0xff, 0x44, 0x59, 0x40, 0x30, 0x20, 0x28, 0xab, 0x9b, 0x09, 0x83, 0xc9, 0x82, 0x8b, 0x9b, 0x61, 0x30, 0x00, 0x30, 0x23, 0x51, 0x4d, 0xb4, 0x00, 0x28,
  0x23, 0x59, 0x8d, 0xc4, 0x2e, 0xd5, 0xad, 0xc4, 0x88, 0xa3, 0x70, 0xdd, 0x84, 0x59, 0x00, 0x20, 0xe8, 0x49, 0x83, 0x08, 0x83, 0x08, 0x83, 0x08, 0x83, 0x08, 0x83, 0x08, 0x47, 0x19, 0x83, 0x08,
  0x83, 0x08, 0x83, 0x08, 0x83, 0x08, 0x47, 0x19, 0x83, 0x08, 0x83, 0x08, 0x83, 0x08, 0x83, 0x08, 0x83, 0x08, 0x83, 0x08, 0x83, 0x08, 0x83, 0x08, 0x83, 0x08, 0x83, 0x08, 0x83, 0x08, 0x83, 0x08,
  0xa4, 0x10, 0x83, 0x08, 0x83, 0x08, 0x83, 0x08, 0x83, 0x08, 0x83, 0x08, 0x83, 0x08, 0x83, 0x08, 0x83, 0x08, 0x83, 0x08, 0x47, 0x19, 0x83, 0x08, 0x83, 0x08, 0x83, 0x08, 0x83, 0x08, 0x83, 0x08,
  0x83, 0x08, 0x83, 0x08, 0x83, 0x08, 0x83, 0x08, 0x68, 0x19, 0x83, 0x08, 0x83, 0x08, 0x83, 0x08, 0x83, 0x08, 0x83, 0x08, 0x83, 0x08, 0x83, 0x08, 0x83, 0x08, 0x83, 0x08, 0x83, 0x08, 0x83, 0x08,
  0xa4, 0x10, 0x83, 0x08, 0x83, 0x08, 0x83, 0x08, 0x83, 0x08, 0x83, 0x08, 0x83, 0x08, 0x48, 0x19, 0x83, 0x08, 0x83, 0x08, 0x83, 0x08, 0x83, 0x08, 0x83, 0x08, 0x83, 0x08, 0x83, 0x08, 0x83, 0x08,
  0x83, 0x08, 0x83, 0x08, 0x83, 0x08, 0x83, 0x08, 0x83, 0x08, 0x83, 0x08, 0x83, 0x08, 0x83, 0x08, 0x83, 0x08, 0x83, 0x08, 0x83, 0x08, 0x83, 0x08, 0x83, 0x08, 0x83, 0x08, 0x83, 0x08, 0x83, 0x08,
  0x88, 0x21, 0x83, 0x08, 0x47, 0x19, 0x83, 0x08, 0x83, 0x08, 0x83, 0x08, 0x83, 0x08, 0x83, 0x08, 0x83, 0x08, 0x83, 0x08, 0x83, 0x08, 0x83, 0x08, 0x83, 0x08, 0x83, 0x08, 0x83, 0x08, 0x83, 0x08,
  0x83, 0x08, 0x83, 0x08, 0x83, 0x08, 0x83, 0x08, 0x83, 0x08, 0x83, 0x08, 0x83, 0x08, 0x83, 0x08, 0x83, 0x08, 0x83, 0x08, 0x83, 0x08, 0x47, 0x19, 0x83, 0x08, 0x83, 0x08, 0x47, 0x19, 0x83, 0x08,
  0xa4, 0x10, 0x83, 0x08, 0x83, 0x08, 0x83, 0x08, 0x83, 0x08, 0x83, 0x08, 0x83, 0x08, 0x83, 0x08, 0x83, 0x08, 0x83, 0x08, 0x83, 0x08, 0x83, 0x08, 0x83, 0x08, 0x83, 0x08, 0x83, 0x08, 0x83, 0x08,
  0x83, 0x08, 0x83, 0x08, 0x83, 0x08, 0x83, 0x08, 0x83, 0x08, 0x47, 0x19, 0x83, 0x08, 0x83, 0x08, 0x83, 0x08, 0x83, 0x08, 0x26, 0x19, 0x83, 0x08, 0x83, 0x08, 0x83, 0x08, 0x83, 0x08, 0x83, 0x08,
  0xa4, 0x10, 0x83, 0x08, 0x83, 0x08, 0x83, 0x08, 0x83, 0x08, 0x83, 0x08, 0x83, 0x08, 0x83, 0x08, 0x26, 0x19, 0x83, 0x08, 0x83, 0x08, 0x83, 0x08, 0x83, 0x08, 0x83, 0x08, 0x83, 0x08, 0x83, 0x08,
  0x83, 0x08, 0x83, 0x08, 0x83, 0x08, 0x83, 0x08, 0x83, 0x08, 0x83, 0x08, 0x83, 0x08, 0x83, 0x08, 0x83, 0x08, 0x83, 0x08, 0x26, 0x19, 0x83, 0x08, 0x83, 0x08, 0x83, 0x08, 0x83, 0x08, 0x83, 0x08,
  0xa4, 0x10, 0x83, 0x08, 0x83, 0x08, 0x83, 0x08, 0x26, 0x19, 0x83, 0x08, 0x83, 0x08, 0x83, 0x08, 0x83, 0x08, 0x83, 0x08, 0x83, 0x08, 0x83, 0x08, 0x83, 0x08, 0x83, 0x08, 0x83, 0x08, 0x83, 0x08,
  0x83, 0x08, 0x83, 0x08, 0x83, 0x08, 0x83, 0x08, 0x83, 0x08, 0x83, 0x08, 0x83, 0x08, 0x83, 0x08, 0x83, 0x08, 0x83, 0x08, 0x83, 0x08, 0x05, 0x19, 0x83, 0x08, 0x83, 0x08, 0x83, 0x08, 0x83, 0x08,
  0x83, 0x08, 0x63, 0x08, 0x63, 0x08, 0x05, 0x11, 0x63, 0x08, 0x63, 0x08, 0x63, 0x08, 0x63, 0x08, 0x62, 0x28, 0x00, 0x20, 0x09, 0x8b, 0xcd, 0xcc, 0x6c, 0xc4, 0xee, 0xcc, 0xee, 0xcc, 0x61, 0x40,
  0x2f, 0xcd, 0x0f, 0xc5, 0xab, 0x9b, 0x43, 0x51, 0x95, 0xf6, 0xa2, 0x40, 0x8e, 0xb4, 0x64, 0x59, 0x84, 0x51, 0x2a, 0x8b, 0xf6, 0xfe, 0x23, 0x51, 0xa8, 0x72, 0x00, 0x18, 0x8f, 0xb4, 0x79, 0xff,
  0x59, 0xff, 0x47, 0x6a, 0x00, 0x20, 0x68, 0x72, 0x00, 0x18, 0xcd, 0x9b, 0xd3, 0xd5, 0x61, 0x38, 0x4e, 0xac, 0x81, 0x38, 0xb2, 0xcd, 0xe3, 0x48, 0xd3, 0xd5, 0xfc, 0xff, 0x2b, 0x83, 0x61, 0x38,
  0xf3, 0xd5, 0xa2, 0x40, 0x20, 0x28, 0x2a, 0x8b, 0xb9, 0xff, 0xe3, 0x48, 0x88, 0x72, 0x11, 0xc5, 0xda, 0xff, 0xcc, 0x93, 0xe3, 0x40, 0x79, 0xff, 0xf7, 0xfe, 0x99, 0xff, 0xa9, 0x7a, 0xa5, 0x59,
  0x61, 0x38, 0xc6, 0x59, 0x27, 0x6a, 0xed, 0x9b, 0xe6, 0x61, 0xb6, 0xee, 0xe3, 0x40, 0x4e, 0xac, 0x24, 0x51, 0x58, 0xff, 0xe3, 0x48, 0x8f, 0xac, 0x85, 0x59, 0x47, 0x6a, 0x00, 0x18, 0x2d, 0xac,
  0xb9, 0xff, 0x95, 0xee, 0xc2, 0x40, 0xed, 0xa3, 0x85, 0x59, 0x8f, 0xb4, 0x88, 0x7a, 0x09, 0x8b, 0x09, 0x8b, 0xc9, 0x82, 0x4a, 0x93, 0x06, 0x6a, 0xe3, 0x48, 0xe2, 0x48, 0x2d, 0xb4, 0xc2, 0x48,
  0x11, 0xf6, 0x6f, 0xdd, 0x0e, 0xcd, 0x2a, 0xbc, 0x2b, 0xb4, 0x70, 0xdd, 0x44, 0x51, 0x00, 0x20, 0x08, 0x4a, 0x63, 0x08, 0x63, 0x08, 0x63, 0x08, 0x63, 0x08, 0x63, 0x08, 0x27, 0x19, 0x63, 0x08,
  0x63, 0x08, 0x63, 0x08, 0x63, 0x08, 0x63, 0x08, 0x63, 0x08, 0x63, 0x08, 0x63, 0x08, 0x63, 0x08, 0x63, 0x08, 0x63, 0x08, 0x63, 0x08, 0x63, 0x08, 0x63, 0x08, 0x63, 0x08, 0x63, 0x08, 0x47, 0x19,
  0x83, 0x08, 0x63, 0x08, 0x63, 0x08, 0x63, 0x08, 0x63, 0x08, 0x63, 0x08, 0x63, 0x08, 0x63, 0x08, 0x63, 0x08, 0x63, 0x08, 0x27, 0x19, 0x63, 0x08, 0x63, 0x08, 0x63, 0x08, 0x63, 0x08, 0x63, 0x08,
  0x63, 0x08, 0x63, 0x08, 0x63, 0x08, 0x63, 0x08, 0x63, 0x08, 0x63, 0x08, 0x63, 0x08, 0x63, 0x08, 0x63, 0x08, 0x63, 0x08, 0x63, 0x08, 0x63, 0x08, 0x63, 0x08, 0x63, 0x08, 0x63, 0x08, 0x63, 0x08,
  0x83, 0x08, 0x63, 0x08, 0x63, 0x08, 0x63, 0x08, 0x63, 0x08, 0x63, 0x08, 0x63, 0x08, 0x63, 0x08, 0x63, 0x08, 0x63, 0x08, 0x63, 0x08, 0x63, 0x08, 0x63, 0x08, 0x63, 0x08, 0x63, 0x08, 0x63, 0x08,
  0x63, 0x08, 0x63, 0x08, 0x63, 0x08, 0x63, 0x08, 0x63, 0x08, 0x63, 0x08, 0x63, 0x08, 0x63, 0x08, 0x63, 0x08, 0x63, 0x08, 0x63, 0x08, 0x63, 0x08, 0x27, 0x19, 0x63, 0x08, 0x63, 0x08, 0x63, 0x08,
  0x67, 0x19, 0x63, 0x08, 0x63, 0x08, 0x63, 0x08, 0x63, 0x08, 0x63, 0x08, 0x63, 0x08, 0x63, 0x08, 0x63, 0x08, 0x63, 0x08, 0x63, 0x08, 0x63, 0x08, 0x27, 0x19, 0x63, 0x08, 0x63, 0x08, 0x63, 0x08,
  0x63, 0x08, 0x63, 0x08, 0x63, 0x08, 0x63, 0x08, 0x63, 0x08, 0x63, 0x08, 0x63, 0x08, 0x63, 0x08, 0x63, 0x08, 0x63, 0x08, 0x63, 0x08, 0x27, 0x19, 0x63, 0x08, 0x63, 0x08, 0x63, 0x08, 0x63, 0x08,
  0x83, 0x08, 0x63, 0x08, 0x63, 0x08, 0x63, 0x08, 0x63, 0x08, 0x63, 0x08, 0x63, 0x08, 0x63, 0x08, 0x63, 0x08, 0x63, 0x08, 0x63, 0x08, 0x63, 0x08, 0x63, 0x08, 0x26, 0x19, 0x63, 0x08, 0x63, 0x08,
  0x63, 0x08, 0x63, 0x08, 0x63, 0x08, 0x63, 0x08, 0x63, 0x08, 0x63, 0x08, 0x63, 0x08, 0x63, 0x08, 0x63, 0x08, 0x63, 0x08, 0x63, 0x08, 0x63, 0x08, 0x63, 0x08, 0x63, 0x08, 0x63, 0x08, 0x63, 0x08,
  0x83, 0x08, 0x63, 0x08, 0x63, 0x08, 0x26, 0x19, 0x63, 0x08, 0x63, 0x08, 0x63, 0x08, 0x63, 0x08, 0x06, 0x19, 0x63, 0x08, 0x63, 0x08, 0x06, 0x19, 0x63, 0x08, 0x63, 0x08, 0x63, 0x08, 0x63, 0x08,
  0x63, 0x08, 0x63, 0x08, 0x63, 0x08, 0x63, 0x08, 0x63, 0x08, 0x63, 0x08, 0x63, 0x08, 0x63, 0x08, 0x63, 0x08, 0x63, 0x08, 0x63, 0x08, 0x63, 0x08, 0x63, 0x08, 0x63, 0x08, 0x63, 0x08, 0x63, 0x08,
  0x83, 0x08, 0x63, 0x08, 0x63, 0x08, 0x63, 0x08, 0x63, 0x08, 0x63, 0x08, 0x05, 0x19, 0x63, 0x08, 0x63, 0x08, 0x63, 0x08, 0x63, 0x08, 0x63, 0x08, 0x63, 0x08, 0x63, 0x08, 0x63, 0x08, 0x63, 0x08,
  0x63, 0x08, 0x63, 0x08, 0x63, 0x08, 0x05, 0x11, 0x63, 0x08, 0x63, 0x08, 0x63, 0x08, 0x63, 0x08, 0x63, 0x08, 0x63, 0x08, 0x63, 0x08, 0x63, 0x08, 0x63, 0x08, 0x63, 0x08, 0x63, 0x08, 0x63, 0x08,
  0x83, 0x08, 0x63, 0x08, 0x63, 0x08, 0x63, 0x08, 0x05, 0x11, 0x63, 0x08, 0x63, 0x08, 0x63, 0x08, 0x62, 0x28, 0x00, 0x20, 0x29, 0x8b, 0x4c, 0xbc, 0x4b, 0xbc, 0xad, 0xcc, 0x4f, 0xd5, 0xa2, 0x48,
  0xe5, 0x61, 0x81, 0x40, 0xec, 0xa3, 0x81, 0x38, 0xc8, 0x7a, 0xa2, 0x40, 0x10, 0xc5, 0xe2, 0x48, 0x6e, 0xac, 0x81, 0x40, 0xf3, 0xdd, 0xc2, 0x48, 0x51, 0xbd, 0x00, 0x18, 0x4e, 0xac, 0x79, 0xff,
  0x79, 0xff, 0x6b, 0x8b, 0x00, 0x28, 0xf0, 0xb4, 0x00, 0x18, 0x11, 0xc5, 0xb3, 0xd5, 0x81, 0x40, 0x17, 0xff, 0xa2, 0x40, 0x92, 0xcd, 0x23, 0x51, 0xaf, 0xb4, 0x68, 0x6a, 0xf7, 0xf6, 0x82, 0x40,
  0xed, 0x9b, 0x64, 0x51, 0xcc, 0x93, 0x82, 0x38, 0xf6, 0xf6, 0xc2, 0x48, 0x92, 0xcd, 0x99, 0xff, 0x78, 0xff, 0xaf, 0xb4, 0xa5, 0x59, 0x99, 0xff, 0xd7, 0xf6, 0xba, 0xff, 0x48, 0x72, 0x2a, 0x83,
  0x2a, 0x83, 0x8b, 0x8b, 0xe6, 0x61, 0x4e, 0xac, 0x64, 0x51, 0xf3, 0xdd, 0xa1, 0x40, 0xd0, 0xbc, 0x82, 0x40, 0x14, 0xde, 0x61, 0x38, 0xf0, 0xbc, 0x23, 0x51, 0xd0, 0xbc, 0x00, 0x28, 0x0d, 0xa4,
  0x85, 0x59, 0xaf, 0xac, 0xc5, 0x61, 0x0a, 0x8b, 0x23, 0x51, 0xf0, 0xbc, 0x68, 0x7a, 0xc8, 0x82, 0xe9, 0x82, 0x88, 0x7a, 0xe9, 0x82, 0x67, 0x72, 0xe9, 0x82, 0x41, 0x38, 0x2d, 0xb4, 0x00, 0x30,
  0x05, 0x6a, 0x08, 0x93, 0xed, 0xd4, 0x2b, 0xbc, 0x6c, 0xbc, 0xce, 0xcc, 0x44, 0x51, 0x00, 0x28, 0x08, 0x52, 0x63, 0x08, 0x63, 0x08, 0x63, 0x08, 0x63, 0x08, 0x63, 0x08, 0x27, 0x19, 0x63, 0x08,
  0x63, 0x08, 0x63, 0x08, 0x63, 0x08, 0x63, 0x08, 0x63, 0x08, 0x63, 0x08, 0x63, 0x08, 0x63, 0x08, 0x63, 0x08, 0x63, 0x08, 0x63, 0x08, 0x63, 0x08, 0x63, 0x08, 0x63, 0x08, 0x63, 0x08, 0x63, 0x08,
  0x68, 0x19, 0x63, 0x08, 0x63, 0x08, 0x63, 0x08, 0x63, 0x08, 0x63, 0x08, 0x63, 0x08, 0x63, 0x08, 0x63, 0x08, 0x63, 0x08, 0x27, 0x19, 0x63, 0x08, 0x63, 0x08, 0x63, 0x08, 0x63, 0x08, 0x63, 0x08,
  0x63, 0x08, 0x63, 0x08, 0x63, 0x08, 0x63, 0x08, 0x63, 0x08, 0x63, 0x08, 0x63, 0x08, 0x63, 0x08, 0x63, 0x08, 0x63, 0x08, 0x63, 0x08, 0x63, 0x08, 0x63, 0x08, 0x63, 0x08, 0x63, 0x08, 0x63, 0x08,
  0x83, 0x08, 0x63, 0x08, 0x63, 0x08, 0x63, 0x08, 0x63, 0x08, 0x63, 0x08, 0x63, 0x08, 0x63, 0x08, 0x63, 0x08, 0x63, 0x08, 0x63, 0x08, 0x63, 0x08, 0x63, 0x08, 0x63, 0x08, 0x63, 0x08, 0x63, 0x08,
  0x63, 0x08, 0x63, 0x08, 0x63, 0x08, 0x63, 0x08, 0x63, 0x08, 0x63, 0x08, 0x63, 0x08, 0x63, 0x08, 0x63, 0x08, 0x63, 0x08, 0x63, 0x08, 0x27, 0x19, 0x63, 0x08, 0x63, 0x08, 0x63, 0x08, 0x63, 0x08,
  0x67, 0x19, 0x63, 0x08, 0x63, 0x08, 0x63, 0x08, 0x63, 0x08, 0x63, 0x08, 0x63, 0x08, 0x63, 0x08, 0x63, 0x08, 0x63, 0x08, 0x63, 0x08, 0x63, 0x08, 0x27, 0x19, 0x63, 0x08, 0x63, 0x08, 0x63, 0x08,
  0x63, 0x08, 0x63, 0x08, 0x63, 0x08, 0x63, 0x08, 0x63, 0x08, 0x63, 0x08, 0x63, 0x08, 0x63, 0x08, 0x63, 0x08, 0x63, 0x08, 0x63, 0x08, 0x27, 0x19, 0x63, 0x08, 0x63, 0x08, 0x63, 0x08, 0x63, 0x08,
  0x83, 0x08, 0x63, 0x08, 0x63, 0x08, 0x63, 0x08, 0x63, 0x08, 0x63, 0x08, 0x63, 0x08, 0x63, 0x08, 0x63, 0x08, 0x63, 0x08, 0x63, 0x08, 0x63, 0x08, 0x26, 0x19, 0x63, 0x08, 0x63, 0x08, 0x63, 0x08,
  0x63, 0x08, 0x63, 0x08, 0x63, 0x08, 0x63, 0x08, 0x63, 0x08, 0x63, 0x08, 0x63, 0x08, 0x63, 0x08, 0x63, 0x08, 0x63, 0x08, 0x63, 0x08, 0x63, 0x08, 0x63, 0x08, 0x63, 0x08, 0x63, 0x08, 0x63, 0x08,
  0x83, 0x08, 0x63, 0x08, 0x63, 0x08, 0x26, 0x19, 0x63, 0x08, 0x63, 0x08, 0x63, 0x08, 0x63, 0x08, 0x06, 0x19, 0x63, 0x08, 0x63, 0x08, 0x06, 0x19, 0x63, 0x08, 0x63, 0x08, 0x63, 0x08, 0x63, 0x08,
  0x63, 0x08, 0x63, 0x08, 0x63, 0x08, 0x63, 0x08, 0x63, 0x08, 0x63, 0x08, 0x63, 0x08, 0x63, 0x08, 0x63, 0x08, 0x63, 0x08, 0x63, 0x08, 0x63, 0x08, 0x63, 0x08, 0x63, 0x08, 0x63, 0x08, 0x63, 0x08,
  0x83, 0x08, 0x63, 0x08, 0x63, 0x08, 0x63, 0x08, 0x63, 0x08, 0x63, 0x08, 0x05, 0x19, 0x63, 0x08, 0x63, 0x08, 0x63, 0x08, 0x63, 0x08, 0x63, 0x08, 0x63, 0x08, 0x63, 0x08, 0x63, 0x08, 0x63, 0x08,
  0x63, 0x08, 0x63, 0x08, 0x05, 0x11, 0x63, 0x08, 0x63, 0x08, 0x63, 0x08, 0x63, 0x08, 0x63, 0x08, 0x63, 0x08, 0x63, 0x08, 0x63, 0x08, 0x63, 0x08, 0x63, 0x08, 0x63, 0x08, 0x63, 0x08, 0x63, 0x08,
  0x25, 0x19, 0x63, 0x08, 0x63, 0x08, 0x63, 0x08, 0x63, 0x08, 0x05, 0x11, 0x63, 0x08, 0x63, 0x08, 0x82, 0x28, 0x00, 0x20, 0x09, 0x8b, 0x6c, 0xc4, 0x89, 0xab, 0xee, 0xcc, 0x4f, 0xd5, 0x2c, 0xb4,
  0x23, 0x49, 0x8a, 0x9b, 0x94, 0xf6, 0x4a, 0x93, 0x23, 0x41, 0x6e, 0xb4, 0x34, 0xe6, 0x47, 0x6a, 0x34, 0xe6, 0x07, 0x6a, 0xd0, 0xbc, 0x07, 0x6a, 0xd6, 0xf6, 0x27, 0x6a, 0x4e, 0xac, 0x79, 0xff,
  0x59, 0xff, 0xd0, 0xb4, 0x44, 0x49, 0xb6, 0xee, 0xc2, 0x40, 0x34, 0xe6, 0x92, 0xcd, 0xc2, 0x40, 0x75, 0xe6, 0x03, 0x49, 0x72, 0xcd, 0x03, 0x49, 0x51, 0xc5, 0xc6, 0x61, 0x61, 0x30, 0x85, 0x59,
  0xf3, 0xdd, 0xa2, 0x40, 0x34, 0xe6, 0x03, 0x49, 0x2d, 0xa4, 0x64, 0x59, 0x40, 0x30, 0x82, 0x38, 0xd7, 0xf6, 0x6e, 0xac, 0x03, 0x41, 0x79, 0xff, 0xd7, 0xf6, 0xb9, 0xff, 0x48, 0x72, 0x0a, 0x83,
  0xba, 0xff, 0x2d, 0xa4, 0x44, 0x51, 0x96, 0xee, 0xc2, 0x40, 0x61, 0x30, 0xe9, 0x82, 0x38, 0xf7, 0xc6, 0x61, 0x61, 0x28, 0x88, 0x72, 0xb6, 0xee, 0x03, 0x49, 0x75, 0xee, 0x06, 0x6a, 0x2e, 0xac,
  0xb0, 0xb4, 0xa2, 0x38, 0xa5, 0x61, 0x75, 0xe6, 0xe6, 0x61, 0xf0, 0xc4, 0x2a, 0x8b, 0x8b, 0x93, 0xab, 0x9b, 0x4a, 0x93, 0xcb, 0xa3, 0x49, 0x8b, 0xce, 0xc4, 0xe5, 0x61, 0x6d, 0xbc, 0x84, 0x61,
  0x23, 0x51, 0x87, 0x82, 0xcd, 0xcc, 0xac, 0xc4, 0x89, 0xab, 0xee, 0xcc, 0x23, 0x51, 0x00, 0x28, 0x08, 0x4a, 0x63, 0x08, 0x63, 0x08, 0x63, 0x08, 0x63, 0x08, 0x63, 0x08, 0x27, 0x19, 0x63, 0x08,
  0x63, 0x08, 0x63, 0x08, 0x63, 0x08, 0x63, 0x08, 0x63, 0x08, 0x63, 0x08, 0x63, 0x08, 0x63, 0x08, 0x63, 0x08, 0x63, 0x08, 0x63, 0x08, 0x63, 0x08, 0x63, 0x08, 0x63, 0x08, 0x63, 0x08, 0x63, 0x08,
  0x83, 0x08, 0x47, 0x19, 0x63, 0x08, 0x63, 0x08, 0x63, 0x08, 0x63, 0x08, 0x63, 0x08, 0x63, 0x08, 0x63, 0x08, 0x63, 0x08, 0x27, 0x19, 0x63, 0x08, 0x63, 0x08, 0x63, 0x08, 0x63, 0x08, 0x63, 0x08,
  0x63, 0x08, 0x63, 0x08, 0x63, 0x08, 0x63, 0x08, 0x63, 0x08, 0x63, 0x08, 0x63, 0x08, 0x63, 0x08, 0x63, 0x08, 0x63, 0x08, 0x63, 0x08, 0x63, 0x08, 0x63, 0x08, 0x63, 0x08, 0x63, 0x08, 0x63, 0x08,
  0x83, 0x08, 0x63, 0x08, 0x63, 0x08, 0x63, 0x08, 0x63, 0x08, 0x63, 0x08, 0x63, 0x08, 0x63, 0x08, 0x63, 0x08, 0x63, 0x08, 0x63, 0x08, 0x63, 0x08, 0x63, 0x08, 0x63, 0x08, 0x63, 0x08, 0x63, 0x08,
  0x63, 0x08, 0x63, 0x08, 0x63, 0x08, 0x63, 0x08, 0x63, 0x08, 0x63, 0x08, 0x63, 0x08, 0x63, 0x08, 0x63, 0x08, 0x63, 0x08, 0x27, 0x19, 0x63, 0x08, 0x63, 0x08, 0x63, 0x08, 0x63, 0x08, 0x63, 0x08,
  0x67, 0x19, 0x63, 0x08, 0x63, 0x08, 0x63, 0x08, 0x63, 0x08, 0x63, 0x08, 0x63, 0x08, 0x63, 0x08, 0x63, 0x08, 0x63, 0x08, 0x63, 0x08, 0x63, 0x08, 0x27, 0x19, 0x63, 0x08, 0x63, 0x08, 0x63, 0x08,
  0x63, 0x08, 0x63, 0x08, 0x63, 0x08, 0x63, 0x08, 0x63, 0x08, 0x63, 0x08, 0x63, 0x08, 0x63, 0x08, 0x63, 0x08, 0x63, 0x08, 0x63, 0x08, 0x27, 0x19, 0x63, 0x08, 0x63, 0x08, 0x63, 0x08, 0x63, 0x08,
  0x83, 0x08, 0x63, 0x08, 0x63, 0x08, 0x63, 0x08, 0x63, 0x08, 0x63, 0x08, 0x63, 0x08, 0x63, 0x08, 0x63, 0x08, 0x63, 0x08, 0x63, 0x08, 0x26, 0x19, 0x63, 0x08, 0x63, 0x08, 0x63, 0x08, 0x63, 0x08,
  0x63, 0x08, 0x63, 0x08, 0x63, 0x08, 0x63, 0x08, 0x63, 0x08, 0x63, 0x08, 0x63, 0x08, 0x63, 0x08, 0x63, 0x08, 0x63, 0x08, 0x63, 0x08, 0x63, 0x08, 0x63, 0x08, 0x63, 0x08, 0x63, 0x08, 0x63, 0x08,
  0x83, 0x08, 0x63, 0x08, 0x63, 0x08, 0x26, 0x19, 0x63, 0x08, 0x63, 0x08, 0x63, 0x08, 0x63, 0x08, 0x06, 0x19, 0x63, 0x08, 0x06, 0x19, 0x63, 0x08, 0x63, 0x08, 0x63, 0x08, 0x63, 0x08, 0x63, 0x08,
  0x63, 0x08, 0x63, 0x08, 0x63, 0x08, 0x63, 0x08, 0x63, 0x08, 0x63, 0x08, 0x63, 0x08, 0x63, 0x08, 0x63, 0x08, 0x63, 0x08, 0x63, 0x08, 0x63, 0x08, 0x63, 0x08, 0x63, 0x08, 0x63, 0x08, 0x63, 0x08,
  0x83, 0x08, 0x63, 0x08, 0x63, 0x08, 0x63, 0x08, 0x63, 0x08, 0x63, 0x08, 0x05, 0x19, 0x63, 0x08, 0x63, 0x08, 0x63, 0x08, 0x63, 0x08, 0x63, 0x08, 0x63, 0x08, 0x63, 0x08, 0x63, 0x08, 0x63, 0x08,
  0x63, 0x08, 0x05, 0x11, 0x63, 0x08, 0x63, 0x08, 0x63, 0x08, 0x63, 0x08, 0x63, 0x08, 0x63, 0x08, 0x63, 0x08, 0x63, 0x08, 0x63, 0x08, 0x63, 0x08, 0x63, 0x08, 0x63, 0x08, 0x63, 0x08, 0x63, 0x08,
  0x83, 0x08, 0xe5, 0x10, 0x63, 0x08, 0x63, 0x08, 0x63, 0x08, 0x63, 0x08, 0x05, 0x11, 0x63, 0x08, 0x82, 0x20, 0x00, 0x20, 0x09, 0x8b, 0x4c, 0xc4, 0x89, 0xab, 0x6c, 0xc4, 0x2e, 0xd5, 0x90, 0xdd,
  0xf1, 0xe5, 0x12, 0xe6, 0xf2, 0xe5, 0x54, 0xee, 0x74, 0xee, 0x74, 0xee, 0x74, 0xee, 0x17, 0xff, 0xf7, 0xfe, 0x38, 0xff, 0x17, 0xff, 0x38, 0xff, 0x18, 0xff, 0x38, 0xff, 0x17, 0xff, 0x18, 0xff,
  0x18, 0xff, 0x17, 0xff, 0xf7, 0xf6, 0x38, 0xff, 0xb6, 0xee, 0x18, 0xff, 0xf7, 0xf6, 0x76, 0xe6, 0x17, 0xff, 0x96, 0xee, 0xf7, 0xf6, 0x55, 0xe6, 0x18, 0xff, 0x58, 0xff, 0x92, 0xcd, 0x17, 0xff,
  0x38, 0xff, 0xd3, 0xd5, 0x58, 0xff, 0x75, 0xee, 0x35, 0xe6, 0x34, 0xde, 0xb3, 0xcd, 0x93, 0xcd, 0x17, 0xff, 0x96, 0xee, 0x14, 0xde, 0x17, 0xff, 0xf7, 0xf6, 0x58, 0xff, 0x35, 0xe6, 0x55, 0xe6,
  0x79, 0xff, 0xd6, 0xf6, 0xf4, 0xdd, 0x99, 0xff, 0xf7, 0xfe, 0xd3, 0xd5, 0x38, 0xff, 0x58, 0xff, 0xf7, 0xfe, 0x34, 0xde, 0x38, 0xff, 0x18, 0xff, 0x96, 0xee, 0x18, 0xff, 0x17, 0xff, 0xd7, 0xf6,
  0x58, 0xff, 0xd7, 0xf6, 0xf7, 0xfe, 0xd6, 0xf6, 0x95, 0xf6, 0x75, 0xee, 0x95, 0xee, 0x54, 0xee, 0x33, 0xee, 0x12, 0xe6, 0xf2, 0xe5, 0xd1, 0xe5, 0xb0, 0xdd, 0x90, 0xdd, 0x0e, 0xcd, 0x4f, 0xd5,
  0x4f, 0xd5, 0x2e, 0xd5, 0xad, 0xc4, 0x2b, 0xb4, 0xa9, 0xab, 0xcd, 0xc4, 0x23, 0x51, 0x00, 0x28, 0xc7, 0x41, 0x63, 0x08, 0x63, 0x08, 0x63, 0x08, 0x63, 0x08, 0x63, 0x08, 0x27, 0x19, 0x63, 0x08,
  0x63, 0x08, 0x63, 0x08, 0x63, 0x08, 0x63, 0x08, 0x63, 0x08, 0x63, 0x08, 0x63, 0x08, 0x63, 0x08, 0x63, 0x08, 0x63, 0x08, 0x63, 0x08, 0x63, 0x08, 0x63, 0x08, 0x63, 0x08, 0x63, 0x08, 0x63, 0x08,
  0x83, 0x08, 0x63, 0x08, 0x47, 0x19, 0x63, 0x08, 0x63, 0x08, 0x63, 0x08, 0x63, 0x08, 0x63, 0x08, 0x63, 0x08, 0x63, 0x08, 0x27, 0x19, 0x63, 0x08, 0x63, 0x08, 0x63, 0x08, 0x63, 0x08, 0x63, 0x08,
  0x63, 0x08, 0x63, 0x08, 0x63, 0x08, 0x63, 0x08, 0x63, 0x08, 0x63, 0x08, 0x63, 0x08, 0x63, 0x08, 0x63, 0x08, 0x63, 0x08, 0x63, 0x08, 0x63, 0x08, 0x63, 0x08, 0x63, 0x08, 0x63, 0x08, 0x63, 0x08,
  0x83, 0x08, 0x63, 0x08, 0x63, 0x08, 0x63, 0x08, 0x63, 0x08, 0x63, 0x08, 0x63, 0x08, 0x63, 0x08, 0x63, 0x08, 0x63, 0x08, 0x63, 0x08, 0x63, 0x08, 0x63, 0x08, 0x63, 0x08, 0x63, 0x08, 0x63, 0x08,
  0x63, 0x08, 0x63, 0x08, 0x63, 0x08, 0x63, 0x08, 0x63, 0x08, 0x63, 0x08, 0x63, 0x08, 0x63, 0x08, 0x63, 0x08, 0x27, 0x19, 0x63, 0x08, 0x63, 0x08, 0x63, 0x08, 0x63, 0x08, 0x63, 0x08, 0x63, 0x08,
  0x67, 0x19, 0x63, 0x08, 0x63, 0x08, 0x63, 0x08, 0x63, 0x08, 0x63, 0x08, 0x63, 0x08, 0x63, 0x08, 0x63, 0x08, 0x63, 0x08, 0x63, 0x08, 0x63, 0x08, 0x27, 0x19, 0x63, 0x08, 0x63, 0x08, 0x63, 0x08,
  0x63, 0x08, 0x63, 0x08, 0x63, 0x08, 0x63, 0x08, 0x63, 0x08, 0x63, 0x08, 0x63, 0x08, 0x63, 0x08, 0x63, 0x08, 0x63, 0x08, 0x63, 0x08, 0x27, 0x19, 0x63, 0x08, 0x63, 0x08, 0x63, 0x08, 0x63, 0x08,
  0x83, 0x08, 0x63, 0x08, 0x63, 0x08, 0x63, 0x08, 0x63, 0x08, 0x63, 0x08, 0x63, 0x08, 0x63, 0x08, 0x63, 0x08, 0x63, 0x08, 0x26, 0x19, 0x63, 0x08, 0x63, 0x08, 0x63, 0x08, 0x63, 0x08, 0x63, 0x08,
  0x63, 0x08, 0x63, 0x08, 0x63, 0x08, 0x63, 0x08, 0x63, 0x08, 0x63, 0x08, 0x63, 0x08, 0x63, 0x08, 0x63, 0x08, 0x63, 0x08, 0x63, 0x08, 0x63, 0x08, 0x63, 0x08, 0x63, 0x08, 0x63, 0x08, 0x63, 0x08,
  0x83, 0x08, 0x63, 0x08, 0x63, 0x08, 0x26, 0x19, 0x63, 0x08, 0x63, 0x08, 0x63, 0x08, 0x63, 0x08, 0x06, 0x19, 0x06, 0x19, 0x63, 0x08, 0x63, 0x08, 0x63, 0x08, 0x63, 0x08, 0x63, 0x08, 0x63, 0x08,
  0x63, 0x08, 0x63, 0x08, 0x63, 0x08, 0x63, 0x08, 0x63, 0x08, 0x63, 0x08, 0x63, 0x08, 0x63, 0x08, 0x63, 0x08, 0x63, 0x08, 0x63, 0x08, 0x63, 0x08, 0x63, 0x08, 0x63, 0x08, 0x63, 0x08, 0x63, 0x08,
  0x83, 0x08, 0x63, 0x08, 0x63, 0x08, 0x63, 0x08, 0x63, 0x08, 0x63, 0x08, 0x05, 0x19, 0x63, 0x08, 0x63, 0x08, 0x63, 0x08, 0x63, 0x08, 0x63, 0x08, 0x63, 0x08, 0x63, 0x08, 0x63, 0x08, 0x63, 0x08,
  0x05, 0x11, 0x63, 0x08, 0x63, 0x08, 0x63, 0x08, 0x63, 0x08, 0x63, 0x08, 0x63, 0x08, 0x63, 0x08, 0x63, 0x08, 0x63, 0x08, 0x63, 0x08, 0x63, 0x08, 0x63, 0x08, 0x63, 0x08, 0x63, 0x08, 0x63, 0x08,
  0x83, 0x08, 0x63, 0x08, 0xe5, 0x10, 0x63, 0x08, 0x63, 0x08, 0x63, 0x08, 0x63, 0x08, 0x05, 0x11, 0x42, 0x18, 0x00, 0x20, 0xe8, 0x82, 0x2b, 0xbc, 0x69, 0xa3, 0x2b, 0xbc, 0xac, 0xc4, 0x4f, 0xd5,
  0x6f, 0xd5, 0xb1, 0xdd, 0xd2, 0xdd, 0xd2, 0xdd, 0xf2, 0xdd, 0xf2, 0xdd, 0x13, 0xe6, 0x74, 0xee, 0xd6, 0xf6, 0xf7, 0xf6, 0x17, 0xff, 0x18, 0xff, 0x18, 0xff, 0x18, 0xff, 0x18, 0xff, 0x18, 0xff,
  0x18, 0xff, 0x18, 0xff, 0x38, 0xff, 0x17, 0xff, 0x38, 0xff, 0x18, 0xff, 0x18, 0xff, 0x58, 0xff, 0x18, 0xff, 0x58, 0xff, 0x38, 0xff, 0x58, 0xff, 0x58, 0xff, 0x96, 0xee, 0xb9, 0xff, 0x14, 0xde,
  0xf7, 0xf6, 0x99, 0xff, 0x34, 0xde, 0x38, 0xff, 0x58, 0xff, 0x58, 0xff, 0xf7, 0xf6, 0xf7, 0xfe, 0x58, 0xff, 0xb6, 0xee, 0x96, 0xee, 0x38, 0xff, 0x58, 0xff, 0x34, 0xde, 0x17, 0xff, 0x99, 0xff,
  0x55, 0xe6, 0x55, 0xe6, 0x78, 0xff, 0xf3, 0xdd, 0x92, 0xcd, 0xb6, 0xf6, 0x17, 0xff, 0xd6, 0xf6, 0xd6, 0xf6, 0xf7, 0xfe, 0xd7, 0xf6, 0xf7, 0xfe, 0x18, 0xff, 0x18, 0xff, 0x18, 0xff, 0xf7, 0xfe,
  0xd6, 0xf6, 0xd6, 0xf6, 0x96, 0xee, 0x95, 0xee, 0x95, 0xee, 0x74, 0xee, 0x54, 0xe6, 0x13, 0xe6, 0xf2, 0xdd, 0xd1, 0xdd, 0xb1, 0xdd, 0x90, 0xd5, 0x2f, 0xd5, 0xee, 0xcc, 0xcd, 0xcc, 0xcd, 0xc4,
  0xee, 0xcc, 0xad, 0xc4, 0x2b, 0xbc, 0x4b, 0xbc, 0x48, 0xa3, 0xce, 0xc4, 0x03, 0x49, 0x00, 0x28, 0x86, 0x39, 0x63, 0x08, 0x63, 0x08, 0x63, 0x08, 0x63, 0x08, 0x63, 0x08, 0x27, 0x19, 0x63, 0x08,
  0x63, 0x08, 0x63, 0x08, 0x63, 0x08, 0x63, 0x08, 0x63, 0x08, 0x63, 0x08, 0x63, 0x08, 0x63, 0x08, 0x63, 0x08, 0x63, 0x08, 0x63, 0x08, 0x63, 0x08, 0x63, 0x08, 0x63, 0x08, 0x63, 0x08, 0x63, 0x08,
  0x83, 0x08, 0x63, 0x08, 0x63, 0x08, 0x47, 0x19, 0x63, 0x08, 0x63, 0x08, 0x63, 0x08, 0x63, 0x08, 0x63, 0x08, 0x63, 0x08, 0x27, 0x19, 0x63, 0x08, 0x63, 0x08, 0x63, 0x08, 0x63, 0x08, 0x63, 0x08,
  0x63, 0x08, 0x63, 0x08, 0x63, 0x08, 0x63, 0x08, 0x63, 0x08, 0x63, 0x08, 0x63, 0x08, 0x63, 0x08, 0x63, 0x08, 0x63, 0x08, 0x63, 0x08, 0x63, 0x08, 0x63, 0x08, 0x63, 0x08, 0x63, 0x08, 0x63, 0x08,
  0x83, 0x08, 0x63, 0x08, 0x63, 0x08, 0x63, 0x08, 0x63, 0x08, 0x63, 0x08, 0x63, 0x08, 0x63, 0x08, 0x63, 0x08, 0x63, 0x08, 0x63, 0x08, 0x63, 0x08, 0x63, 0x08, 0x63, 0x08, 0x63, 0x08, 0x63, 0x08,
  0x63, 0x08, 0x63, 0x08, 0x63, 0x08, 0x63, 0x08, 0x63, 0x08, 0x63, 0x08, 0x63, 0x08, 0x63, 0x08, 0x27, 0x19, 0x63, 0x08, 0x63, 0x08, 0x63, 0x08, 0x63, 0x08, 0x63, 0x08, 0x63, 0x08, 0x63, 0x08,
  0x67, 0x19, 0x63, 0x08, 0x63, 0x08, 0x63, 0x08, 0x63, 0x08, 0x63, 0x08, 0x63, 0x08, 0x63, 0x08, 0x63, 0x08, 0x63, 0x08, 0x63, 0x08, 0x63, 0x08, 0x27, 0x19, 0x63, 0x08, 0x63, 0x08, 0x63, 0x08,
  0x63, 0x08, 0x63, 0x08, 0x63, 0x08, 0x63, 0x08, 0x63, 0x08, 0x63, 0x08, 0x63, 0x08, 0x63, 0x08, 0x63, 0x08, 0x63, 0x08, 0x63, 0x08, 0x27, 0x19, 0x63, 0x08, 0x63, 0x08, 0x63, 0x08, 0x63, 0x08,
  0x83, 0x08, 0x63, 0x08, 0x63, 0x08, 0x63, 0x08, 0x63, 0x08, 0x63, 0x08, 0x63, 0x08, 0x63, 0x08, 0x63, 0x08, 0x26, 0x19, 0x63, 0x08, 0x63, 0x08, 0x63, 0x08, 0x63, 0x08, 0x63, 0x08, 0x63, 0x08,
  0x63, 0x08, 0x63, 0x08, 0x63, 0x08, 0x63, 0x08, 0x63, 0x08, 0x63, 0x08, 0x63, 0x08, 0x63, 0x08, 0x63, 0x08, 0x63, 0x08, 0x63, 0x08, 0x63, 0x08, 0x63, 0x08, 0x63, 0x08, 0x63, 0x08, 0x63, 0x08,
  0x83, 0x08, 0x63, 0x08, 0x63, 0x08, 0x26, 0x19, 0x63, 0x08, 0x63, 0x08, 0x63, 0x08, 0x63, 0x08, 0x06, 0x19, 0x63, 0x08, 0x63, 0x08, 0x63, 0x08, 0x63, 0x08, 0x63, 0x08, 0x63, 0x08, 0x63, 0x08,
  0x63, 0x08, 0x63, 0x08, 0x63, 0x08, 0x63, 0x08, 0x63, 0x08, 0x63, 0x08, 0x63, 0x08, 0x63, 0x08, 0x63, 0x08, 0x63, 0x08, 0x63, 0x08, 0x63, 0x08, 0x63, 0x08, 0x63, 0x08, 0x63, 0x08, 0x63, 0x08,
  0x83, 0x08, 0x63, 0x08, 0x63, 0x08, 0x63, 0x08, 0x63, 0x08, 0x63, 0x08, 0x05, 0x19, 0x63, 0x08, 0x63, 0x08, 0x63, 0x08, 0x63, 0x08, 0x63, 0x08, 0x63, 0x08, 0x63, 0x08, 0x63, 0x08, 0x05, 0x11,
  0x63, 0x08, 0x63, 0x08, 0x63, 0x08, 0x63, 0x08, 0x63, 0x08, 0x63, 0x08, 0x63, 0x08, 0x63, 0x08, 0x63, 0x08, 0x63, 0x08, 0x63, 0x08, 0x63, 0x08, 0x63, 0x08, 0x63, 0x08, 0x63, 0x08, 0x63, 0x08,
  0x83, 0x08, 0x63, 0x08, 0x63, 0x08, 0xe5, 0x10, 0x63, 0x08, 0x63, 0x08, 0x63, 0x08, 0x63, 0x08, 0xa3, 0x18, 0x00, 0x20, 0xa8, 0x7a, 0x2b, 0xbc, 0xe7, 0x9a, 0x0b, 0xb4, 0x6c, 0xbc, 0xed, 0xcc,
  0x4f, 0xd5, 0xb0, 0xdd, 0xd1, 0xdd, 0xd1, 0xdd, 0xf2, 0xe5, 0x13, 0xe6, 0x33, 0xe6, 0x54, 0xee, 0x95, 0xee, 0xd6, 0xf6, 0xf7, 0xfe, 0x18, 0xff, 0x18, 0xff, 0x18, 0xff, 0x18, 0xff, 0x18, 0xff,
  0x18, 0xff, 0x18, 0xff, 0x18, 0xff, 0x18, 0xff, 0x18, 0xff, 0x18, 0xff, 0x18, 0xff, 0x18, 0xff, 0x18, 0xff, 0x18, 0xff, 0x18, 0xff, 0x38, 0xff, 0xc6, 0x59, 0x0a, 0x83, 0x8f, 0xac, 0x03, 0x39,
  0x8b, 0x93, 0xf0, 0xbc, 0xe3, 0x38, 0xc9, 0x7a, 0x99, 0xff, 0x34, 0xde, 0x03, 0x49, 0x64, 0x51, 0x31, 0xc5, 0xc6, 0x61, 0x64, 0x41, 0x0d, 0xa4, 0xf0, 0xbc, 0x03, 0x39, 0x88, 0x72, 0x34, 0xd6,
  0x23, 0x51, 0x23, 0x51, 0x30, 0xc5, 0x23, 0x51, 0x47, 0x6a, 0x31, 0xc5, 0x38, 0xff, 0xb6, 0xee, 0x95, 0xee, 0x96, 0xee, 0xb6, 0xf6, 0xf7, 0xf6, 0xf7, 0xf6, 0xf7, 0xfe, 0xf7, 0xf6, 0xd7, 0xf6,
  0xd6, 0xf6, 0x95, 0xee, 0x75, 0xee, 0x75, 0xee, 0x75, 0xee, 0x54, 0xee, 0x13, 0xe6, 0xf2, 0xe5, 0xd1, 0xdd, 0xb1, 0xdd, 0xb1, 0xdd, 0x4f, 0xd5, 0xed, 0xcc, 0xcd, 0xcc, 0xcd, 0xcc, 0xcd, 0xcc,
  0xac, 0xc4, 0x4c, 0xbc, 0x6c, 0xc4, 0x69, 0xab, 0x07, 0x9b, 0x8d, 0xc4, 0xe2, 0x48, 0x00, 0x30, 0x66, 0x31, 0x63, 0x08, 0x63, 0x08, 0x63, 0x08, 0x63, 0x08, 0x63, 0x08, 0x27, 0x19, 0x63, 0x08,
  0x63, 0x08, 0x63, 0x08, 0x63, 0x08, 0x63, 0x08, 0x63, 0x08, 0x63, 0x08, 0x63, 0x08, 0x63, 0x08, 0x63, 0x08, 0x63, 0x08, 0x63, 0x08, 0x63, 0x08, 0x63, 0x08, 0x63, 0x08, 0x63, 0x08, 0x63, 0x08,
  0x83, 0x08, 0x63, 0x08, 0x63, 0x08, 0x63, 0x08, 0x47, 0x19, 0x63, 0x08, 0x63, 0x08, 0x63, 0x08, 0x63, 0x08, 0x63, 0x08, 0x27, 0x19, 0x63, 0x08, 0x63, 0x08, 0x63, 0x08, 0x63, 0x08, 0x63, 0x08,
  0x63, 0x08, 0x63, 0x08, 0x63, 0x08, 0x63, 0x08, 0x63, 0x08, 0x63, 0x08, 0x63, 0x08, 0x63, 0x08, 0x63, 0x08, 0x63, 0x08, 0x63, 0x08, 0x63, 0x08, 0x63, 0x08, 0x63, 0x08, 0x63, 0x08, 0x63, 0x08,
  0x83, 0x08, 0x63, 0x08, 0x63, 0x08, 0x63, 0x08, 0x63, 0x08, 0x63, 0x08, 0x63, 0x08, 0x63, 0x08, 0x63, 0x08, 0x63, 0x08, 0x63, 0x08, 0x63, 0x08, 0x63, 0x08, 0x63, 0x08, 0x63, 0x08, 0x63, 0x08,
  0x63, 0x08, 0x63, 0x08, 0x63, 0x08, 0x63, 0x08, 0x63, 0x08, 0x63, 0x08, 0x63, 0x08, 0x27, 0x19, 0x63, 0x08, 0x63, 0x08, 0x63, 0x08, 0x63, 0x08, 0x63, 0x08, 0x63, 0x08, 0x63, 0x08, 0x63, 0x08,
  0x67, 0x19, 0x63, 0x08, 0x63, 0x08, 0x63, 0x08, 0x63, 0x08, 0x63, 0x08, 0x63, 0x08, 0x63, 0x08, 0x63, 0x08, 0x63, 0x08, 0x63, 0x08, 0x63, 0x08, 0x27, 0x19, 0x63, 0x08, 0x63, 0x08, 0x63, 0x08,
  0x63, 0x08, 0x63, 0x08, 0x63, 0x08, 0x63, 0x08, 0x63, 0x08, 0x63, 0x08, 0x63, 0x08, 0x63, 0x08, 0x63, 0x08, 0x63, 0x08, 0x63, 0x08, 0x27, 0x19, 0x63, 0x08, 0x63, 0x08, 0x63, 0x08, 0x63, 0x08,
  0x83, 0x08, 0x63, 0x08, 0x63, 0x08, 0x63, 0x08, 0x63, 0x08, 0x63, 0x08, 0x63, 0x08, 0x63, 0x08, 0x26, 0x19, 0x63, 0x08, 0x63, 0x08, 0x63, 0x08, 0x63, 0x08, 0x63, 0x08, 0x63, 0x08, 0x63, 0x08,
  0x63, 0x08, 0x63, 0x08, 0x63, 0x08, 0x63, 0x08, 0x63, 0x08, 0x63, 0x08, 0x63, 0x08, 0x63, 0x08, 0x63, 0x08, 0x63, 0x08, 0x63, 0x08, 0x63, 0x08, 0x63, 0x08, 0x63, 0x08, 0x63, 0x08, 0x63, 0x08,
  0x83, 0x08, 0x63, 0x08, 0x63, 0x08, 0x26, 0x19, 0x63, 0x08, 0x63, 0x08, 0x63, 0x08, 0x06, 0x19, 0x06, 0x19, 0x63, 0x08, 0x63, 0x08, 0x63, 0x08, 0x63, 0x08, 0x63, 0x08, 0x63, 0x08, 0x63, 0x08,
  0x63, 0x08, 0x63, 0x08, 0x63, 0x08, 0x63, 0x08, 0x63, 0x08, 0x63, 0x08, 0x63, 0x08, 0x63, 0x08, 0x63, 0x08, 0x63, 0x08, 0x63, 0x08, 0x63, 0x08, 0x63, 0x08, 0x63, 0x08, 0x63, 0x08, 0x63, 0x08,
  0x83, 0x08, 0x63, 0x08, 0x63, 0x08, 0x63, 0x08, 0x63, 0x08, 0x63, 0x08, 0x05, 0x19, 0x63, 0x08, 0x63, 0x08, 0x63, 0x08, 0x63, 0x08, 0x63, 0x08, 0x63, 0x08, 0x63, 0x08, 0x05, 0x11, 0x63, 0x08,
  0x63, 0x08, 0x63, 0x08, 0x63, 0x08, 0x63, 0x08, 0x63, 0x08, 0x63, 0x08, 0x63, 0x08, 0x63, 0x08, 0x63, 0x08, 0x63, 0x08, 0x63, 0x08, 0x63, 0x08, 0x63, 0x08, 0x63, 0x08, 0x63, 0x08, 0x63, 0x08,
  0x83, 0x08, 0x63, 0x08, 0x63, 0x08, 0x63, 0x08, 0xe5, 0x10, 0x63, 0x08, 0x63, 0x08, 0x63, 0x08, 0x62, 0x18, 0x00, 0x20, 0xa8, 0x7a, 0x4f, 0xdd, 0x48, 0xa3, 0x27, 0x9b, 0x4c, 0xbc, 0xcd, 0xc4,
  0x2e, 0xcd, 0x70, 0xd5, 0xb0, 0xdd, 0xb1, 0xdd, 0xb1, 0xdd, 0xf2, 0xe5, 0x13, 0xe6, 0x33, 0xe6, 0x54, 0xee, 0x54, 0xee, 0xb6, 0xf6, 0xf7, 0xf6, 0x17, 0xff, 0x18, 0xff, 0x18, 0xff, 0x18, 0xff,
  0x18, 0xff, 0x18, 0xff, 0x18, 0xff, 0x18, 0xff, 0x18, 0xff, 0x18, 0xff, 0x18, 0xff, 0x18, 0xff, 0x18, 0xff, 0x18, 0xff, 0x17, 0xff, 0x79, 0xff, 0x6b, 0x93, 0xc9, 0x72, 0x07, 0x6a, 0xcf, 0xb4,
  0x06, 0x6a, 0xe6, 0x61, 0x8f, 0xac, 0xa5, 0x59, 0xf7, 0xf6, 0xd3, 0xd5, 0x68, 0x72, 0x8f, 0xac, 0xc6, 0x61, 0x88, 0x72, 0x51, 0xbd, 0xa5, 0x59, 0xe6, 0x61, 0xd0, 0xb4, 0x47, 0x6a, 0x88, 0x72,
  0x6b, 0x93, 0xab, 0x93, 0xa8, 0x7a, 0xe6, 0x61, 0x14, 0xe6, 0xf7, 0xfe, 0xd6, 0xf6, 0xb6, 0xf6, 0xb6, 0xee, 0xb6, 0xf6, 0xd6, 0xf6, 0xd7, 0xf6, 0xd7, 0xf6, 0xd7, 0xf6, 0xb6, 0xf6, 0x95, 0xee,
  0x74, 0xee, 0x33, 0xe6, 0x33, 0xe6, 0x54, 0xee, 0x54, 0xee, 0x13, 0xe6, 0xd2, 0xe5, 0xd1, 0xdd, 0xb1, 0xdd, 0xb1, 0xdd, 0x90, 0xdd, 0x2f, 0xd5, 0xad, 0xc4, 0xad, 0xc4, 0xcd, 0xcc, 0x8c, 0xc4,
  0x8c, 0xc4, 0x2b, 0xbc, 0x27, 0x9b, 0x07, 0x9b, 0x89, 0xab, 0x0e, 0xcd, 0xa2, 0x40, 0x20, 0x30, 0xa7, 0x39, 0x63, 0x08, 0x63, 0x08, 0x63, 0x08, 0x63, 0x08, 0x63, 0x08, 0x27, 0x19, 0x63, 0x08,
  0x63, 0x08, 0x63, 0x08, 0x63, 0x08, 0x63, 0x08, 0x63, 0x08, 0x63, 0x08, 0x63, 0x08, 0x63, 0x08, 0x63, 0x08, 0x63, 0x08, 0x63, 0x08, 0x63, 0x08, 0x63, 0x08, 0x63, 0x08, 0x63, 0x08, 0x63, 0x08,
  0x83, 0x08, 0x63, 0x08, 0x63, 0x08, 0x63, 0x08, 0x63, 0x08, 0x47, 0x19, 0x63, 0x08, 0x63, 0x08, 0x63, 0x08, 0x63, 0x08, 0x27, 0x19, 0x63, 0x08, 0x63, 0x08, 0x63, 0x08, 0x63, 0x08, 0x63, 0x08,
  0x63, 0x08, 0x63, 0x08, 0x63, 0x08, 0x63, 0x08, 0x63, 0x08, 0x63, 0x08, 0x63, 0x08, 0x63, 0x08, 0x63, 0x08, 0x63, 0x08, 0x63, 0x08, 0x63, 0x08, 0x63, 0x08, 0x63, 0x08, 0x63, 0x08, 0x63, 0x08,
  0x83, 0x08, 0x63, 0x08, 0x63, 0x08, 0x63, 0x08, 0x63, 0x08, 0x63, 0x08, 0x63, 0x08, 0x63, 0x08, 0x63, 0x08, 0x63, 0x08, 0x63, 0x08, 0x63, 0x08, 0x63, 0x08, 0x63, 0x08, 0x63, 0x08, 0x63, 0x08,
  0x63, 0x08, 0x63, 0x08, 0x63, 0x08, 0x63, 0x08, 0x63, 0x08, 0x63, 0x08, 0x27, 0x19, 0x63, 0x08, 0x63, 0x08, 0x63, 0x08, 0x63, 0x08, 0x63, 0x08, 0x63, 0x08, 0x63, 0x08, 0x63, 0x08, 0x63, 0x08,
  0x67, 0x19, 0x63, 0x08, 0x63, 0x08, 0x63, 0x08, 0x63, 0x08, 0x63, 0x08, 0x63, 0x08, 0x63, 0x08, 0x63, 0x08, 0x63, 0x08, 0x63, 0x08, 0x63, 0x08, 0x27, 0x19, 0x63, 0x08, 0x63, 0x08, 0x63, 0x08,
  0x63, 0x08, 0x63, 0x08, 0x63, 0x08, 0x63, 0x08, 0x63, 0x08, 0x63, 0x08, 0x63, 0x08, 0x63, 0x08, 0x63, 0x08, 0x63, 0x08, 0x63, 0x08, 0x27, 0x19, 0x63, 0x08, 0x63, 0x08, 0x63, 0x08, 0x63, 0x08,
  0x83, 0x08, 0x63, 0x08, 0x63, 0x08, 0x63, 0x08, 0x63, 0x08, 0x63, 0x08, 0x63, 0x08, 0x26, 0x19, 0x63, 0x08, 0x63, 0x08, 0x63, 0x08, 0x63, 0x08, 0x63, 0x08, 0x63, 0x08, 0x63, 0x08, 0x63, 0x08,
  0x63, 0x08, 0x63, 0x08, 0x63, 0x08, 0x63, 0x08, 0x63, 0x08, 0x63, 0x08, 0x63, 0x08, 0x63, 0x08, 0x63, 0x08, 0x63, 0x08, 0x63, 0x08, 0x63, 0x08, 0x63, 0x08, 0x63, 0x08, 0x63, 0x08, 0x63, 0x08,
  0x83, 0x08, 0x63, 0x08, 0x63, 0x08, 0x26, 0x19, 0x63, 0x08, 0x63, 0x08, 0x06, 0x19, 0x63, 0x08, 0x06, 0x19, 0x63, 0x08, 0x63, 0x08, 0x63, 0x08, 0x63, 0x08, 0x63, 0x08, 0x63, 0x08, 0x63, 0x08,
  0x63, 0x08, 0x63, 0x08, 0x63, 0x08, 0x63, 0x08, 0x63, 0x08, 0x63, 0x08, 0x63, 0x08, 0x63, 0x08, 0x63, 0x08, 0x63, 0x08, 0x63, 0x08, 0x63, 0x08, 0x63, 0x08, 0x63, 0x08, 0x63, 0x08, 0x63, 0x08,
  0x83, 0x08, 0x63, 0x08, 0x63, 0x08, 0x63, 0x08, 0x63, 0x08, 0x63, 0x08, 0x05, 0x19, 0x63, 0x08, 0x63, 0x08, 0x63, 0x08, 0x63, 0x08, 0x63, 0x08, 0x63, 0x08, 0x05, 0x11, 0x63, 0x08, 0x63, 0x08,
  0x63, 0x08, 0x63, 0x08, 0x63, 0x08, 0x63, 0x08, 0x63, 0x08, 0x63, 0x08, 0x63, 0x08, 0x63, 0x08, 0x63, 0x08, 0x63, 0x08, 0x63, 0x08, 0x63, 0x08, 0x63, 0x08, 0x63, 0x08, 0x63, 0x08, 0x63, 0x08,
  0x83, 0x08, 0x43, 0x08, 0x43, 0x08, 0x43, 0x08, 0x43, 0x08, 0x43, 0x08, 0x43, 0x08, 0x43, 0x08, 0x62, 0x18, 0x00, 0x28, 0x81, 0x38, 0x29, 0x93, 0xee, 0xc4, 0xed, 0xcc, 0x4b, 0xbc, 0x8c, 0xbc,
  0xee, 0xcc, 0x70, 0xd5, 0x90, 0xdd, 0xb0, 0xdd, 0xb0, 0xdd, 0xd1, 0xdd, 0xf2, 0xe5, 0x12, 0xe6, 0xf2, 0xdd, 0x33, 0xe6, 0x75, 0xee, 0x95, 0xee, 0xb6, 0xf6, 0xf7, 0xfe, 0x18, 0xff, 0x18, 0xff,
  0x18, 0xff, 0x18, 0xff, 0x18, 0xff, 0x18, 0xff, 0x18, 0xff, 0x18, 0xff, 0x18, 0xff, 0x17, 0xff, 0x18, 0xff, 0x18, 0xff, 0xf7, 0xfe, 0x99, 0xff, 0x10, 0xbd, 0xe9, 0x7a, 0x6f, 0xac, 0x64, 0x41,
  0x64, 0x51, 0x06, 0x62, 0x11, 0xbd, 0x07, 0x62, 0xb6, 0xf6, 0x55, 0xe6, 0xa2, 0x38, 0x44, 0x51, 0xaf, 0xb4, 0xc5, 0x59, 0xa2, 0x30, 0x2d, 0xa4, 0x67, 0x6a, 0x31, 0xbd, 0xa8, 0x72, 0x27, 0x6a,
  0xec, 0x9b, 0x0d, 0xa4, 0xc9, 0x7a, 0x44, 0x59, 0xe6, 0x69, 0x96, 0xf6, 0xf7, 0xfe, 0xb6, 0xee, 0x95, 0xee, 0xb6, 0xf6, 0xd6, 0xf6, 0xd7, 0xf6, 0xd6, 0xf6, 0xb6, 0xf6, 0x95, 0xee, 0x34, 0xe6,
  0x33, 0xe6, 0x33, 0xe6, 0x13, 0xe6, 0x33, 0xe6, 0x13, 0xe6, 0xd1, 0xdd, 0xb1, 0xdd, 0xb1, 0xdd, 0xb1, 0xdd, 0x90, 0xdd, 0x90, 0xdd, 0x2e, 0xcd, 0xad, 0xc4, 0xad, 0xc4, 0x8c, 0xc4, 0xea, 0xb3,
  0x68, 0xa3, 0x48, 0xa3, 0x0a, 0xbc, 0xac, 0xc4, 0x8c, 0xbc, 0xa7, 0x7a, 0x00, 0x28, 0x61, 0x38, 0x87, 0x31, 0x43, 0x08, 0x43, 0x08, 0x43, 0x08, 0x43, 0x08, 0x43, 0x08, 0x26, 0x19, 0x43, 0x08,
  0x43, 0x08, 0x43, 0x08, 0x43, 0x08, 0x43, 0x08, 0x43, 0x08, 0x43, 0x08, 0x43, 0x08, 0x43, 0x08, 0x43, 0x08, 0x43, 0x08, 0x43, 0x08, 0x26, 0x19, 0x43, 0x08, 0x43, 0x08, 0x43, 0x08, 0x43, 0x08,
  0x83, 0x08, 0x43, 0x08, 0x43, 0x08, 0x43, 0x08, 0x43, 0x08, 0x43, 0x08, 0x43, 0x08, 0x43, 0x08, 0x43, 0x08, 0x43, 0x08, 0x27, 0x19, 0x43, 0x08, 0x43, 0x08, 0x43, 0x08, 0x43, 0x08, 0x43, 0x08,
  0x43, 0x08, 0x43, 0x08, 0x43, 0x08, 0x43, 0x08, 0x43, 0x08, 0x43, 0x08, 0x43, 0x08, 0x43, 0x08, 0x27, 0x19, 0x43, 0x08, 0x43, 0x08, 0x43, 0x08, 0x43, 0x08, 0x43, 0x08, 0x43, 0x08, 0x43, 0x08,
  0x83, 0x08, 0x43, 0x08, 0x43, 0x08, 0x43, 0x08, 0x43, 0x08, 0x43, 0x08, 0x27, 0x19, 0x43, 0x08, 0x43, 0x08, 0x43, 0x08, 0x43, 0x08, 0x43, 0x08, 0x43, 0x08, 0x43, 0x08, 0x43, 0x08, 0x43, 0x08,
  0x43, 0x08, 0x43, 0x08, 0x43, 0x08, 0x43, 0x08, 0x43, 0x08, 0x43, 0x08, 0x43, 0x08, 0x43, 0x08, 0x43, 0x08, 0x43, 0x08, 0x43, 0x08, 0x43, 0x08, 0x43, 0x08, 0x43, 0x08, 0x43, 0x08, 0x43, 0x08,
  0x47, 0x19, 0x43, 0x08, 0x26, 0x19, 0x43, 0x08, 0x43, 0x08, 0x43, 0x08, 0x43, 0x08, 0x43, 0x08, 0x43, 0x08, 0x43, 0x08, 0x43, 0x08, 0x43, 0x08, 0x43, 0x08, 0x43, 0x08, 0x43, 0x08, 0x43, 0x08,
  0x43, 0x08, 0x43, 0x08, 0x43, 0x08, 0x43, 0x08, 0x43, 0x08, 0x43, 0x08, 0x43, 0x08, 0x43, 0x08, 0x43, 0x08, 0x26, 0x19, 0x43, 0x08, 0x43, 0x08, 0x43, 0x08, 0x43, 0x08, 0x26, 0x19, 0x43, 0x08,
  0x83, 0x08, 0x43, 0x08, 0x43, 0x08, 0x43, 0x08, 0x43, 0x08, 0x43, 0x08, 0x43, 0x08, 0x43, 0x08, 0x43, 0x08, 0x43, 0x08, 0x43, 0x08, 0x43, 0x08, 0x43, 0x08, 0x06, 0x19, 0x43, 0x08, 0x43, 0x08,
  0x43, 0x08, 0x43, 0x08, 0x43, 0x08, 0x43, 0x08, 0x43, 0x08, 0x43, 0x08, 0x43, 0x08, 0x43, 0x08, 0x43, 0x08, 0x43, 0x08, 0x06, 0x19, 0x43, 0x08, 0x43, 0x08, 0x43, 0x08, 0x43, 0x08, 0x43, 0x08,
  0x83, 0x08, 0x43, 0x08, 0x43, 0x08, 0x43, 0x08, 0x43, 0x08, 0x43, 0x08, 0x43, 0x08, 0x43, 0x08, 0x05, 0x19, 0x43, 0x08, 0x43, 0x08, 0x43, 0x08, 0x43, 0x08, 0x43, 0x08, 0x43, 0x08, 0x43, 0x08,
  0x43, 0x08, 0x43, 0x08, 0x43, 0x08, 0x43, 0x08, 0x43, 0x08, 0x43, 0x08, 0x05, 0x11, 0x43, 0x08, 0x43, 0x08, 0x43, 0x08, 0x43, 0x08, 0x43, 0x08, 0x43, 0x08, 0x43, 0x08, 0x43, 0x08, 0x43, 0x08,
  0x83, 0x08, 0x43, 0x08, 0x43, 0x08, 0x43, 0x08, 0xe5, 0x10, 0x43, 0x08, 0x43, 0x08, 0x43, 0x08, 0x43, 0x08, 0x43, 0x08, 0x43, 0x08, 0x43, 0x08, 0x43, 0x08, 0x43, 0x08, 0x43, 0x08, 0x43, 0x08,
  0x43, 0x08, 0x43, 0x08, 0x43, 0x08, 0xe5, 0x10, 0x43, 0x08, 0x43, 0x08, 0x43, 0x08, 0x43, 0x08, 0x43, 0x08, 0x43, 0x08, 0x43, 0x08, 0x43, 0x08, 0x43, 0x08, 0x43, 0x08, 0x43, 0x08, 0x43, 0x08,
  0x83, 0x08, 0x43, 0x08, 0x43, 0x08, 0x43, 0x08, 0x43, 0x08, 0x43, 0x08, 0x43, 0x08, 0x43, 0x08, 0x42, 0x08, 0x00, 0x28, 0x00, 0x30, 0x41, 0x30, 0x81, 0x40, 0x26, 0x72, 0x0b, 0xac, 0xee, 0xc4,
  0x90, 0xdd, 0xd1, 0xe5, 0xd1, 0xdd, 0xb0, 0xdd, 0x90, 0xdd, 0xb0, 0xdd, 0xd1, 0xdd, 0xf1, 0xdd, 0x87, 0x82, 0xd2, 0xdd, 0x33, 0xe6, 0x33, 0xe6, 0x54, 0xe6, 0xb6, 0xf6, 0xf7, 0xf6, 0x17, 0xff,
  0x18, 0xff, 0x18, 0xff, 0x18, 0xff, 0x18, 0xff, 0x18, 0xff, 0x18, 0xff, 0x17, 0xff, 0x78, 0xff, 0x38, 0xff, 0x17, 0xff, 0xf7, 0xfe, 0x99, 0xff, 0x8f, 0xb4, 0x68, 0x72, 0x75, 0xde, 0x2e, 0xa4,
  0xe6, 0x59, 0x48, 0x72, 0xed, 0x93, 0xa5, 0x59, 0x17, 0xf7, 0xf4, 0xdd, 0x03, 0x49, 0x55, 0xe6, 0x37, 0xff, 0xc5, 0x61, 0xa5, 0x59, 0x8e, 0xac, 0xa9, 0x7a, 0x4e, 0xa4, 0x27, 0x6a, 0xc9, 0x7a,
  0xe9, 0x7a, 0xe9, 0x7a, 0xc9, 0x7a, 0x06, 0x6a, 0xd6, 0xf6, 0xd6, 0xfe, 0xb6, 0xf6, 0x95, 0xee, 0xd6, 0xf6, 0x95, 0xee, 0x95, 0xee, 0xb6, 0xf6, 0xb6, 0xee, 0x95, 0xee, 0x54, 0xe6, 0x12, 0xe6,
  0x12, 0xe6, 0x12, 0xe6, 0x12, 0xe6, 0x12, 0xe6, 0xf2, 0xe5, 0xb1, 0xdd, 0x70, 0xdd, 0x6f, 0xd5, 0x6f, 0xd5, 0x6f, 0xd5, 0x4f, 0xd5, 0xcd, 0xcc, 0x8c, 0xc4, 0xac, 0xcc, 0x6c, 0xc4, 0x6b, 0xc4,
  0xcd, 0xcc, 0xcd, 0xc4, 0x8a, 0x9b, 0xc5, 0x61, 0x40, 0x30, 0x20, 0x28, 0x00, 0x28, 0xc2, 0x38, 0x05, 0x21, 0x43, 0x08, 0x43, 0x08, 0x43, 0x08, 0x43, 0x08, 0x43, 0x08, 0x26, 0x19, 0x43, 0x08,
  0x43, 0x08, 0x43, 0x08, 0x43, 0x08, 0x43, 0x08, 0x43, 0x08, 0x43, 0x08, 0x43, 0x08, 0x43, 0x08, 0x43, 0x08, 0x43, 0x08, 0x43, 0x08, 0x43, 0x08, 0x26, 0x19, 0x43, 0x08, 0x43, 0x08, 0x43, 0x08,
  0x83, 0x08, 0x43, 0x08, 0x43, 0x08, 0x43, 0x08, 0x43, 0x08, 0x43, 0x08, 0x43, 0x08, 0x43, 0x08, 0x43, 0x08, 0x43, 0x08, 0x27, 0x19, 0x43, 0x08, 0x43, 0x08, 0x43, 0x08, 0x43, 0x08, 0x43, 0x08,
  0x43, 0x08, 0x43, 0x08, 0x43, 0x08, 0x43, 0x08, 0x43, 0x08, 0x43, 0x08, 0x43, 0x08, 0x43, 0x08, 0x27, 0x19, 0x43, 0x08, 0x43, 0x08, 0x43, 0x08, 0x43, 0x08, 0x43, 0x08, 0x43, 0x08, 0x43, 0x08,
  0x83, 0x08, 0x43, 0x08, 0x43, 0x08, 0x43, 0x08, 0x43, 0x08, 0x43, 0x08, 0x27, 0x19, 0x43, 0x08, 0x43, 0x08, 0x43, 0x08, 0x43, 0x08, 0x43, 0x08, 0x43, 0x08, 0x43, 0x08, 0x43, 0x08, 0x43, 0x08,
  0x43, 0x08, 0x43, 0x08, 0x43, 0x08, 0x43, 0x08, 0x43, 0x08, 0x43, 0x08, 0x43, 0x08, 0x43, 0x08, 0x43, 0x08, 0x43, 0x08, 0x43, 0x08, 0x43, 0x08, 0x43, 0x08, 0x43, 0x08, 0x43, 0x08, 0x27, 0x19,
  0x83, 0x08, 0x43, 0x08, 0x26, 0x19, 0x43, 0x08, 0x43, 0x08, 0x43, 0x08, 0x43, 0x08, 0x43, 0x08, 0x43, 0x08, 0x43, 0x08, 0x43, 0x08, 0x43, 0x08, 0x43, 0x08, 0x43, 0x08, 0x43, 0x08, 0x43, 0x08,
  0x43, 0x08, 0x43, 0x08, 0x43, 0x08, 0x43, 0x08, 0x43, 0x08, 0x43, 0x08, 0x43, 0x08, 0x43, 0x08, 0x26, 0x19, 0x43, 0x08, 0x43, 0x08, 0x43, 0x08, 0x43, 0x08, 0x43, 0x08, 0x26, 0x19, 0x43, 0x08,
  0x83, 0x08, 0x43, 0x08, 0x43, 0x08, 0x43, 0x08, 0x43, 0x08, 0x43, 0x08, 0x43, 0x08, 0x43, 0x08, 0x43, 0x08, 0x43, 0x08, 0x43, 0x08, 0x43, 0x08, 0x06, 0x19, 0x43, 0x08, 0x43, 0x08, 0x43, 0x08,
  0x43, 0x08, 0x43, 0x08, 0x43, 0x08, 0x43, 0x08, 0x43, 0x08, 0x43, 0x08, 0x43, 0x08, 0x43, 0x08, 0x43, 0x08, 0x43, 0x08, 0x06, 0x19, 0x43, 0x08, 0x43, 0x08, 0x43, 0x08, 0x43, 0x08, 0x43, 0x08,
  0x83, 0x08, 0x43, 0x08, 0x43, 0x08, 0x43, 0x08, 0x43, 0x08, 0x43, 0x08, 0x43, 0x08, 0x43, 0x08, 0x05, 0x19, 0x43, 0x08, 0x43, 0x08, 0x43, 0x08, 0x43, 0x08, 0x43, 0x08, 0x43, 0x08, 0x43, 0x08,
  0x43, 0x08, 0x43, 0x08, 0x43, 0x08, 0x43, 0x08, 0x43, 0x08, 0x43, 0x08, 0x05, 0x11, 0x43, 0x08, 0x43, 0x08, 0x43, 0x08, 0x43, 0x08, 0x43, 0x08, 0x43, 0x08, 0x43, 0x08, 0x43, 0x08, 0x43, 0x08,
  0x83, 0x08, 0x43, 0x08, 0x43, 0x08, 0x43, 0x08, 0xe5, 0x10, 0x43, 0x08, 0x43, 0x08, 0x43, 0x08, 0x43, 0x08, 0x43, 0x08, 0x43, 0x08, 0x43, 0x08, 0x43, 0x08, 0x43, 0x08, 0x43, 0x08, 0x43, 0x08,
  0x43, 0x08, 0x43, 0x08, 0xe5, 0x10, 0x43, 0x08, 0x43, 0x08, 0x43, 0x08, 0x43, 0x08, 0x43, 0x08, 0x43, 0x08, 0x43, 0x08, 0x43, 0x08, 0x43, 0x08, 0x43, 0x08, 0x43, 0x08, 0x43, 0x08, 0x43, 0x08,
  0x83, 0x08, 0x42, 0x08, 0x42, 0x08, 0x42, 0x08, 0x42, 0x08, 0x42, 0x08, 0x42, 0x08, 0x42, 0x08, 0x62, 0x08, 0x00, 0x28, 0x20, 0x30, 0x51, 0x84, 0x82, 0x38, 0x00, 0x28, 0x00, 0x30, 0xc2, 0x40,
  0x06, 0x6a, 0x69, 0x9b, 0xad, 0xbc, 0x70, 0xd5, 0xf1, 0xe5, 0x12, 0xe6, 0x93, 0xf6, 0xeb, 0xab, 0x00, 0x18, 0x4c, 0xb4, 0x52, 0xee, 0xd1, 0xdd, 0xf2, 0xdd, 0x53, 0xe6, 0x75, 0xee, 0xd6, 0xf6,
  0xf7, 0xf6, 0xf7, 0xf6, 0xf7, 0xf6, 0x18, 0xff, 0x18, 0xff, 0xf7, 0xf6, 0x78, 0xff, 0x31, 0xc5, 0x34, 0xe6, 0x38, 0xff, 0xf7, 0xf6, 0x79, 0xff, 0x31, 0xc5, 0xed, 0x9b, 0xf0, 0xbc, 0xa5, 0x49,
  0x31, 0xc5, 0xf4, 0xd5, 0x85, 0x51, 0xac, 0x9b, 0x99, 0xff, 0xf4, 0xdd, 0xa9, 0x72, 0x79, 0xff, 0xd7, 0xf6, 0xc9, 0x7a, 0xcf, 0xbc, 0xc9, 0x82, 0x72, 0xc5, 0x44, 0x49, 0x0a, 0x8b, 0x95, 0xee,
  0xe6, 0x69, 0xe6, 0x69, 0xb2, 0xd5, 0xc9, 0x82, 0x75, 0xee, 0x95, 0xf6, 0x54, 0xee, 0x74, 0xee, 0xef, 0xc4, 0x33, 0xe6, 0x53, 0xe6, 0x54, 0xee, 0x54, 0xe6, 0x54, 0xe6, 0x13, 0xe6, 0xf2, 0xe5,
  0xf2, 0xe5, 0xf2, 0xdd, 0xf2, 0xe5, 0xb1, 0xdd, 0x90, 0xdd, 0x90, 0xdd, 0x90, 0xdd, 0x6f, 0xd5, 0x6f, 0xdd, 0x90, 0xdd, 0xb0, 0xdd, 0x2e, 0xd5, 0xed, 0xcc, 0x4c, 0xbc, 0x69, 0x9b, 0xa7, 0x7a,
  0x84, 0x59, 0x41, 0x30, 0xa2, 0x38, 0x00, 0x20, 0x51, 0x9c, 0xae, 0x8b, 0x00, 0x18, 0x04, 0x41, 0xc4, 0x18, 0x42, 0x08, 0x42, 0x08, 0x42, 0x08, 0x42, 0x08, 0x42, 0x08, 0x26, 0x19, 0x42, 0x08,
  0x42, 0x08, 0x42, 0x08, 0x42, 0x08, 0x42, 0x08, 0x42, 0x08, 0x42, 0x08, 0x42, 0x08, 0x42, 0x08, 0x42, 0x08, 0x42, 0x08, 0x42, 0x08, 0x42, 0x08, 0x26, 0x19, 0x42, 0x08, 0x42, 0x08, 0x42, 0x08,
  0x83, 0x08, 0x42, 0x08, 0x42, 0x08, 0x42, 0x08, 0x42, 0x08, 0x42, 0x08, 0x42, 0x08, 0x42, 0x08, 0x42, 0x08, 0x42, 0x08, 0x27, 0x19, 0x42, 0x08, 0x42, 0x08, 0x42, 0x08, 0x42, 0x08, 0x42, 0x08,
  0x42, 0x08, 0x42, 0x08, 0x42, 0x08, 0x42, 0x08, 0x42, 0x08, 0x42, 0x08, 0x42, 0x08, 0x42, 0x08, 0x27, 0x19, 0x42, 0x08, 0x42, 0x08, 0x42, 0x08, 0x42, 0x08, 0x42, 0x08, 0x42, 0x08, 0x42, 0x08,
  0x83, 0x08, 0x42, 0x08, 0x42, 0x08, 0x42, 0x08, 0x42, 0x08, 0x42, 0x08, 0x27, 0x19, 0x42, 0x08, 0x42, 0x08, 0x42, 0x08, 0x42, 0x08, 0x42, 0x08, 0x42, 0x08, 0x42, 0x08, 0x42, 0x08, 0x42, 0x08,
  0x42, 0x08, 0x42, 0x08, 0x42, 0x08, 0x42, 0x08, 0x42, 0x08, 0x42, 0x08, 0x42, 0x08, 0x42, 0x08, 0x42, 0x08, 0x42, 0x08, 0x42, 0x08, 0x42, 0x08, 0x42, 0x08, 0x42, 0x08, 0x27, 0x19, 0x42, 0x08,
  0x83, 0x08, 0x42, 0x08, 0x26, 0x19, 0x42, 0x08, 0x42, 0x08, 0x42, 0x08, 0x42, 0x08, 0x42, 0x08, 0x42, 0x08, 0x42, 0x08, 0x42, 0x08, 0x42, 0x08, 0x42, 0x08, 0x42, 0x08, 0x42, 0x08, 0x42, 0x08,
  0x42, 0x08, 0x42, 0x08, 0x42, 0x08, 0x42, 0x08, 0x42, 0x08, 0x42, 0x08, 0x42, 0x08, 0x26, 0x19, 0x42, 0x08, 0x42, 0x08, 0x42, 0x08, 0x42, 0x08, 0x42, 0x08, 0x42, 0x08, 0x26, 0x19, 0x42, 0x08,
  0x83, 0x08, 0x42, 0x08, 0x42, 0x08, 0x42, 0x08, 0x42, 0x08, 0x42, 0x08, 0x42, 0x08, 0x42, 0x08, 0x42, 0x08, 0x42, 0x08, 0x42, 0x08, 0x42, 0x08, 0x06, 0x19, 0x42, 0x08, 0x42, 0x08, 0x42, 0x08,
  0x42, 0x08, 0x42, 0x08, 0x42, 0x08, 0x42, 0x08, 0x42, 0x08, 0x42, 0x08, 0x42, 0x08, 0x42, 0x08, 0x42, 0x08, 0x42, 0x08, 0x05, 0x19, 0x42, 0x08, 0x42, 0x08, 0x42, 0x08, 0x42, 0x08, 0x42, 0x08,
  0x83, 0x08, 0x42, 0x08, 0x42, 0x08, 0x42, 0x08, 0x42, 0x08, 0x42, 0x08, 0x42, 0x08, 0x42, 0x08, 0x05, 0x19, 0x42, 0x08, 0x42, 0x08, 0x42, 0x08, 0x42, 0x08, 0x42, 0x08, 0x42, 0x08, 0x42, 0x08,
  0x42, 0x08, 0x42, 0x08, 0x42, 0x08, 0x42, 0x08, 0x42, 0x08, 0x42, 0x08, 0x05, 0x11, 0x42, 0x08, 0x42, 0x08, 0x42, 0x08, 0x42, 0x08, 0x42, 0x08, 0x42, 0x08, 0x42, 0x08, 0x42, 0x08, 0x42, 0x08,
  0x83, 0x08, 0x42, 0x08, 0x42, 0x08, 0x42, 0x08, 0xe5, 0x10, 0x42, 0x08, 0x42, 0x08, 0x42, 0x08, 0x42, 0x08, 0x42, 0x08, 0x42, 0x08, 0x42, 0x08, 0x42, 0x08, 0x42, 0x08, 0x42, 0x08, 0x42, 0x08,
  0x42, 0x08, 0x42, 0x08, 0xe5, 0x10, 0x42, 0x08, 0x42, 0x08, 0x42, 0x08, 0x42, 0x08, 0x42, 0x08, 0x42, 0x08, 0x42, 0x08, 0x42, 0x08, 0x42, 0x08, 0x42, 0x08, 0x42, 0x08, 0x42, 0x08, 0x42, 0x08,
  0x83, 0x08, 0x42, 0x08, 0x42, 0x08, 0x42, 0x08, 0x42, 0x08, 0x42, 0x08, 0x42, 0x08, 0x42, 0x08, 0x42, 0x08, 0x21, 0x20, 0x00, 0x20, 0x10, 0x7c, 0xa7, 0x51, 0xe7, 0x51, 0xaf, 0x73, 0x00, 0x20,
  0x00, 0x28, 0x21, 0x30, 0x41, 0x38, 0x61, 0x40, 0x22, 0x59, 0x46, 0x7a, 0x49, 0x93, 0x81, 0x40, 0xab, 0x72, 0x43, 0x59, 0x6f, 0xd5, 0xd1, 0xdd, 0x32, 0xee, 0x94, 0xf6, 0xd6, 0xf6, 0xf6, 0xfe,
  0x58, 0xff, 0x99, 0xff, 0x79, 0xff, 0x59, 0xff, 0x38, 0xff, 0x58, 0xff, 0xf7, 0xf6, 0x00, 0x28, 0x68, 0x72, 0xb9, 0xff, 0xd6, 0xf6, 0xd7, 0xf6, 0x17, 0xff, 0x17, 0xff, 0x38, 0xff, 0xf7, 0xfe,
  0x38, 0xff, 0x38, 0xff, 0x17, 0xff, 0x38, 0xff, 0xf7, 0xf6, 0xf7, 0xfe, 0xf7, 0xf6, 0xd7, 0xf6, 0xf7, 0xfe, 0xf7, 0xfe, 0x17, 0xff, 0xd6, 0xf6, 0x17, 0xff, 0xb6, 0xf6, 0xf7, 0xfe, 0xd6, 0xf6,
  0xb6, 0xf6, 0x95, 0xf6, 0x74, 0xee, 0x54, 0xee, 0x33, 0xe6, 0x33, 0xe6, 0x54, 0xee, 0xb1, 0xdd, 0x00, 0x28, 0xab, 0xa3, 0x93, 0xf6, 0xf2, 0xe5, 0x33, 0xe6, 0x53, 0xee, 0x53, 0xee, 0x53, 0xee,
  0x73, 0xee, 0x73, 0xee, 0x53, 0xee, 0x12, 0xee, 0xd1, 0xe5, 0xb0, 0xdd, 0x4f, 0xd5, 0x8c, 0xbc, 0xca, 0xa3, 0x08, 0x93, 0x25, 0x72, 0x23, 0x59, 0xa1, 0x40, 0x20, 0x30, 0x00, 0x20, 0x00, 0x28,
  0x00, 0x18, 0x08, 0x62, 0xbe, 0xff, 0xa6, 0x59, 0xdb, 0xd6, 0x8a, 0x6a, 0x00, 0x20, 0x45, 0x39, 0x42, 0x08, 0x42, 0x08, 0x42, 0x08, 0x42, 0x08, 0x42, 0x08, 0x42, 0x08, 0x26, 0x19, 0x42, 0x08,
  0x42, 0x08, 0x42, 0x08, 0x42, 0x08, 0x42, 0x08, 0x42, 0x08, 0x42, 0x08, 0x42, 0x08, 0x42, 0x08, 0x42, 0x08, 0x42, 0x08, 0x42, 0x08, 0x42, 0x08, 0x26, 0x19, 0x42, 0x08, 0x42, 0x08, 0x42, 0x08,
  0x83, 0x08, 0x42, 0x08, 0x42, 0x08, 0x42, 0x08, 0x42, 0x08, 0x42, 0x08, 0x42, 0x08, 0x42, 0x08, 0x42, 0x08, 0x42, 0x08, 0x27, 0x19, 0x42, 0x08, 0x42, 0x08, 0x42, 0x08, 0x42, 0x08, 0x42, 0x08,
  0x42, 0x08, 0x42, 0x08, 0x42, 0x08, 0x42, 0x08, 0x42, 0x08, 0x42, 0x08, 0x42, 0x08, 0x42, 0x08, 0x27, 0x19, 0x42, 0x08, 0x42, 0x08, 0x42, 0x08, 0x42, 0x08, 0x42, 0x08, 0x42, 0x08, 0x42, 0x08,
  0x83, 0x08, 0x42, 0x08, 0x42, 0x08, 0x42, 0x08, 0x42, 0x08, 0x42, 0x08, 0x27, 0x19, 0x42, 0x08, 0x42, 0x08, 0x42, 0x08, 0x42, 0x08, 0x42, 0x08, 0x42, 0x08, 0x42, 0x08, 0x42, 0x08, 0x42, 0x08,
  0x42, 0x08, 0x42, 0x08, 0x42, 0x08, 0x42, 0x08, 0x42, 0x08, 0x42, 0x08, 0x42, 0x08, 0x42, 0x08, 0x42, 0x08, 0x42, 0x08, 0x42, 0x08, 0x42, 0x08, 0x42, 0x08, 0x27, 0x19, 0x42, 0x08, 0x42, 0x08,
  0x83, 0x08, 0x42, 0x08, 0x26, 0x19, 0x42, 0x08, 0x42, 0x08, 0x42, 0x08, 0x42, 0x08, 0x42, 0x08, 0x42, 0x08, 0x42, 0x08, 0x42, 0x08, 0x42, 0x08, 0x42, 0x08, 0x42, 0x08, 0x42, 0x08, 0x42, 0x08,
  0x42, 0x08, 0x42, 0x08, 0x42, 0x08, 0x42, 0x08, 0x42, 0x08, 0x42, 0x08, 0x26, 0x19, 0x42, 0x08, 0x42, 0x08, 0x42, 0x08, 0x42, 0x08, 0x42, 0x08, 0x42, 0x08, 0x42, 0x08, 0x26, 0x19, 0x42, 0x08,
  0x83, 0x08, 0x42, 0x08, 0x42, 0x08, 0x42, 0x08, 0x42, 0x08, 0x42, 0x08, 0x42, 0x08, 0x42, 0x08, 0x42, 0x08, 0x42, 0x08, 0x42, 0x08, 0x42, 0x08, 0x06, 0x19, 0x42, 0x08, 0x42, 0x08, 0x42, 0x08,
  0x42, 0x08, 0x42, 0x08, 0x42, 0x08, 0x42, 0x08, 0x42, 0x08, 0x42, 0x08, 0x42, 0x08, 0x42, 0x08, 0x42, 0x08, 0x42, 0x08, 0x05, 0x19, 0x42, 0x08, 0x42, 0x08, 0x42, 0x08, 0x42, 0x08, 0x42, 0x08,
  0x83, 0x08, 0x42, 0x08, 0x42, 0x08, 0x42, 0x08, 0x42, 0x08, 0x42, 0x08, 0x42, 0x08, 0x42, 0x08, 0x05, 0x19, 0x42, 0x08, 0x42, 0x08, 0x42, 0x08, 0x42, 0x08, 0x42, 0x08, 0x42, 0x08, 0x42, 0x08,
  0x42, 0x08, 0x42, 0x08, 0x42, 0x08, 0x42, 0x08, 0x42, 0x08, 0x42, 0x08, 0x05, 0x11, 0x42, 0x08, 0x42, 0x08, 0x42, 0x08, 0x42, 0x08, 0x42, 0x08, 0x42, 0x08, 0x42, 0x08, 0x42, 0x08, 0x42, 0x08,
  0x83, 0x08, 0x42, 0x08, 0x42, 0x08, 0x42, 0x08, 0xe5, 0x10, 0x42, 0x08, 0x42, 0x08, 0x42, 0x08, 0x42, 0x08, 0x42, 0x08, 0x42, 0x08, 0x42, 0x08, 0x42, 0x08, 0x42, 0x08, 0x42, 0x08, 0x42, 0x08,
  0x42, 0x08, 0x42, 0x08, 0xe5, 0x10, 0x42, 0x08, 0x42, 0x08, 0x42, 0x08, 0x42, 0x08, 0x42, 0x08, 0x42, 0x08, 0x42, 0x08, 0x42, 0x08, 0x42, 0x08, 0x42, 0x08, 0x42, 0x08, 0x42, 0x08, 0x42, 0x08,
  0x83, 0x08, 0x42, 0x08, 0x42, 0x08, 0x42, 0x08, 0x42, 0x08, 0x42, 0x08, 0x42, 0x08, 0x42, 0x08, 0x42, 0x08, 0x62, 0x20, 0x00, 0x20, 0xcb, 0x62, 0x8e, 0x73, 0x41, 0x30, 0xf3, 0x84, 0x62, 0x38,
  0x00, 0x28, 0x29, 0x52, 0xd4, 0x8c, 0x11, 0x7c, 0x0d, 0x6b, 0xe8, 0x51, 0x25, 0x41, 0xcf, 0x8b, 0xff, 0xf7, 0x08, 0x62, 0x61, 0x38, 0xa2, 0x40, 0x23, 0x51, 0xa4, 0x61, 0x67, 0x72, 0xc8, 0x82,
  0x6a, 0x93, 0x8f, 0xb4, 0x51, 0xc5, 0xd3, 0xd5, 0x55, 0xe6, 0x17, 0xef, 0x26, 0x6a, 0x6a, 0x6a, 0x24, 0x49, 0x10, 0xc5, 0xfa, 0xff, 0x99, 0xff, 0xb9, 0xff, 0xb9, 0xff, 0xb9, 0xff, 0x78, 0xff,
  0x79, 0xff, 0x99, 0xff, 0x99, 0xff, 0x79, 0xff, 0x79, 0xff, 0x79, 0xff, 0x79, 0xff, 0x79, 0xff, 0x79, 0xff, 0x78, 0xff, 0x58, 0xff, 0x58, 0xff, 0x37, 0xff, 0x58, 0xff, 0x37, 0xff, 0x17, 0xff,
  0xf6, 0xfe, 0xf6, 0xfe, 0xb5, 0xf6, 0xb5, 0xf6, 0xb5, 0xf6, 0x94, 0xf6, 0xd5, 0xfe, 0x26, 0x72, 0x66, 0x49, 0xc3, 0x48, 0x0f, 0xcd, 0xf2, 0xe5, 0x90, 0xd5, 0x4f, 0xcd, 0xce, 0xbc, 0x4c, 0xb4,
  0xcb, 0xa3, 0x29, 0x93, 0x66, 0x7a, 0xa4, 0x69, 0x22, 0x59, 0xc2, 0x48, 0x81, 0x40, 0x61, 0x38, 0xa2, 0x30, 0x04, 0x39, 0xc7, 0x49, 0x4a, 0x52, 0x6a, 0x52, 0x04, 0x31, 0xa3, 0x38, 0x21, 0x30,
  0x00, 0x20, 0x75, 0xbd, 0x5d, 0xef, 0x08, 0x5a, 0x5d, 0xdf, 0xa2, 0x38, 0x00, 0x28, 0x66, 0x39, 0x42, 0x08, 0x42, 0x08, 0x42, 0x08, 0x42, 0x08, 0x42, 0x08, 0x42, 0x08, 0x26, 0x19, 0x42, 0x08,
  0x42, 0x08, 0x42, 0x08, 0x42, 0x08, 0x42, 0x08, 0x42, 0x08, 0x42, 0x08, 0x42, 0x08, 0x42, 0x08, 0x42, 0x08, 0x42, 0x08, 0x42, 0x08, 0x42, 0x08, 0x26, 0x19, 0x42, 0x08, 0x42, 0x08, 0x42, 0x08,
  0x83, 0x08, 0x42, 0x08, 0x42, 0x08, 0x42, 0x08, 0x42, 0x08, 0x42, 0x08, 0x42, 0x08, 0x42, 0x08, 0x42, 0x08, 0x42, 0x08, 0x27, 0x19, 0x42, 0x08, 0x42, 0x08, 0x42, 0x08, 0x42, 0x08, 0x42, 0x08,
  0x42, 0x08, 0x42, 0x08, 0x42, 0x08, 0x42, 0x08, 0x42, 0x08, 0x42, 0x08, 0x42, 0x08, 0x42, 0x08, 0x27, 0x19, 0x42, 0x08, 0x42, 0x08, 0x42, 0x08, 0x42, 0x08, 0x42, 0x08, 0x42, 0x08, 0x42, 0x08,
  0x83, 0x08, 0x42, 0x08, 0x42, 0x08, 0x42, 0x08, 0x42, 0x08, 0x42, 0x08, 0x27, 0x19, 0x42, 0x08, 0x42, 0x08, 0x42, 0x08, 0x42, 0x08, 0x42, 0x08, 0x42, 0x08, 0x42, 0x08, 0x42, 0x08, 0x42, 0x08,
  0x42, 0x08, 0x42, 0x08, 0x42, 0x08, 0x42, 0x08, 0x42, 0x08, 0x42, 0x08, 0x42, 0x08, 0x42, 0x08, 0x42, 0x08, 0x42, 0x08, 0x42, 0x08, 0x42, 0x08, 0x27, 0x19, 0x42, 0x08, 0x42, 0x08, 0x42, 0x08,
  0x83, 0x08, 0x42, 0x08, 0x26, 0x19, 0x42, 0x08, 0x42, 0x08, 0x42, 0x08, 0x42, 0x08, 0x42, 0x08, 0x42, 0x08, 0x42, 0x08, 0x42, 0x08, 0x42, 0x08, 0x42, 0x08, 0x42, 0x08, 0x42, 0x08, 0x42, 0x08,
  0x42, 0x08, 0x42, 0x08, 0x42, 0x08, 0x42, 0x08, 0x42, 0x08, 0x26, 0x19, 0x42, 0x08, 0x42, 0x08, 0x42, 0x08, 0x42, 0x08, 0x42, 0x08, 0x42, 0x08, 0x42, 0x08, 0x42, 0x08, 0x26, 0x19, 0x42, 0x08,
  0x83, 0x08, 0x42, 0x08, 0x42, 0x08, 0x42, 0x08, 0x42, 0x08, 0x42, 0x08, 0x42, 0x08, 0x42, 0x08, 0x42, 0x08, 0x42, 0x08, 0x42, 0x08, 0x42, 0x08, 0x06, 0x19, 0x42, 0x08, 0x42, 0x08, 0x42, 0x08,
  0x42, 0x08, 0x42, 0x08, 0x42, 0x08, 0x42, 0x08, 0x42, 0x08, 0x42, 0x08, 0x42, 0x08, 0x42, 0x08, 0x42, 0x08, 0x42, 0x08, 0x05, 0x19, 0x42, 0x08, 0x42, 0x08, 0x42, 0x08, 0x42, 0x08, 0x42, 0x08,
  0x83, 0x08, 0x42, 0x08, 0x42, 0x08, 0x42, 0x08, 0x42, 0x08, 0x42, 0x08, 0x42, 0x08, 0x42, 0x08, 0x05, 0x19, 0x42, 0x08, 0x42, 0x08, 0x42, 0x08, 0x42, 0x08, 0x42, 0x08, 0x42, 0x08, 0x42, 0x08,
  0x42, 0x08, 0x42, 0x08, 0x42, 0x08, 0x42, 0x08, 0x42, 0x08, 0x42, 0x08, 0x05, 0x11, 0x42, 0x08, 0x42, 0x08, 0x42, 0x08, 0x42, 0x08, 0x42, 0x08, 0x42, 0x08, 0x42, 0x08, 0x42, 0x08, 0x42, 0x08,
  0x83, 0x08, 0x42, 0x08, 0x42, 0x08, 0x42, 0x08, 0xe5, 0x10, 0x42, 0x08, 0x42, 0x08, 0x42, 0x08, 0x42, 0x08, 0x42, 0x08, 0x42, 0x08, 0x42, 0x08, 0x42, 0x08, 0x42, 0x08, 0x42, 0x08, 0x42, 0x08,
  0x42, 0x08, 0x42, 0x08, 0xe5, 0x10, 0x42, 0x08, 0x42, 0x08, 0x42, 0x08, 0x42, 0x08, 0x42, 0x08, 0x42, 0x08, 0x42, 0x08, 0x42, 0x08, 0x42, 0x08, 0x42, 0x08, 0x42, 0x08, 0x42, 0x08, 0x42, 0x08,
  0x83, 0x08, 0x42, 0x08, 0x42, 0x08, 0x42, 0x08, 0x42, 0x08, 0x42, 0x08, 0x42, 0x08, 0x42, 0x08, 0x42, 0x08, 0x62, 0x18, 0x00, 0x28, 0x24, 0x41, 0xf3, 0x94, 0x00, 0x28, 0x30, 0x7c, 0x69, 0x5a,
  0x00, 0x20, 0xe4, 0x38, 0xb3, 0x84, 0x39, 0xae, 0x79, 0xae, 0x59, 0xae, 0xba, 0xbe, 0xdf, 0xe7, 0x7d, 0xe7, 0xff, 0xff, 0xdb, 0xde, 0xb6, 0xc5, 0x93, 0xa4, 0xcf, 0x93, 0xec, 0x7a, 0x69, 0x6a,
  0xc7, 0x59, 0x45, 0x49, 0xe4, 0x48, 0xc3, 0x40, 0xa2, 0x40, 0xa2, 0x38, 0x24, 0x49, 0xbe, 0xe7, 0xf3, 0xa4, 0x20, 0x30, 0x67, 0x72, 0x67, 0x7a, 0xc9, 0x82, 0x2a, 0x8b, 0x88, 0x7a, 0x64, 0x59,
  0xe6, 0x69, 0x6b, 0x93, 0x6e, 0xac, 0xaf, 0xb4, 0xf0, 0xbc, 0xf0, 0xbc, 0xf0, 0xbc, 0xf0, 0xbc, 0xd0, 0xbc, 0xaf, 0xb4, 0x8e, 0xb4, 0x6e, 0xb4, 0x4d, 0xac, 0x0c, 0xac, 0xab, 0xa3, 0x6a, 0x93,
  0x09, 0x8b, 0xc8, 0x82, 0x87, 0x7a, 0x46, 0x7a, 0x26, 0x72, 0xe5, 0x69, 0x23, 0x51, 0x82, 0x38, 0x5d, 0xe7, 0xcf, 0x8b, 0x00, 0x28, 0xa2, 0x40, 0x61, 0x40, 0x61, 0x38, 0x82, 0x38, 0xa3, 0x38,
  0x04, 0x41, 0x66, 0x49, 0xe8, 0x51, 0x8b, 0x62, 0x4d, 0x6b, 0xf0, 0x7b, 0xd3, 0x8c, 0x72, 0x84, 0x14, 0x8d, 0x15, 0x8d, 0x35, 0x8d, 0x35, 0x8d, 0xcb, 0x52, 0x66, 0x39, 0xe3, 0x40, 0x00, 0x28,
  0x82, 0x38, 0xbe, 0xff, 0xd3, 0xac, 0x10, 0x8c, 0x39, 0xc6, 0x00, 0x20, 0x82, 0x38, 0x66, 0x31, 0x42, 0x08, 0x42, 0x08, 0x42, 0x08, 0x42, 0x08, 0x42, 0x08, 0x42, 0x08, 0x26, 0x19, 0x42, 0x08,
  0x42, 0x08, 0x42, 0x08, 0x42, 0x08, 0x42, 0x08, 0x42, 0x08, 0x42, 0x08, 0x42, 0x08, 0x42, 0x08, 0x42, 0x08, 0x42, 0x08, 0x42, 0x08, 0x42, 0x08, 0x26, 0x19, 0x42, 0x08, 0x42, 0x08, 0x42, 0x08,
  0x83, 0x08, 0x42, 0x08, 0x42, 0x08, 0x42, 0x08, 0x42, 0x08, 0x42, 0x08, 0x42, 0x08, 0x42, 0x08, 0x42, 0x08, 0x42, 0x08, 0x27, 0x19, 0x42, 0x08, 0x42, 0x08, 0x42, 0x08, 0x42, 0x08, 0x42, 0x08,
  0x42, 0x08, 0x42, 0x08, 0x42, 0x08, 0x42, 0x08, 0x42, 0x08, 0x42, 0x08, 0x42, 0x08, 0x42, 0x08, 0x27, 0x19, 0x42, 0x08, 0x42, 0x08, 0x42, 0x08, 0x42, 0x08, 0x42, 0x08, 0x42, 0x08, 0x42, 0x08,
  0x83, 0x08, 0x42, 0x08, 0x42, 0x08, 0x42, 0x08, 0x42, 0x08, 0x42, 0x08, 0x27, 0x19, 0x42, 0x08, 0x42, 0x08, 0x42, 0x08, 0x42, 0x08, 0x42, 0x08, 0x42, 0x08, 0x42, 0x08, 0x42, 0x08, 0x42, 0x08,
  0x42, 0x08, 0x42, 0x08, 0x42, 0x08, 0x42, 0x08, 0x42, 0x08, 0x42, 0x08, 0x42, 0x08, 0x42, 0x08, 0x42, 0x08, 0x42, 0x08, 0x42, 0x08, 0x27, 0x19, 0x42, 0x08, 0x42, 0x08, 0x42, 0x08, 0x42, 0x08,
  0x83, 0x08, 0x42, 0x08, 0x26, 0x19, 0x42, 0x08, 0x42, 0x08, 0x42, 0x08, 0x42, 0x08, 0x42, 0x08, 0x42, 0x08, 0x42, 0x08, 0x42, 0x08, 0x42, 0x08, 0x42, 0x08, 0x42, 0x08, 0x42, 0x08, 0x42, 0x08,
  0x42, 0x08, 0x42, 0x08, 0x42, 0x08, 0x42, 0x08, 0x26, 0x19, 0x42, 0x08, 0x42, 0x08, 0x42, 0x08, 0x42, 0x08, 0x42, 0x08, 0x42, 0x08, 0x42, 0x08, 0x42, 0x08, 0x42, 0x08, 0x26, 0x19, 0x42, 0x08,
  0x83, 0x08, 0x42, 0x08, 0x42, 0x08, 0x42, 0x08, 0x42, 0x08, 0x42, 0x08, 0x42, 0x08, 0x42, 0x08, 0x42, 0x08, 0x42, 0x08, 0x42, 0x08, 0x42, 0x08, 0x06, 0x19, 0x42, 0x08, 0x42, 0x08, 0x42, 0x08,
  0x42, 0x08, 0x42, 0x08, 0x42, 0x08, 0x42, 0x08, 0x42, 0x08, 0x42, 0x08, 0x42, 0x08, 0x42, 0x08, 0x42, 0x08, 0x42, 0x08, 0x05, 0x19, 0x42, 0x08, 0x42, 0x08, 0x42, 0x08, 0x42, 0x08, 0x42, 0x08,
  0x83, 0x08, 0x42, 0x08, 0x42, 0x08, 0x42, 0x08, 0x42, 0x08, 0x42, 0x08, 0x42, 0x08, 0x42, 0x08, 0x05, 0x19, 0x42, 0x08, 0x42, 0x08, 0x42, 0x08, 0x42, 0x08, 0x42, 0x08, 0x42, 0x08, 0x42, 0x08,
  0x42, 0x08, 0x42, 0x08, 0x42, 0x08, 0x42, 0x08, 0x42, 0x08, 0x42, 0x08, 0x05, 0x11, 0x42, 0x08, 0x42, 0x08, 0x42, 0x08, 0x42, 0x08, 0x42, 0x08, 0x42, 0x08, 0x42, 0x08, 0x42, 0x08, 0x42, 0x08,
  0x83, 0x08, 0x42, 0x08, 0x42, 0x08, 0x42, 0x08, 0xe5, 0x10, 0x42, 0x08, 0x42, 0x08, 0x42, 0x08, 0x42, 0x08, 0x42, 0x08, 0x42, 0x08, 0x42, 0x08, 0x42, 0x08, 0x42, 0x08, 0x42, 0x08, 0x42, 0x08,
  0x42, 0x08, 0x42, 0x08, 0xe5, 0x10, 0x42, 0x08, 0x42, 0x08, 0x42, 0x08, 0x42, 0x08, 0x42, 0x08, 0x42, 0x08, 0x42, 0x08, 0x42, 0x08, 0x42, 0x08, 0x42, 0x08, 0x42, 0x08, 0x42, 0x08, 0x42, 0x08,
  0x83, 0x08, 0x42, 0x08, 0x42, 0x08, 0x42, 0x08, 0x42, 0x08, 0x42, 0x08, 0x42, 0x08, 0x42, 0x08, 0x42, 0x08, 0x62, 0x10, 0x00, 0x28, 0x00, 0x28, 0x14, 0x9d, 0x04, 0x49, 0xa7, 0x49, 0xb2, 0x84,
  0x00, 0x28, 0x62, 0x30, 0x8f, 0x6b, 0x76, 0x95, 0xd7, 0xa5, 0xd7, 0xa5, 0xf7, 0xa5, 0x1c, 0xd7, 0x7d, 0xdf, 0xbe, 0xef, 0xff, 0xff, 0xff, 0xff, 0xff, 0xff, 0xff, 0xff, 0xff, 0xff, 0xff, 0xff,
  0xff, 0xff, 0xff, 0xff, 0xff, 0xff, 0x3d, 0xdf, 0xdb, 0xce, 0x9a, 0xce, 0x7e, 0xdf, 0xbe, 0xe7, 0xdf, 0xe7, 0x96, 0xad, 0x8f, 0x83, 0x0c, 0x73, 0xcb, 0x72, 0xab, 0x6a, 0x0c, 0x73, 0xb3, 0x9c,
  0xb3, 0xa4, 0x49, 0x62, 0x86, 0x51, 0x65, 0x51, 0x45, 0x49, 0x45, 0x49, 0x45, 0x49, 0x45, 0x49, 0x45, 0x49, 0x25, 0x51, 0x45, 0x51, 0x45, 0x51, 0x66, 0x51, 0x86, 0x51, 0xa7, 0x51, 0x08, 0x5a,
  0x49, 0x62, 0x8a, 0x6a, 0xcb, 0x72, 0x4d, 0x7b, 0x8e, 0x7b, 0x8e, 0x83, 0x30, 0x8c, 0xba, 0xce, 0xdf, 0xe7, 0x9e, 0xe7, 0xd7, 0xb5, 0x96, 0xad, 0xb7, 0xad, 0xf7, 0xad, 0xf8, 0xad, 0x18, 0xae,
  0x39, 0xae, 0x59, 0xae, 0x7a, 0xb6, 0x7a, 0xb6, 0x79, 0xae, 0x59, 0xae, 0xd7, 0xa5, 0xf4, 0x8c, 0xd3, 0x84, 0xb3, 0x84, 0x72, 0x7c, 0x31, 0x74, 0xc7, 0x41, 0x85, 0x41, 0xa2, 0x38, 0x00, 0x20,
  0x2d, 0x83, 0xff, 0xff, 0x2d, 0x83, 0xdb, 0xce, 0xcf, 0x8b, 0x00, 0x18, 0x45, 0x49, 0x04, 0x19, 0x42, 0x08, 0x42, 0x08, 0x42, 0x08, 0x42, 0x08, 0x42, 0x08, 0x42, 0x08, 0x26, 0x19, 0x42, 0x08,
  0x42, 0x08, 0x42, 0x08, 0x42, 0x08, 0x42, 0x08, 0x42, 0x08, 0x42, 0x08, 0x42, 0x08, 0x42, 0x08, 0x42, 0x08, 0x42, 0x08, 0x42, 0x08, 0x42, 0x08, 0x26, 0x19, 0x42, 0x08, 0x42, 0x08, 0x42, 0x08,
  0x83, 0x08, 0x42, 0x08, 0x42, 0x08, 0x42, 0x08, 0x42, 0x08, 0x42, 0x08, 0x42, 0x08, 0x42, 0x08, 0x42, 0x08, 0x42, 0x08, 0x27, 0x19, 0x42, 0x08, 0x42, 0x08, 0x42, 0x08, 0x42, 0x08, 0x42, 0x08,
  0x42, 0x08, 0x42, 0x08, 0x42, 0x08, 0x42, 0x08, 0x42, 0x08, 0x42, 0x08, 0x42, 0x08, 0x42, 0x08, 0x27, 0x19, 0x42, 0x08, 0x42, 0x08, 0x42, 0x08, 0x42, 0x08, 0x42, 0x08, 0x42, 0x08, 0x42, 0x08,
  0x83, 0x08, 0x42, 0x08, 0x42, 0x08, 0x42, 0x08, 0x42, 0x08, 0x42, 0x08, 0x27, 0x19, 0x42, 0x08, 0x42, 0x08, 0x42, 0x08, 0x42, 0x08, 0x42, 0x08, 0x42, 0x08, 0x42, 0x08, 0x42, 0x08, 0x42, 0x08,
  0x42, 0x08, 0x42, 0x08, 0x42, 0x08, 0x42, 0x08, 0x42, 0x08, 0x42, 0x08, 0x42, 0x08, 0x42, 0x08, 0x42, 0x08, 0x42, 0x08, 0x27, 0x19, 0x42, 0x08, 0x42, 0x08, 0x42, 0x08, 0x42, 0x08, 0x42, 0x08,
  0x83, 0x08, 0x42, 0x08, 0x26, 0x19, 0x42, 0x08, 0x42, 0x08, 0x42, 0x08, 0x42, 0x08, 0x42, 0x08, 0x42, 0x08, 0x42, 0x08, 0x42, 0x08, 0x42, 0x08, 0x42, 0x08, 0x42, 0x08, 0x42, 0x08, 0x42, 0x08,
  0x42, 0x08, 0x42, 0x08, 0x42, 0x08, 0x26, 0x19, 0x42, 0x08, 0x42, 0x08, 0x42, 0x08, 0x42, 0x08, 0x42, 0x08, 0x42, 0x08, 0x42, 0x08, 0x42, 0x08, 0x42, 0x08, 0x42, 0x08, 0x26, 0x19, 0x42, 0x08,
  0x83, 0x08, 0x42, 0x08, 0x42, 0x08, 0x42, 0x08, 0x42, 0x08, 0x42, 0x08, 0x42, 0x08, 0x42, 0x08, 0x42, 0x08, 0x42, 0x08, 0x42, 0x08, 0x42, 0x08, 0x06, 0x19, 0x42, 0x08, 0x42, 0x08, 0x42, 0x08,
  0x42, 0x08, 0x42, 0x08, 0x42, 0x08, 0x42, 0x08, 0x42, 0x08, 0x42, 0x08, 0x42, 0x08, 0x42, 0x08, 0x42, 0x08, 0x42, 0x08, 0x05, 0x19, 0x42, 0x08, 0x42, 0x08, 0x42, 0x08, 0x42, 0x08, 0x42, 0x08,
  0x83, 0x08, 0x42, 0x08, 0x42, 0x08, 0x42, 0x08, 0x42, 0x08, 0x42, 0x08, 0x42, 0x08, 0x42, 0x08, 0x05, 0x19, 0x42, 0x08, 0x42, 0x08, 0x42, 0x08, 0x42, 0x08, 0x42, 0x08, 0x42, 0x08, 0x42, 0x08,
  0x42, 0x08, 0x42, 0x08, 0x42, 0x08, 0x42, 0x08, 0x42, 0x08, 0x42, 0x08, 0x05, 0x11, 0x42, 0x08, 0x42, 0x08, 0x42, 0x08, 0x42, 0x08, 0x42, 0x08, 0x42, 0x08, 0x42, 0x08, 0x42, 0x08, 0x42, 0x08,
  0x83, 0x08, 0x42, 0x08, 0x42, 0x08, 0x42, 0x08, 0xe5, 0x10, 0x42, 0x08, 0x42, 0x08, 0x42, 0x08, 0x42, 0x08, 0x42, 0x08, 0x42, 0x08, 0x42, 0x08, 0x42, 0x08, 0x42, 0x08, 0x42, 0x08, 0x42, 0x08,
  0x42, 0x08, 0x42, 0x08, 0xe5, 0x10, 0x42, 0x08, 0x42, 0x08, 0x42, 0x08, 0x42, 0x08, 0x42, 0x08, 0x42, 0x08, 0x42, 0x08, 0x42, 0x08, 0x42, 0x08, 0x42, 0x08, 0x42, 0x08, 0x42, 0x08, 0x42, 0x08,
  0x83, 0x08, 0x42, 0x08, 0x42, 0x08, 0x42, 0x08, 0x42, 0x08, 0x42, 0x08, 0x42, 0x08, 0x42, 0x08, 0x42, 0x08, 0x42, 0x08, 0x41, 0x28, 0x00, 0x20, 0xce, 0x7b, 0xae, 0x83, 0x00, 0x20, 0x34, 0x8d,
  0xa7, 0x51, 0x21, 0x30, 0xec, 0x62, 0x93, 0x84, 0xb7, 0x9d, 0xf8, 0xa5, 0xd7, 0xa5, 0xba, 0xc6, 0x7e, 0xdf, 0x7d, 0xe7, 0xff, 0xff, 0xdf, 0xff, 0xdf, 0xff, 0xdf, 0xff, 0xdf, 0xff, 0xdf, 0xff,
  0xff, 0xff, 0xff, 0xff, 0xff, 0xff, 0xdf, 0xef, 0xbf, 0xdf, 0xdf, 0xe7, 0x9e, 0xdf, 0x7d, 0xdf, 0x7e, 0xdf, 0xff, 0xe7, 0xff, 0xef, 0xff, 0xef, 0xff, 0xef, 0xff, 0xef, 0xff, 0xef, 0xff, 0xef,
  0xff, 0xef, 0xff, 0xef, 0xff, 0xef, 0xff, 0xef, 0xdf, 0xe7, 0xdf, 0xe7, 0xdf, 0xe7, 0xdf, 0xe7, 0xdf, 0xe7, 0xdf, 0xe7, 0xdf, 0xe7, 0xdf, 0xe7, 0xdf, 0xe7, 0xff, 0xef, 0xff, 0xef, 0xff, 0xef,
  0xff, 0xef, 0xff, 0xef, 0xff, 0xef, 0xff, 0xef, 0xff, 0xef, 0xff, 0xef, 0xff, 0xe7, 0x9e, 0xdf, 0x5d, 0xd7, 0x3d, 0xd7, 0x7e, 0xd7, 0x7e, 0xd7, 0x3d, 0xcf, 0xfc, 0xc6, 0x9a, 0xbe, 0x38, 0xae,
  0xf8, 0xa5, 0xf7, 0xa5, 0xd7, 0xa5, 0xd7, 0xa5, 0xd7, 0xa5, 0xf7, 0xa5, 0xf4, 0x8c, 0xf4, 0x8c, 0x93, 0x84, 0xb3, 0x84, 0xd4, 0x7c, 0x4e, 0x63, 0xe7, 0x41, 0x86, 0x39, 0xa2, 0x30, 0x21, 0x30,
  0x1c, 0xe7, 0x1c, 0xef, 0x51, 0x94, 0xbe, 0xdf, 0x24, 0x49, 0x00, 0x20, 0xa7, 0x41, 0x42, 0x08, 0x42, 0x08, 0x42, 0x08, 0x42, 0x08, 0x42, 0x08, 0x42, 0x08, 0x42, 0x08, 0x26, 0x19, 0x42, 0x08,
  0x42, 0x08, 0x42, 0x08, 0x42, 0x08, 0x42, 0x08, 0x42, 0x08, 0x42, 0x08, 0x42, 0x08, 0x42, 0x08, 0x42, 0x08, 0x42, 0x08, 0x42, 0x08, 0x42, 0x08, 0x26, 0x19, 0x42, 0x08, 0x42, 0x08, 0x42, 0x08,
  0x83, 0x08, 0x42, 0x08, 0x42, 0x08, 0x42, 0x08, 0x42, 0x08, 0x42, 0x08, 0x42, 0x08, 0x42, 0x08, 0x42, 0x08, 0x42, 0x08, 0x27, 0x19, 0x42, 0x08, 0x42, 0x08, 0x42, 0x08, 0x42, 0x08, 0x42, 0x08,
  0x42, 0x08, 0x42, 0x08, 0x42, 0x08, 0x42, 0x08, 0x42, 0x08, 0x42, 0x08, 0x42, 0x08, 0x42, 0x08, 0x27, 0x19, 0x42, 0x08, 0x42, 0x08, 0x42, 0x08, 0x42, 0x08, 0x42, 0x08, 0x42, 0x08, 0x42, 0x08,
  0x83, 0x08, 0x42, 0x08, 0x42, 0x08, 0x42, 0x08, 0x42, 0x08, 0x42, 0x08, 0x27, 0x19, 0x42, 0x08, 0x42, 0x08, 0x42, 0x08, 0x42, 0x08, 0x42, 0x08, 0x42, 0x08, 0x42, 0x08, 0x42, 0x08, 0x42, 0x08,
  0x42, 0x08, 0x42, 0x08, 0x42, 0x08, 0x42, 0x08, 0x42, 0x08, 0x42, 0x08, 0x42, 0x08, 0x42, 0x08, 0x42, 0x08, 0x27, 0x19, 0x42, 0x08, 0x42, 0x08, 0x42, 0x08, 0x42, 0x08, 0x42, 0x08, 0x42, 0x08,
  0x83, 0x08, 0x42, 0x08, 0x26, 0x19, 0x42, 0x08, 0x42, 0x08, 0x42, 0x08, 0x42, 0x08, 0x42, 0x08, 0x42, 0x08, 0x42, 0x08, 0x42, 0x08, 0x42, 0x08, 0x42, 0x08, 0x42, 0x08, 0x42, 0x08, 0x42, 0x08,
  0x42, 0x08, 0x42, 0x08, 0x26, 0x19, 0x42, 0x08, 0x42, 0x08, 0x42, 0x08, 0x42, 0x08, 0x42, 0x08, 0x42, 0x08, 0x42, 0x08, 0x42, 0x08, 0x42, 0x08, 0x42, 0x08, 0x42, 0x08, 0x26, 0x19, 0x42, 0x08,
  0x83, 0x08, 0x42, 0x08, 0x42, 0x08, 0x42, 0x08, 0x42, 0x08, 0x42, 0x08, 0x42, 0x08, 0x42, 0x08, 0x42, 0x08, 0x42, 0x08, 0x42, 0x08, 0x42, 0x08, 0x06, 0x19, 0x42, 0x08, 0x42, 0x08, 0x42, 0x08,
  0x42, 0x08, 0x42, 0x08, 0x42, 0x08, 0x42, 0x08, 0x42, 0x08, 0x42, 0x08, 0x42, 0x08, 0x42, 0x08, 0x42, 0x08, 0x42, 0x08, 0x05, 0x19, 0x42, 0x08, 0x42, 0x08, 0x42, 0x08, 0x42, 0x08, 0x42, 0x08,
  0x83, 0x08, 0x42, 0x08, 0x42, 0x08, 0x42, 0x08, 0x42, 0x08, 0x42, 0x08, 0x42, 0x08, 0x42, 0x08, 0x05, 0x19, 0x42, 0x08, 0x42, 0x08, 0x42, 0x08, 0x42, 0x08, 0x42, 0x08, 0x42, 0x08, 0x42, 0x08,
  0x42, 0x08, 0x42, 0x08, 0x42, 0x08, 0x42, 0x08, 0x42, 0x08, 0x42, 0x08, 0x05, 0x11, 0x42, 0x08, 0x42, 0x08, 0x42, 0x08, 0x42, 0x08, 0x42, 0x08, 0x42, 0x08, 0x42, 0x08, 0x42, 0x08, 0x42, 0x08,
  0x83, 0x08, 0x42, 0x08, 0x42, 0x08, 0x42, 0x08, 0xe5, 0x10, 0x42, 0x08, 0x42, 0x08, 0x42, 0x08, 0x42, 0x08, 0x42, 0x08, 0x42, 0x08, 0x42, 0x08, 0x42, 0x08, 0x42, 0x08, 0x42, 0x08, 0x42, 0x08,
  0x42, 0x08, 0x42, 0x08, 0xe5, 0x10, 0x42, 0x08, 0x42, 0x08, 0x42, 0x08, 0x42, 0x08, 0x42, 0x08, 0x42, 0x08, 0x42, 0x08, 0x42, 0x08, 0x42, 0x08, 0x42, 0x08, 0x42, 0x08, 0x42, 0x08, 0x42, 0x08,
  0x83, 0x08, 0x42, 0x08, 0x42, 0x08, 0x42, 0x08, 0x42, 0x08, 0x42, 0x08, 0x42, 0x08, 0x42, 0x08, 0x42, 0x08, 0x42, 0x08, 0x62, 0x18, 0x00, 0x28, 0x24, 0x41, 0xb6, 0xad, 0x00, 0x28, 0x49, 0x5a,
  0xd3, 0x8c, 0x00, 0x30, 0x29, 0x52, 0xd0, 0x73, 0xf4, 0x8c, 0xd7, 0x9d, 0xf8, 0xa5, 0x38, 0xae, 0x7d, 0xdf, 0x7d, 0xdf, 0xdf, 0xf7, 0xff, 0xff, 0xff, 0xff, 0xff, 0xff, 0xff, 0xff, 0xff, 0xff,
  0xff, 0xff, 0xff, 0xff, 0xff, 0xff, 0xbe, 0xf7, 0x7d, 0xd7, 0x7d, 0xdf, 0x7d, 0xdf, 0x9e, 0xdf, 0x9e, 0xe7, 0x9e, 0xdf, 0x9e, 0xdf, 0x9e, 0xdf, 0xbe, 0xdf, 0xbe, 0xdf, 0xbf, 0xe7, 0xbe, 0xe7,
  0xbe, 0xdf, 0x9e, 0xdf, 0x9e, 0xdf, 0x9e, 0xdf, 0xbe, 0xdf, 0xbe, 0xe7, 0xbe, 0xe7, 0xbf, 0xe7, 0xbf, 0xe7, 0xdf, 0xe7, 0xdf, 0xe7, 0xdf, 0xef, 0xff, 0xef, 0xff, 0xe7, 0xff, 0xe7, 0xff, 0xe7,
  0xff, 0xe7, 0xdf, 0xe7, 0xdf, 0xe7, 0xbf, 0xdf, 0xbf, 0xdf, 0x9e, 0xdf, 0x5d, 0xd7, 0x3d, 0xcf, 0x3c, 0xcf, 0xfc, 0xc6, 0xbb, 0xc6, 0x9a, 0xbe, 0x7a, 0xb6, 0x59, 0xb6, 0x39, 0xae, 0xf8, 0xa5,
  0xf8, 0xa5, 0x18, 0xae, 0x18, 0xae, 0x18, 0xa6, 0x18, 0xa6, 0x55, 0x95, 0x55, 0x95, 0x92, 0x84, 0xf4, 0x8c, 0xb3, 0x7c, 0x72, 0x7c, 0xab, 0x5a, 0x29, 0x4a, 0xc7, 0x41, 0x00, 0x20, 0xcf, 0x8b,
  0xff, 0xff, 0xd7, 0xc5, 0xba, 0xc6, 0x75, 0xad, 0x00, 0x20, 0x61, 0x38, 0x86, 0x31, 0x42, 0x08, 0x42, 0x08, 0x42, 0x08, 0x42, 0x08, 0x42, 0x08, 0x42, 0x08, 0x42, 0x08, 0x26, 0x19, 0x42, 0x08,
  0x42, 0x08, 0x42, 0x08, 0x42, 0x08, 0x42, 0x08, 0x42, 0x08, 0x42, 0x08, 0x42, 0x08, 0x42, 0x08, 0x42, 0x08, 0x42, 0x08, 0x42, 0x08, 0x42, 0x08, 0x26, 0x19, 0x42, 0x08, 0x42, 0x08, 0x42, 0x08,
  0x83, 0x08, 0x42, 0x08, 0x42, 0x08, 0x42, 0x08, 0x42, 0x08, 0x42, 0x08, 0x42, 0x08, 0x42, 0x08, 0x42, 0x08, 0x42, 0x08, 0x27, 0x19, 0x42, 0x08, 0x42, 0x08, 0x42, 0x08, 0x42, 0x08, 0x42, 0x08,
  0x42, 0x08, 0x42, 0x08, 0x42, 0x08, 0x42, 0x08, 0x42, 0x08, 0x42, 0x08, 0x42, 0x08, 0x42, 0x08, 0x27, 0x19, 0x42, 0x08, 0x42, 0x08, 0x42, 0x08, 0x42, 0x08, 0x42, 0x08, 0x42, 0x08, 0x42, 0x08,
  0x83, 0x08, 0x42, 0x08, 0x42, 0x08, 0x42, 0x08, 0x42, 0x08, 0x42, 0x08, 0x27, 0x19, 0x42, 0x08, 0x42, 0x08, 0x42, 0x08, 0x42, 0x08, 0x42, 0x08, 0x42, 0x08, 0x42, 0x08, 0x42, 0x08, 0x42, 0x08,
  0x42, 0x08, 0x42, 0x08, 0x42, 0x08, 0x42, 0x08, 0x42, 0x08, 0x42, 0x08, 0x42, 0x08, 0x42, 0x08, 0x27, 0x19, 0x42, 0x08, 0x42, 0x08, 0x42, 0x08, 0x42, 0x08, 0x42, 0x08, 0x42, 0x08, 0x42, 0x08,
  0x83, 0x08, 0x42, 0x08, 0x26, 0x19, 0x42, 0x08, 0x42, 0x08, 0x42, 0x08, 0x42, 0x08, 0x42, 0x08, 0x42, 0x08, 0x42, 0x08, 0x42, 0x08, 0x42, 0x08, 0x42, 0x08, 0x42, 0x08, 0x42, 0x08, 0x42, 0x08,
  0x42, 0x08, 0x26, 0x19, 0x42, 0x08, 0x42, 0x08, 0x42, 0x08, 0x42, 0x08, 0x42, 0x08, 0x42, 0x08, 0x42, 0x08, 0x42, 0x08, 0x42, 0x08, 0x42, 0x08, 0x42, 0x08, 0x42, 0x08, 0x26, 0x19, 0x42, 0x08,
  0x83, 0x08, 0x42, 0x08, 0x42, 0x08, 0x42, 0x08, 0x42, 0x08, 0x42, 0x08, 0x42, 0x08, 0x42, 0x08, 0x42, 0x08, 0x42, 0x08, 0x42, 0x08, 0x42, 0x08, 0x06, 0x19, 0x42, 0x08, 0x42, 0x08, 0x42, 0x08,
  0x42, 0x08, 0x42, 0x08, 0x42, 0x08, 0x42, 0x08, 0x42, 0x08, 0x42, 0x08, 0x42, 0x08, 0x42, 0x08, 0x42, 0x08, 0x42, 0x08, 0x05, 0x19, 0x42, 0x08, 0x42, 0x08, 0x42, 0x08, 0x42, 0x08, 0x42, 0x08,
  0x83, 0x08, 0x42, 0x08, 0x42, 0x08, 0x42, 0x08, 0x42, 0x08, 0x42, 0x08, 0x42, 0x08, 0x42, 0x08, 0x05, 0x19, 0x42, 0x08, 0x42, 0x08, 0x42, 0x08, 0x42, 0x08, 0x42, 0x08, 0x42, 0x08, 0x42, 0x08,
  0x42, 0x08, 0x42, 0x08, 0x42, 0x08, 0x42, 0x08, 0x42, 0x08, 0x42, 0x08, 0x05, 0x11, 0x42, 0x08, 0x42, 0x08, 0x42, 0x08, 0x42, 0x08, 0x42, 0x08, 0x42, 0x08, 0x42, 0x08, 0x42, 0x08, 0x42, 0x08,
  0x83, 0x08, 0x42, 0x08, 0x42, 0x08, 0x42, 0x08, 0xe5, 0x10, 0x42, 0x08, 0x42, 0x08, 0x42, 0x08, 0x42, 0x08, 0x42, 0x08, 0x42, 0x08, 0x42, 0x08, 0x42, 0x08, 0x42, 0x08, 0x42, 0x08, 0x42, 0x08,
  0x42, 0x08, 0x42, 0x08, 0xe5, 0x10, 0x42, 0x08, 0x42, 0x08, 0x42, 0x08, 0x42, 0x08, 0x42, 0x08, 0x42, 0x08, 0x42, 0x08, 0x42, 0x08, 0x42, 0x08, 0x42, 0x08, 0x42, 0x08, 0x42, 0x08, 0x42, 0x08,
  0x83, 0x08, 0x42, 0x08, 0x42, 0x08, 0x42, 0x08, 0x42, 0x08, 0x42, 0x08, 0x42, 0x08, 0x42, 0x08, 0x42, 0x08, 0x42, 0x08, 0x62, 0x10, 0x20, 0x30, 0x00, 0x20, 0x14, 0x9d, 0xaa, 0x6a, 0x00, 0x20,
  0x14, 0x95, 0xab, 0x62, 0x05, 0x39, 0x8e, 0x6b, 0x52, 0x7c, 0x35, 0x95, 0x18, 0xa6, 0xf8, 0xa5, 0xfb, 0xc6, 0x9e, 0xdf, 0x9e, 0xe7, 0xff, 0xff, 0xff, 0xff, 0xff, 0xff, 0xff, 0xff, 0xff, 0xff,
  0xff, 0xff, 0xff, 0xff, 0xff, 0xff, 0xff, 0xff, 0xdf, 0xe7, 0xff, 0xe7, 0xbe, 0xdf, 0x7d, 0xd7, 0x3c, 0xcf, 0xfb, 0xce, 0xdb, 0xc6, 0x9a, 0xc6, 0x59, 0xc6, 0x59, 0xc6, 0x79, 0xc6, 0x9a, 0xc6,
  0xba, 0xce, 0x3c, 0xd7, 0x9e, 0xdf, 0x9e, 0xdf, 0x5d, 0xd7, 0xdb, 0xce, 0xba, 0xce, 0x79, 0xc6, 0x18, 0xbe, 0xb7, 0xb5, 0x96, 0xad, 0x55, 0xa5, 0xf4, 0x9c, 0xd3, 0x9c, 0xd3, 0x9c, 0xb2, 0x9c,
  0xb3, 0x9c, 0xd3, 0x9c, 0xf4, 0x9c, 0xf4, 0x9c, 0xf4, 0x94, 0x35, 0x9d, 0x96, 0xa5, 0xb7, 0xa5, 0x18, 0xae, 0x79, 0xb6, 0xdb, 0xbe, 0xfc, 0xc6, 0x1c, 0xc7, 0xfc, 0xc6, 0xba, 0xbe, 0x18, 0xae,
  0x75, 0x95, 0x35, 0x8d, 0x35, 0x95, 0x76, 0x95, 0xb7, 0x9d, 0x97, 0x9d, 0x35, 0x95, 0xf4, 0x8c, 0xb4, 0x84, 0xf5, 0x84, 0xaf, 0x6b, 0xcb, 0x5a, 0xcb, 0x5a, 0x45, 0x39, 0x04, 0x41, 0xbe, 0xf7,
  0xdf, 0xff, 0x79, 0xc6, 0x9e, 0xd7, 0x8a, 0x62, 0x00, 0x18, 0x45, 0x49, 0x05, 0x19, 0x42, 0x08, 0x42, 0x08, 0x42, 0x08, 0x42, 0x08, 0x42, 0x08, 0x42, 0x08, 0x42, 0x08, 0x26, 0x19, 0x42, 0x08,
  0x42, 0x08, 0x42, 0x08, 0x42, 0x08, 0x42, 0x08, 0x42, 0x08, 0x42, 0x08, 0x42, 0x08, 0x42, 0x08, 0x42, 0x08, 0x42, 0x08, 0x42, 0x08, 0x42, 0x08, 0x26, 0x19, 0x42, 0x08, 0x42, 0x08, 0x42, 0x08,
  0x83, 0x08, 0x42, 0x08, 0x42, 0x08, 0x42, 0x08, 0x42, 0x08, 0x42, 0x08, 0x42, 0x08, 0x42, 0x08, 0x42, 0x08, 0x42, 0x08, 0x27, 0x19, 0x42, 0x08, 0x42, 0x08, 0x42, 0x08, 0x42, 0x08, 0x42, 0x08,
  0x42, 0x08, 0x42, 0x08, 0x42, 0x08, 0x42, 0x08, 0x42, 0x08, 0x42, 0x08, 0x42, 0x08, 0x42, 0x08, 0x27, 0x19, 0x42, 0x08, 0x42, 0x08, 0x42, 0x08, 0x42, 0x08, 0x42, 0x08, 0x42, 0x08, 0x42, 0x08,
  0x83, 0x08, 0x42, 0x08, 0x42, 0x08, 0x42, 0x08, 0x42, 0x08, 0x42, 0x08, 0x27, 0x19, 0x42, 0x08, 0x42, 0x08, 0x42, 0x08, 0x42, 0x08, 0x42, 0x08, 0x42, 0x08, 0x42, 0x08, 0x42, 0x08, 0x42, 0x08,
  0x42, 0x08, 0x42, 0x08, 0x42, 0x08, 0x42, 0x08, 0x42, 0x08, 0x42, 0x08, 0x42, 0x08, 0x27, 0x19, 0x42, 0x08, 0x42, 0x08, 0x42, 0x08, 0x42, 0x08, 0x42, 0x08, 0x42, 0x08, 0x42, 0x08, 0x42, 0x08,
  0x83, 0x08, 0x42, 0x08, 0x26, 0x19, 0x42, 0x08, 0x42, 0x08, 0x42, 0x08, 0x42, 0x08, 0x42, 0x08, 0x42, 0x08, 0x42, 0x08, 0x42, 0x08, 0x42, 0x08, 0x42, 0x08, 0x42, 0x08, 0x42, 0x08, 0x42, 0x08,
  0x26, 0x19, 0x42, 0x08, 0x42, 0x08, 0x42, 0x08, 0x42, 0x08, 0x42, 0x08, 0x42, 0x08, 0x42, 0x08, 0x42, 0x08, 0x42, 0x08, 0x42, 0x08, 0x42, 0x08, 0x42, 0x08, 0x42, 0x08, 0x06, 0x19, 0x42, 0x08,
  0x83, 0x08, 0x42, 0x08, 0x42, 0x08, 0x42, 0x08, 0x42, 0x08, 0x42, 0x08, 0x42, 0x08, 0x42, 0x08, 0x42, 0x08, 0x42, 0x08, 0x42, 0x08, 0x42, 0x08, 0x06, 0x19, 0x42, 0x08, 0x42, 0x08, 0x42, 0x08,
  0x42, 0x08, 0x42, 0x08, 0x42, 0x08, 0x42, 0x08, 0x42, 0x08, 0x42, 0x08, 0x42, 0x08, 0x42, 0x08, 0x42, 0x08, 0x42, 0x08, 0x05, 0x19, 0x42, 0x08, 0x42, 0x08, 0x42, 0x08, 0x42, 0x08, 0x42, 0x08,
  0x83, 0x08, 0x42, 0x08, 0x42, 0x08, 0x42, 0x08, 0x42, 0x08, 0x42, 0x08, 0x42, 0x08, 0x42, 0x08, 0x05, 0x19, 0x42, 0x08, 0x42, 0x08, 0x42, 0x08, 0x42, 0x08, 0x42, 0x08, 0x42, 0x08, 0x42, 0x08,
  0x42, 0x08, 0x42, 0x08, 0x42, 0x08, 0x42, 0x08, 0x42, 0x08, 0x42, 0x08, 0xe5, 0x10, 0x42, 0x08, 0x42, 0x08, 0x42, 0x08, 0x42, 0x08, 0x42, 0x08, 0x42, 0x08, 0x42, 0x08, 0x42, 0x08, 0x42, 0x08,
  0x83, 0x08, 0x42, 0x08, 0x42, 0x08, 0x42, 0x08, 0xe5, 0x10, 0x42, 0x08, 0x42, 0x08, 0x42, 0x08, 0x42, 0x08, 0x42, 0x08, 0x42, 0x08, 0x42, 0x08, 0x42, 0x08, 0x42, 0x08, 0x42, 0x08, 0x42, 0x08,
  0x42, 0x08, 0x42, 0x08, 0xe5, 0x10, 0x42, 0x08, 0x42, 0x08, 0x42, 0x08, 0x42, 0x08, 0x42, 0x08, 0x42, 0x08, 0x42, 0x08, 0x42, 0x08, 0x42, 0x08, 0x42, 0x08, 0x42, 0x08, 0x42, 0x08, 0x42, 0x08,
  0x83, 0x08, 0x42, 0x08, 0x42, 0x08, 0x42, 0x08, 0x42, 0x08, 0x42, 0x08, 0x42, 0x08, 0x42, 0x08, 0x42, 0x08, 0x42, 0x08, 0x42, 0x08, 0x62, 0x28, 0x00, 0x28, 0x08, 0x5a, 0x96, 0xa5, 0x61, 0x28,
  0x45, 0x41, 0xb6, 0x9d, 0xa7, 0x51, 0x4d, 0x6b, 0x31, 0x7c, 0x93, 0x84, 0x96, 0x9d, 0x18, 0xa6, 0x38, 0xae, 0x7e, 0xdf, 0x7d, 0xdf, 0xdf, 0xf7, 0xff, 0xff, 0xdf, 0xf7, 0xdf, 0xf7, 0xdf, 0xf7,
  0xdf, 0xff, 0xdf, 0xf7, 0x9e, 0xef, 0x7d, 0xe7, 0x75, 0xa5, 0x10, 0x7c, 0xae, 0x73, 0x4d, 0x6b, 0x8e, 0x73, 0xef, 0x7b, 0x72, 0x94, 0x14, 0xa5, 0x76, 0xad, 0xf8, 0xb5, 0x9a, 0xc6, 0xdb, 0xce,
  0x3c, 0xd7, 0x7d, 0xdf, 0x9e, 0xdf, 0x9e, 0xdf, 0x7d, 0xdf, 0x5d, 0xdf, 0x3d, 0xd7, 0x1c, 0xcf, 0xfc, 0xce, 0xdb, 0xce, 0x9a, 0xc6, 0x59, 0xbe, 0x38, 0xb6, 0xf8, 0xb5, 0xd7, 0xb5, 0xb6, 0xb5,
  0x96, 0xad, 0x55, 0xad, 0x14, 0xa5, 0xd3, 0x9c, 0x71, 0x94, 0x51, 0x8c, 0x10, 0x8c, 0x8e, 0x7b, 0x0c, 0x6b, 0xcb, 0x62, 0xaa, 0x62, 0xcb, 0x62, 0x4d, 0x6b, 0x10, 0x7c, 0xf3, 0x94, 0xd7, 0xa5,
  0x38, 0xae, 0xf8, 0xa5, 0xb7, 0x9d, 0x56, 0x8d, 0xf4, 0x84, 0xd4, 0x84, 0xb3, 0x84, 0x76, 0x9d, 0xb7, 0x9d, 0xb4, 0x7c, 0xd0, 0x6b, 0x2d, 0x63, 0x0c, 0x5b, 0x82, 0x28, 0x18, 0xce, 0xff, 0xff,
  0x7d, 0xe7, 0xfc, 0xc6, 0x59, 0xbe, 0x41, 0x30, 0x00, 0x28, 0xe8, 0x49, 0x42, 0x08, 0x42, 0x08, 0x42, 0x08, 0x42, 0x08, 0x42, 0x08, 0x42, 0x08, 0x42, 0x08, 0x42, 0x08, 0x26, 0x19, 0x42, 0x08,
  0x42, 0x08, 0x42, 0x08, 0x42, 0x08, 0x42, 0x08, 0x42, 0x08, 0x42, 0x08, 0x42, 0x08, 0x42, 0x08, 0x42, 0x08, 0x42, 0x08, 0x42, 0x08, 0x42, 0x08, 0x26, 0x19, 0x42, 0x08, 0x42, 0x08, 0x42, 0x08,
  0x83, 0x08, 0x42, 0x08, 0x42, 0x08, 0x42, 0x08, 0x42, 0x08, 0x42, 0x08, 0x42, 0x08, 0x42, 0x08, 0x42, 0x08, 0x42, 0x08, 0x27, 0x19, 0x42, 0x08, 0x42, 0x08, 0x42, 0x08, 0x42, 0x08, 0x42, 0x08,
  0x42, 0x08, 0x42, 0x08, 0x42, 0x08, 0x42, 0x08, 0x42, 0x08, 0x42, 0x08, 0x42, 0x08, 0x42, 0x08, 0x27, 0x19, 0x42, 0x08, 0x42, 0x08, 0x42, 0x08, 0x42, 0x08, 0x42, 0x08, 0x42, 0x08, 0x42, 0x08,
  0x83, 0x08, 0x42, 0x08, 0x42, 0x08, 0x42, 0x08, 0x42, 0x08, 0x42, 0x08, 0x27, 0x19, 0x42, 0x08, 0x42, 0x08, 0x42, 0x08, 0x42, 0x08, 0x42, 0x08, 0x42, 0x08, 0x42, 0x08, 0x42, 0x08, 0x42, 0x08,
  0x42, 0x08, 0x42, 0x08, 0x42, 0x08, 0x42, 0x08, 0x42, 0x08, 0x42, 0x08, 0x27, 0x19, 0x42, 0x08, 0x42, 0x08, 0x42, 0x08, 0x42, 0x08, 0x42, 0x08, 0x42, 0x08, 0x42, 0x08, 0x42, 0x08, 0x42, 0x08,
  0x83, 0x08, 0x42, 0x08, 0x26, 0x19, 0x42, 0x08, 0x42, 0x08, 0x42, 0x08, 0x42, 0x08, 0x42, 0x08, 0x42, 0x08, 0x42, 0x08, 0x42, 0x08, 0x42, 0x08, 0x42, 0x08, 0x42, 0x08, 0x42, 0x08, 0x42, 0x08,
  0x26, 0x19, 0x42, 0x08, 0x42, 0x08, 0x42, 0x08, 0x42, 0x08, 0x42, 0x08, 0x42, 0x08, 0x42, 0x08, 0x42, 0x08, 0x42, 0x08, 0x42, 0x08, 0x42, 0x08, 0x42, 0x08, 0x42, 0x08, 0x06, 0x19, 0x42, 0x08,
  0x83, 0x08, 0x42, 0x08, 0x42, 0x08, 0x42, 0x08, 0x42, 0x08, 0x42, 0x08, 0x42, 0x08, 0x42, 0x08, 0x42, 0x08, 0x42, 0x08, 0x42, 0x08, 0x42, 0x08, 0x06, 0x19, 0x42, 0x08, 0x42, 0x08, 0x42, 0x08,
  0x42, 0x08, 0x42, 0x08, 0x42, 0x08, 0x42, 0x08, 0x42, 0x08, 0x42, 0x08, 0x42, 0x08, 0x42, 0x08, 0x42, 0x08, 0x42, 0x08, 0x05, 0x19, 0x42, 0x08, 0x42, 0x08, 0x42, 0x08, 0x42, 0x08, 0x42, 0x08,
  0x83, 0x08, 0x42, 0x08, 0x42, 0x08, 0x42, 0x08, 0x42, 0x08, 0x42, 0x08, 0x42, 0x08, 0x42, 0x08, 0x05, 0x19, 0x42, 0x08, 0x42, 0x08, 0x42, 0x08, 0x42, 0x08, 0x42, 0x08, 0x42, 0x08, 0x42, 0x08,
  0x42, 0x08, 0x42, 0x08, 0x42, 0x08, 0x42, 0x08, 0x42, 0x08, 0x42, 0x08, 0xe5, 0x10, 0x42, 0x08, 0x42, 0x08, 0x42, 0x08, 0x42, 0x08, 0x42, 0x08, 0x42, 0x08, 0x42, 0x08, 0x42, 0x08, 0x42, 0x08,
  0x83, 0x08, 0x42, 0x08, 0x42, 0x08, 0x42, 0x08, 0xe5, 0x10, 0x42, 0x08, 0x42, 0x08, 0x42, 0x08, 0x42, 0x08, 0x42, 0x08, 0x42, 0x08, 0x42, 0x08, 0x42, 0x08, 0x42, 0x08, 0x42, 0x08, 0x42, 0x08,
  0x42, 0x08, 0x42, 0x08, 0xe5, 0x10, 0x42, 0x08, 0x42, 0x08, 0x42, 0x08, 0x42, 0x08, 0x42, 0x08, 0x42, 0x08, 0x42, 0x08, 0x42, 0x08, 0x42, 0x08, 0x42, 0x08, 0x42, 0x08, 0x42, 0x08, 0x42, 0x08,
  0x83, 0x08, 0x42, 0x08, 0x42, 0x08, 0x42, 0x08, 0x42, 0x08, 0x42, 0x08, 0x42, 0x08, 0x42, 0x08, 0x42, 0x08, 0x42, 0x08, 0x42, 0x08, 0x82, 0x18, 0x00, 0x30, 0x00, 0x28, 0x34, 0x9d, 0x8e, 0x73,
  0x05, 0x41, 0xcb, 0x62, 0xb6, 0x9d, 0x49, 0x5a, 0x72, 0x7c, 0xd3, 0x8c, 0x35, 0x95, 0x59, 0xae, 0x59, 0xa6, 0x79, 0xbe, 0x9e, 0xe7, 0xbe, 0xe7, 0x9e, 0xe7, 0x5d, 0xdf, 0x5d, 0xdf, 0x1c, 0xdf,
  0xdb, 0xd6, 0xba, 0xce, 0xba, 0xce, 0x1c, 0xd7, 0x76, 0xad, 0x92, 0x84, 0x76, 0x9d, 0x38, 0xae, 0xbb, 0xbe, 0x1c, 0xcf, 0x5d, 0xcf, 0x7e, 0xd7, 0x7e, 0xd7, 0x9e, 0xdf, 0xbf, 0xdf, 0xdf, 0xe7,
  0xbf, 0xe7, 0xbe, 0xdf, 0x9e, 0xdf, 0x9e, 0xdf, 0x9e, 0xdf, 0xbe, 0xdf, 0x9e, 0xdf, 0x9e, 0xdf, 0x7e, 0xd7, 0x5d, 0xcf, 0x3d, 0xcf, 0x1c, 0xcf, 0xdb, 0xc6, 0xba, 0xb6, 0x79, 0xb6, 0x79, 0xae,
  0x79, 0xae, 0x79, 0xae, 0x9a, 0xb6, 0x59, 0xae, 0x19, 0xae, 0x18, 0xae, 0x18, 0xae, 0x18, 0xae, 0xf8, 0xad, 0xb7, 0xa5, 0x55, 0x9d, 0xd3, 0x8c, 0x10, 0x7c, 0x2c, 0x6b, 0x49, 0x5a, 0xe7, 0x49,
  0x49, 0x5a, 0x8e, 0x6b, 0x0c, 0x63, 0x4d, 0x6b, 0x30, 0x7c, 0x72, 0x7c, 0xb3, 0x7c, 0xbb, 0xce, 0xb7, 0xa5, 0x72, 0x74, 0x32, 0x7c, 0x10, 0x6c, 0x66, 0x39, 0xd3, 0xac, 0xff, 0xff, 0xdf, 0xf7,
  0xdb, 0xc6, 0xfc, 0xc6, 0x4d, 0x7b, 0x00, 0x18, 0x04, 0x41, 0x86, 0x31, 0x42, 0x08, 0x42, 0x08, 0x42, 0x08, 0x42, 0x08, 0x42, 0x08, 0x42, 0x08, 0x42, 0x08, 0x42, 0x08, 0x26, 0x19, 0x42, 0x08,
  0x42, 0x08, 0x42, 0x08, 0x42, 0x08, 0x42, 0x08, 0x42, 0x08, 0x42, 0x08, 0x42, 0x08, 0x42, 0x08, 0x42, 0x08, 0x42, 0x08, 0x42, 0x08, 0x42, 0x08, 0x26, 0x19, 0x42, 0x08, 0x42, 0x08, 0x42, 0x08,
  0x83, 0x08, 0x42, 0x08, 0x42, 0x08, 0x42, 0x08, 0x42, 0x08, 0x42, 0x08, 0x42, 0x08, 0x42, 0x08, 0x42, 0x08, 0x42, 0x08, 0x27, 0x19, 0x42, 0x08, 0x42, 0x08, 0x42, 0x08, 0x42, 0x08, 0x42, 0x08,
  0x42, 0x08, 0x42, 0x08, 0x42, 0x08, 0x42, 0x08, 0x42, 0x08, 0x42, 0x08, 0x42, 0x08, 0x42, 0x08, 0x27, 0x19, 0x42, 0x08, 0x42, 0x08, 0x42, 0x08, 0x42, 0x08, 0x42, 0x08, 0x42, 0x08, 0x42, 0x08,
  0x83, 0x08, 0x42, 0x08, 0x42, 0x08, 0x42, 0x08, 0x42, 0x08, 0x42, 0x08, 0x27, 0x19, 0x42, 0x08, 0x42, 0x08, 0x42, 0x08, 0x42, 0x08, 0x42, 0x08, 0x42, 0x08, 0x42, 0x08, 0x42, 0x08, 0x42, 0x08,
  0x42, 0x08, 0x42, 0x08, 0x42, 0x08, 0x42, 0x08, 0x42, 0x08, 0x27, 0x19, 0x42, 0x08, 0x42, 0x08, 0x42, 0x08, 0x42, 0x08, 0x42, 0x08, 0x42, 0x08, 0x42, 0x08, 0x42, 0x08, 0x42, 0x08, 0x42, 0x08,
  0x83, 0x08, 0x42, 0x08, 0x26, 0x19, 0x42, 0x08, 0x42, 0x08, 0x42, 0x08, 0x42, 0x08, 0x42, 0x08, 0x42, 0x08, 0x42, 0x08, 0x42, 0x08, 0x42, 0x08, 0x42, 0x08, 0x42, 0x08, 0x42, 0x08, 0x42, 0x08,
  0x26, 0x19, 0x42, 0x08, 0x42, 0x08, 0x42, 0x08, 0x42, 0x08, 0x42, 0x08, 0x42, 0x08, 0x42, 0x08, 0x42, 0x08, 0x42, 0x08, 0x42, 0x08, 0x42, 0x08, 0x42, 0x08, 0x42, 0x08, 0x06, 0x19, 0x42, 0x08,
  0x83, 0x08, 0x42, 0x08, 0x42, 0x08, 0x42, 0x08, 0x42, 0x08, 0x42, 0x08, 0x42, 0x08, 0x42, 0x08, 0x42, 0x08, 0x42, 0x08, 0x42, 0x08, 0x42, 0x08, 0x06, 0x19, 0x42, 0x08, 0x42, 0x08, 0x42, 0x08,
  0x42, 0x08, 0x42, 0x08, 0x42, 0x08, 0x42, 0x08, 0x42, 0x08, 0x42, 0x08, 0x42, 0x08, 0x42, 0x08, 0x42, 0x08, 0x42, 0x08, 0x05, 0x19, 0x42, 0x08, 0x42, 0x08, 0x42, 0x08, 0x42, 0x08, 0x42, 0x08,
  0x83, 0x08, 0x42, 0x08, 0x42, 0x08, 0x42, 0x08, 0x42, 0x08, 0x42, 0x08, 0x42, 0x08, 0x42, 0x08, 0x05, 0x19, 0x42, 0x08, 0x42, 0x08, 0x42, 0x08, 0x42, 0x08, 0x42, 0x08, 0x42, 0x08, 0x42, 0x08,
  0x42, 0x08, 0x42, 0x08, 0x42, 0x08, 0x42, 0x08, 0x42, 0x08, 0x42, 0x08, 0xe5, 0x10, 0x42, 0x08, 0x42, 0x08, 0x42, 0x08, 0x42, 0x08, 0x42, 0x08, 0x42, 0x08, 0x42, 0x08, 0x42, 0x08, 0x42, 0x08,
  0x83, 0x08, 0x42, 0x08, 0x42, 0x08, 0x42, 0x08, 0xe5, 0x10, 0x42, 0x08, 0x42, 0x08, 0x42, 0x08, 0x42, 0x08, 0x42, 0x08, 0x42, 0x08, 0x42, 0x08, 0x42, 0x08, 0x42, 0x08, 0x42, 0x08, 0x42, 0x08,
  0x42, 0x08, 0x42, 0x08, 0xe5, 0x10, 0x42, 0x08, 0x42, 0x08, 0x42, 0x08, 0x42, 0x08, 0x42, 0x08, 0x42, 0x08, 0x42, 0x08, 0x42, 0x08, 0x42, 0x08, 0x42, 0x08, 0x42, 0x08, 0x42, 0x08, 0x42, 0x08,
  0x83, 0x08, 0x42, 0x08, 0x42, 0x08, 0x42, 0x08, 0x42, 0x08, 0x42, 0x08, 0x42, 0x08, 0x42, 0x08, 0x42, 0x08, 0x42, 0x08, 0x42, 0x08, 0x42, 0x08, 0x62, 0x28, 0x00, 0x28, 0xe7, 0x51, 0xd6, 0xa5,
  0xcf, 0x7b, 0x8b, 0x62, 0xcf, 0x73, 0x96, 0x9d, 0x0c, 0x6b, 0x14, 0x8d, 0xf8, 0xa5, 0x14, 0x8d, 0x0c, 0x63, 0x6e, 0x6b, 0x7a, 0xbe, 0x79, 0xc6, 0x59, 0xbe, 0xf8, 0xb5, 0x39, 0xc6, 0xba, 0xce,
  0xfc, 0xd6, 0x7d, 0xe7, 0xbe, 0xef, 0xbe, 0xf7, 0xdf, 0xf7, 0x3d, 0xcf, 0x3c, 0xcf, 0x1c, 0xcf, 0x1c, 0xcf, 0x1c, 0xcf, 0x3d, 0xd7, 0x5d, 0xd7, 0x7d, 0xdf, 0x7e, 0xdf, 0x9e, 0xdf, 0x9e, 0xdf,
  0x9e, 0xdf, 0x9e, 0xdf, 0x9e, 0xdf, 0x9e, 0xdf, 0x9e, 0xdf, 0x9e, 0xdf, 0x9e, 0xdf, 0x9e, 0xdf, 0x9e, 0xdf, 0x9e, 0xdf, 0x9e, 0xdf, 0x9e, 0xdf, 0x9e, 0xdf, 0x5d, 0xd7, 0x3d, 0xcf, 0xfb, 0xc6,
  0xdb, 0xc6, 0xba, 0xc6, 0x38, 0xae, 0xf7, 0xa5, 0xb7, 0x9d, 0x76, 0x9d, 0x35, 0x95, 0xd3, 0x8c, 0x72, 0x84, 0x10, 0x7c, 0xcf, 0x73, 0xcf, 0x73, 0x10, 0x74, 0x92, 0x84, 0xf3, 0x8c, 0x34, 0x95,
  0xf3, 0x8c, 0x30, 0x7c, 0x28, 0x52, 0xe4, 0x38, 0x24, 0x39, 0x66, 0x41, 0xc7, 0x49, 0x8f, 0x6b, 0xb3, 0x7c, 0x93, 0x7c, 0x72, 0x7c, 0x2d, 0x63, 0xf4, 0xac, 0xff, 0xf7, 0x7a, 0xce, 0x5d, 0xd7,
  0x76, 0x9d, 0xd8, 0xb5, 0x61, 0x30, 0x00, 0x28, 0x08, 0x4a, 0x42, 0x08, 0x42, 0x08, 0x42, 0x08, 0x42, 0x08, 0x42, 0x08, 0x42, 0x08, 0x42, 0x08, 0x42, 0x08, 0x42, 0x08, 0x26, 0x19, 0x42, 0x08,
  0x42, 0x08, 0x42, 0x08, 0x42, 0x08, 0x42, 0x08, 0x42, 0x08, 0x42, 0x08, 0x42, 0x08, 0x42, 0x08, 0x42, 0x08, 0x42, 0x08, 0x42, 0x08, 0x42, 0x08, 0x26, 0x19, 0x42, 0x08, 0x42, 0x08, 0x42, 0x08,
  0x83, 0x08, 0x42, 0x08, 0x42, 0x08, 0x42, 0x08, 0x42, 0x08, 0x42, 0x08, 0x42, 0x08, 0x42, 0x08, 0x42, 0x08, 0x42, 0x08, 0x27, 0x19, 0x42, 0x08, 0x42, 0x08, 0x42, 0x08, 0x42, 0x08, 0x42, 0x08,
  0x42, 0x08, 0x42, 0x08, 0x42, 0x08, 0x42, 0x08, 0x42, 0x08, 0x42, 0x08, 0x42, 0x08, 0x42, 0x08, 0x27, 0x19, 0x42, 0x08, 0x42, 0x08, 0x42, 0x08, 0x42, 0x08, 0x42, 0x08, 0x42, 0x08, 0x42, 0x08,
  0x83, 0x08, 0x42, 0x08, 0x42, 0x08, 0x42, 0x08, 0x42, 0x08, 0x42, 0x08, 0x27, 0x19, 0x42, 0x08, 0x42, 0x08, 0x42, 0x08, 0x42, 0x08, 0x42, 0x08, 0x42, 0x08, 0x42, 0x08, 0x42, 0x08, 0x42, 0x08,
  0x42, 0x08, 0x42, 0x08, 0x42, 0x08, 0x42, 0x08, 0x27, 0x19, 0x42, 0x08, 0x42, 0x08, 0x42, 0x08, 0x42, 0x08, 0x42, 0x08, 0x42, 0x08, 0x42, 0x08, 0x42, 0x08, 0x42, 0x08, 0x42, 0x08, 0x42, 0x08,
  0x83, 0x08, 0x42, 0x08, 0x26, 0x19, 0x42, 0x08, 0x42, 0x08, 0x42, 0x08, 0x42, 0x08, 0x42, 0x08, 0x42, 0x08, 0x42, 0x08, 0x42, 0x08, 0x42, 0x08, 0x42, 0x08, 0x42, 0x08, 0x42, 0x08, 0x42, 0x08,
  0x26, 0x19, 0x42, 0x08, 0x42, 0x08, 0x42, 0x08, 0x42, 0x08, 0x42, 0x08, 0x42, 0x08, 0x42, 0x08, 0x42, 0x08, 0x42, 0x08, 0x42, 0x08, 0x42, 0x08, 0x42, 0x08, 0x42, 0x08, 0x06, 0x19, 0x42, 0x08,
  0x83, 0x08, 0x42, 0x08, 0x42, 0x08, 0x42, 0x08, 0x42, 0x08, 0x42, 0x08, 0x42, 0x08, 0x42, 0x08, 0x42, 0x08, 0x42, 0x08, 0x42, 0x08, 0x42, 0x08, 0x06, 0x19, 0x42, 0x08, 0x42, 0x08, 0x42, 0x08,
  0x42, 0x08, 0x42, 0x08, 0x42, 0x08, 0x42, 0x08, 0x42, 0x08, 0x42, 0x08, 0x42, 0x08, 0x42, 0x08, 0x42, 0x08, 0x42, 0x08, 0x05, 0x19, 0x42, 0x08, 0x42, 0x08, 0x42, 0x08, 0x42, 0x08, 0x42, 0x08,
  0x83, 0x08, 0x42, 0x08, 0x42, 0x08, 0x42, 0x08, 0x42, 0x08, 0x42, 0x08, 0x42, 0x08, 0x42, 0x08, 0x05, 0x19, 0x42, 0x08, 0x42, 0x08, 0x42, 0x08, 0x42, 0x08, 0x42, 0x08, 0x42, 0x08, 0x42, 0x08,
  0x42, 0x08, 0x42, 0x08, 0x42, 0x08, 0x42, 0x08, 0x42, 0x08, 0x42, 0x08, 0xe5, 0x10, 0x42, 0x08, 0x42, 0x08, 0x42, 0x08, 0x42, 0x08, 0x42, 0x08, 0x42, 0x08, 0x42, 0x08, 0x42, 0x08, 0x42, 0x08,
  0x83, 0x08, 0x42, 0x08, 0x42, 0x08, 0x42, 0x08, 0xe5, 0x10, 0x42, 0x08, 0x42, 0x08, 0x42, 0x08, 0x42, 0x08, 0x42, 0x08, 0x42, 0x08, 0x42, 0x08, 0x42, 0x08, 0x42, 0x08, 0x42, 0x08, 0x42, 0x08,
  0x42, 0x08, 0x42, 0x08, 0xe4, 0x10, 0x42, 0x08, 0x42, 0x08, 0x42, 0x08, 0x42, 0x08, 0x42, 0x08, 0x42, 0x08, 0x42, 0x08, 0x42, 0x08, 0x42, 0x08, 0x42, 0x08, 0x42, 0x08, 0x42, 0x08, 0x42, 0x08,
  0x83, 0x08, 0x42, 0x08, 0x42, 0x08, 0x42, 0x08, 0x42, 0x08, 0x42, 0x08, 0x42, 0x08, 0x42, 0x08, 0x42, 0x08, 0x42, 0x08, 0x42, 0x08, 0x42, 0x08, 0xa3, 0x18, 0x20, 0x30, 0x00, 0x20, 0x51, 0x84,
  0x14, 0x95, 0x34, 0x95, 0x8e, 0x73, 0x51, 0x84, 0xb7, 0x9d, 0x71, 0x84, 0x49, 0x52, 0x45, 0x41, 0xf0, 0x73, 0x8e, 0x6b, 0x25, 0x31, 0x0c, 0x6b, 0x55, 0xa5, 0x9a, 0xce, 0x5d, 0xe7, 0x7d, 0xe7,
  0xdf, 0xf7, 0xdf, 0xf7, 0xdf, 0xf7, 0xff, 0xff, 0xff, 0xff, 0x7d, 0xdf, 0x5d, 0xd7, 0x7e, 0xdf, 0x9e, 0xe7, 0xdf, 0xef, 0xbe, 0xe7, 0x9e, 0xdf, 0x9e, 0xdf, 0x9e, 0xdf, 0x9e, 0xdf, 0x9e, 0xdf,
  0x9e, 0xdf, 0x9e, 0xdf, 0x9e, 0xdf, 0xbe, 0xe7, 0x9e, 0xe7, 0x9e, 0xdf, 0x9e, 0xdf, 0x9e, 0xdf, 0x9e, 0xdf, 0x9e, 0xdf, 0x9e, 0xdf, 0x9e, 0xdf, 0x9e, 0xdf, 0x9e, 0xdf, 0x9e, 0xdf, 0x5d, 0xd7,
  0xfc, 0xc6, 0x7d, 0xdf, 0xdb, 0xc6, 0x18, 0xa6, 0x18, 0xae, 0x18, 0xae, 0x38, 0xae, 0x38, 0xae, 0x18, 0xa6, 0xb6, 0x9d, 0xd3, 0x8c, 0x10, 0x74, 0x2d, 0x63, 0x29, 0x52, 0xa7, 0x49, 0x25, 0x41,
  0x8a, 0x62, 0x30, 0x7c, 0x75, 0x95, 0xb3, 0x8c, 0x29, 0x4a, 0x66, 0x39, 0x87, 0x41, 0x83, 0x30, 0xe3, 0x38, 0x0d, 0x5b, 0x52, 0x74, 0x59, 0xbe, 0x3c, 0xd7, 0xb3, 0x94, 0xfc, 0xc6, 0x92, 0x84,
  0xf8, 0xad, 0x8a, 0x62, 0x00, 0x18, 0x04, 0x41, 0xa7, 0x31, 0x42, 0x08, 0x42, 0x08, 0x42, 0x08, 0x42, 0x08, 0x42, 0x08, 0x42, 0x08, 0x42, 0x08, 0x42, 0x08, 0x42, 0x08, 0x26, 0x19, 0x42, 0x08,
  0x42, 0x08, 0x42, 0x08, 0x42, 0x08, 0x42, 0x08, 0x42, 0x08, 0x42, 0x08, 0x42, 0x08, 0x42, 0x08, 0x42, 0x08, 0x42, 0x08, 0x42, 0x08, 0x42, 0x08, 0x26, 0x19, 0x42, 0x08, 0x42, 0x08, 0x42, 0x08,
  0x83, 0x08, 0x42, 0x08, 0x42, 0x08, 0x42, 0x08, 0x42, 0x08, 0x42, 0x08, 0x42, 0x08, 0x42, 0x08, 0x42, 0x08, 0x42, 0x08, 0x27, 0x19, 0x42, 0x08, 0x42, 0x08, 0x42, 0x08, 0x42, 0x08, 0x42, 0x08,
  0x42, 0x08, 0x42, 0x08, 0x42, 0x08, 0x42, 0x08, 0x42, 0x08, 0x42, 0x08, 0x42, 0x08, 0x42, 0x08, 0x27, 0x19, 0x42, 0x08, 0x42, 0x08, 0x42, 0x08, 0x42, 0x08, 0x42, 0x08, 0x42, 0x08, 0x42, 0x08,
  0x83, 0x08, 0x42, 0x08, 0x42, 0x08, 0x42, 0x08, 0x42, 0x08, 0x42, 0x08, 0x27, 0x19, 0x42, 0x08, 0x42, 0x08, 0x42, 0x08, 0x42, 0x08, 0x42, 0x08, 0x42, 0x08, 0x42, 0x08, 0x42, 0x08, 0x42, 0x08,
  0x42, 0x08, 0x42, 0x08, 0x42, 0x08, 0x42, 0x08, 0x27, 0x19, 0x42, 0x08, 0x42, 0x08, 0x42, 0x08, 0x42, 0x08, 0x42, 0x08, 0x42, 0x08, 0x42, 0x08, 0x42, 0x08, 0x42, 0x08, 0x42, 0x08, 0x42, 0x08,
  0x83, 0x08, 0x42, 0x08, 0x26, 0x19, 0x42, 0x08, 0x42, 0x08, 0x42, 0x08, 0x42, 0x08, 0x42, 0x08, 0x42, 0x08, 0x42, 0x08, 0x42, 0x08, 0x42, 0x08, 0x42, 0x08, 0x42, 0x08, 0x42, 0x08, 0x42, 0x08,
  0x26, 0x19, 0x42, 0x08, 0x42, 0x08, 0x42, 0x08, 0x42, 0x08, 0x42, 0x08, 0x42, 0x08, 0x42, 0x08, 0x42, 0x08, 0x42, 0x08, 0x42, 0x08, 0x42, 0x08, 0x42, 0x08, 0x42, 0x08, 0x06, 0x19, 0x42, 0x08,
  0x83, 0x08, 0x42, 0x08, 0x42, 0x08, 0x42, 0x08, 0x42, 0x08, 0x42, 0x08, 0x42, 0x08, 0x42, 0x08, 0x42, 0x08, 0x42, 0x08, 0x42, 0x08, 0x42, 0x08, 0x06, 0x19, 0x42, 0x08, 0x42, 0x08, 0x42, 0x08,
  0x42, 0x08, 0x42, 0x08, 0x42, 0x08, 0x42, 0x08, 0x42, 0x08, 0x42, 0x08, 0x42, 0x08, 0x42, 0x08, 0x42, 0x08, 0x42, 0x08, 0x05, 0x19, 0x42, 0x08, 0x42, 0x08, 0x42, 0x08, 0x42, 0x08, 0x42, 0x08,
  0x83, 0x08, 0x42, 0x08, 0x42, 0x08, 0x42, 0x08, 0x42, 0x08, 0x42, 0x08, 0x42, 0x08, 0x42, 0x08, 0x05, 0x19, 0x42, 0x08, 0x42, 0x08, 0x42, 0x08, 0x42, 0x08, 0x42, 0x08, 0x42, 0x08, 0x42, 0x08,
  0x42, 0x08, 0x42, 0x08, 0x42, 0x08, 0x42, 0x08, 0x42, 0x08, 0x42, 0x08, 0xe5, 0x10, 0x42, 0x08, 0x42, 0x08, 0x42, 0x08, 0x42, 0x08, 0x42, 0x08, 0x42, 0x08, 0x42, 0x08, 0x42, 0x08, 0x42, 0x08,
  0x83, 0x08, 0x42, 0x08, 0x42, 0x08, 0x42, 0x08, 0xe5, 0x10, 0x42, 0x08, 0x42, 0x08, 0x42, 0x08, 0x42, 0x08, 0x42, 0x08, 0x42, 0x08, 0x42, 0x08, 0x42, 0x08, 0x42, 0x08, 0x42, 0x08, 0x42, 0x08,
  0x42, 0x08, 0x42, 0x08, 0xe4, 0x10, 0x42, 0x08, 0x42, 0x08, 0x42, 0x08, 0x42, 0x08, 0x42, 0x08, 0x42, 0x08, 0x42, 0x08, 0x42, 0x08, 0x42, 0x08, 0x42, 0x08, 0x42, 0x08, 0x42, 0x08, 0x42, 0x08,
  0x83, 0x08, 0x42, 0x08, 0x42, 0x08, 0x42, 0x08, 0x42, 0x08, 0x42, 0x08, 0x42, 0x08, 0x42, 0x08, 0x42, 0x08, 0x42, 0x08, 0x42, 0x08, 0x42, 0x08, 0x63, 0x08, 0x82, 0x28, 0x00, 0x30, 0x82, 0x30,
  0xb6, 0x9d, 0x71, 0x84, 0x75, 0x95, 0xf3, 0x8c, 0xef, 0x7b, 0x55, 0x95, 0x4d, 0x6b, 0x0c, 0x63, 0x08, 0x52, 0x00, 0x20, 0xaf, 0x73, 0xcf, 0x7b, 0x51, 0x8c, 0x3d, 0xdf, 0xdb, 0xc6, 0x7d, 0xdf,
  0x9e, 0xe7, 0xff, 0xff, 0xff, 0xff, 0xff, 0xff, 0xff, 0xff, 0xdf, 0xf7, 0x7d, 0xdf, 0x7d, 0xdf, 0xdf, 0xf7, 0xff, 0xff, 0x9e, 0xe7, 0xbf, 0xef, 0x9e, 0xdf, 0x9e, 0xdf, 0x9e, 0xdf, 0x9e, 0xdf,
  0x9e, 0xdf, 0x9e, 0xdf, 0x9e, 0xdf, 0x9e, 0xdf, 0x9e, 0xdf, 0x9e, 0xdf, 0x9e, 0xdf, 0x9e, 0xdf, 0x9e, 0xdf, 0x9e, 0xdf, 0x9e, 0xdf, 0x9e, 0xdf, 0x9e, 0xdf, 0x7e, 0xdf, 0x7d, 0xdf, 0x5d, 0xd7,
  0x7d, 0xd7, 0x1c, 0xcf, 0x9a, 0xbe, 0x18, 0xae, 0x18, 0xa6, 0xf7, 0xa5, 0xf7, 0xa5, 0xf7, 0xa5, 0xf7, 0xa5, 0x18, 0xa6, 0x18, 0xae, 0xd7, 0xa5, 0x14, 0x95, 0x71, 0x84, 0xeb, 0x62, 0xab, 0x5a,
  0x21, 0x30, 0x41, 0x30, 0x04, 0x39, 0x52, 0x84, 0x52, 0x7c, 0x45, 0x39, 0x62, 0x28, 0xc7, 0x49, 0x45, 0x41, 0x69, 0x52, 0x18, 0xae, 0x71, 0x8c, 0x2c, 0x6b, 0x39, 0xae, 0x72, 0x7c, 0xb2, 0x94,
  0xd3, 0x9c, 0x00, 0x20, 0x20, 0x30, 0x08, 0x4a, 0x42, 0x08, 0x42, 0x08, 0x42, 0x08, 0x42, 0x08, 0x42, 0x08, 0x42, 0x08, 0x42, 0x08, 0x42, 0x08, 0x42, 0x08, 0x42, 0x08, 0x26, 0x19, 0x42, 0x08,
  0x42, 0x08, 0x42, 0x08, 0x42, 0x08, 0x42, 0x08, 0x42, 0x08, 0x42, 0x08, 0x42, 0x08, 0x42, 0x08, 0x42, 0x08, 0x42, 0x08, 0x42, 0x08, 0x42, 0x08, 0x26, 0x19, 0x42, 0x08, 0x42, 0x08, 0x42, 0x08,
  0x83, 0x08, 0x42, 0x08, 0x42, 0x08, 0x42, 0x08, 0x42, 0x08, 0x42, 0x08, 0x42, 0x08, 0x42, 0x08, 0x42, 0x08, 0x42, 0x08, 0x27, 0x19, 0x42, 0x08, 0x42, 0x08, 0x42, 0x08, 0x42, 0x08, 0x42, 0x08,
  0x42, 0x08, 0x42, 0x08, 0x42, 0x08, 0x42, 0x08, 0x42, 0x08, 0x42, 0x08, 0x42, 0x08, 0x42, 0x08, 0x27, 0x19, 0x42, 0x08, 0x42, 0x08, 0x42, 0x08, 0x42, 0x08, 0x42, 0x08, 0x42, 0x08, 0x42, 0x08,
  0x83, 0x08, 0x42, 0x08, 0x42, 0x08, 0x42, 0x08, 0x42, 0x08, 0x42, 0x08, 0x27, 0x19, 0x42, 0x08, 0x42, 0x08, 0x42, 0x08, 0x42, 0x08, 0x42, 0x08, 0x42, 0x08, 0x42, 0x08, 0x42, 0x08, 0x42, 0x08,
  0x42, 0x08, 0x42, 0x08, 0x42, 0x08, 0x42, 0x08, 0x27, 0x19, 0x42, 0x08, 0x42, 0x08, 0x42, 0x08, 0x42, 0x08, 0x42, 0x08, 0x42, 0x08, 0x42, 0x08, 0x42, 0x08, 0x42, 0x08, 0x42, 0x08, 0x42, 0x08,
  0x83, 0x08, 0x42, 0x08, 0x26, 0x19, 0x42, 0x08, 0x42, 0x08, 0x42, 0x08, 0x42, 0x08, 0x42, 0x08, 0x42, 0x08, 0x42, 0x08, 0x42, 0x08, 0x42, 0x08, 0x42, 0x08, 0x42, 0x08, 0x42, 0x08, 0x42, 0x08,
  0x26, 0x19, 0x42, 0x08, 0x42, 0x08, 0x42, 0x08, 0x42, 0x08, 0x42, 0x08, 0x42, 0x08, 0x42, 0x08, 0x42, 0x08, 0x42, 0x08, 0x42, 0x08, 0x42, 0x08, 0x42, 0x08, 0x42, 0x08, 0x06, 0x19, 0x42, 0x08,
  0x83, 0x08, 0x42, 0x08, 0x42, 0x08, 0x42, 0x08, 0x42, 0x08, 0x42, 0x08, 0x42, 0x08, 0x42, 0x08, 0x42, 0x08, 0x42, 0x08, 0x42, 0x08, 0x42, 0x08, 0x06, 0x19, 0x42, 0x08, 0x42, 0x08, 0x42, 0x08,
  0x42, 0x08, 0x42, 0x08, 0x42, 0x08, 0x42, 0x08, 0x42, 0x08, 0x42, 0x08, 0x42, 0x08, 0x42, 0x08, 0x42, 0x08, 0x42, 0x08, 0x05, 0x19, 0x42, 0x08, 0x42, 0x08, 0x42, 0x08, 0x42, 0x08, 0x42, 0x08,
  0x83, 0x08, 0x42, 0x08, 0x42, 0x08, 0x42, 0x08, 0x42, 0x08, 0x42, 0x08, 0x42, 0x08, 0x42, 0x08, 0x05, 0x19, 0x42, 0x08, 0x42, 0x08, 0x42, 0x08, 0x42, 0x08, 0x42, 0x08, 0x42, 0x08, 0x42, 0x08,
  0x42, 0x08, 0x42, 0x08, 0x42, 0x08, 0x42, 0x08, 0x42, 0x08, 0x42, 0x08, 0xe5, 0x10, 0x42, 0x08, 0x42, 0x08, 0x42, 0x08, 0x42, 0x08, 0x42, 0x08, 0x42, 0x08, 0x42, 0x08, 0x42, 0x08, 0x42, 0x08,
  0x83, 0x08, 0x42, 0x08, 0x42, 0x08, 0x42, 0x08, 0xe5, 0x10, 0x42, 0x08, 0x42, 0x08, 0x42, 0x08, 0x42, 0x08, 0x42, 0x08, 0x42, 0x08, 0x42, 0x08, 0x42, 0x08, 0x42, 0x08, 0x42, 0x08, 0x42, 0x08,
  0x42, 0x08, 0x42, 0x08, 0xe4, 0x10, 0x42, 0x08, 0x42, 0x08, 0x42, 0x08, 0x42, 0x08, 0x42, 0x08, 0x42, 0x08, 0x42, 0x08, 0x42, 0x08, 0x42, 0x08, 0x42, 0x08, 0x42, 0x08, 0x42, 0x08, 0x42, 0x08,
  0x83, 0x08, 0x42, 0x08, 0x42, 0x08, 0x42, 0x08, 0x42, 0x08, 0x42, 0x08, 0x42, 0x08, 0x42, 0x08, 0x42, 0x08, 0x42, 0x08, 0x42, 0x08, 0x42, 0x08, 0x63, 0x08, 0xa4, 0x10, 0x41, 0x30, 0x00, 0x28,
  0xa6, 0x49, 0xf8, 0xa5, 0x8e, 0x73, 0xb2, 0x84, 0xd7, 0x9d, 0x0c, 0x6b, 0x8e, 0x6b, 0xc7, 0x49, 0x00, 0x20, 0x82, 0x38, 0x49, 0x52, 0x49, 0x5a, 0x49, 0x5a, 0x10, 0x84, 0xf3, 0x9c, 0xf7, 0xad,
  0x1c, 0xcf, 0xbe, 0xe7, 0xdf, 0xf7, 0xff, 0xff, 0xff, 0xff, 0xff, 0xff, 0xbe, 0xef, 0x7d, 0xdf, 0x9e, 0xe7, 0xbe, 0xef, 0x9e, 0xdf, 0x9e, 0xe7, 0x9e, 0xdf, 0x9e, 0xdf, 0x9e, 0xdf, 0x9e, 0xdf,
  0x9e, 0xdf, 0x9e, 0xdf, 0x9e, 0xdf, 0x9e, 0xdf, 0x9e, 0xdf, 0x9e, 0xdf, 0x9e, 0xdf, 0x9e, 0xdf, 0x9e, 0xdf, 0x7d, 0xd7, 0x5d, 0xd7, 0x5d, 0xd7, 0x3d, 0xcf, 0x1c, 0xcf, 0xfc, 0xce, 0xfb, 0xc6,
  0xbb, 0xbe, 0x7a, 0xb6, 0x18, 0xa6, 0xf8, 0xa5, 0xf8, 0xa5, 0x18, 0xa6, 0x18, 0xa6, 0x18, 0xa6, 0x18, 0xa6, 0x18, 0xa6, 0x18, 0xae, 0x96, 0x9d, 0xd3, 0x8c, 0x31, 0x7c, 0xcb, 0x5a, 0x4d, 0x63,
  0x62, 0x30, 0x25, 0x41, 0x20, 0x28, 0xc3, 0x30, 0xc7, 0x49, 0xe3, 0x38, 0x00, 0x28, 0x00, 0x30, 0x8b, 0x5a, 0x8e, 0x73, 0x49, 0x5a, 0xf0, 0x83, 0x9a, 0xb6, 0xcf, 0x6b, 0xef, 0x7b, 0x18, 0xb6,
  0x61, 0x30, 0x00, 0x20, 0x86, 0x51, 0x25, 0x21, 0x42, 0x08, 0x42, 0x08, 0x42, 0x08, 0x42, 0x08, 0x42, 0x08, 0x42, 0x08, 0x42, 0x08, 0x42, 0x08, 0x42, 0x08, 0x42, 0x08, 0x26, 0x19, 0x42, 0x08,
  0x42, 0x08, 0x42, 0x08, 0x42, 0x08, 0x42, 0x08, 0x42, 0x08, 0x42, 0x08, 0x42, 0x08, 0x42, 0x08, 0x42, 0x08, 0x42, 0x08, 0x42, 0x08, 0x42, 0x08, 0x26, 0x19, 0x42, 0x08, 0x42, 0x08, 0x42, 0x08,
  0x83, 0x08, 0x42, 0x08, 0x42, 0x08, 0x42, 0x08, 0x42, 0x08, 0x42, 0x08, 0x42, 0x08, 0x42, 0x08, 0x42, 0x08, 0x42, 0x08, 0x27, 0x19, 0x42, 0x08, 0x42, 0x08, 0x42, 0x08, 0x42, 0x08, 0x42, 0x08,
  0x42, 0x08, 0x42, 0x08, 0x42, 0x08, 0x42, 0x08, 0x42, 0x08, 0x42, 0x08, 0x42, 0x08, 0x42, 0x08, 0x27, 0x19, 0x42, 0x08, 0x42, 0x08, 0x42, 0x08, 0x42, 0x08, 0x42, 0x08, 0x42, 0x08, 0x42, 0x08,
  0x83, 0x08, 0x42, 0x08, 0x42, 0x08, 0x42, 0x08, 0x42, 0x08, 0x42, 0x08, 0x27, 0x19, 0x42, 0x08, 0x42, 0x08, 0x42, 0x08, 0x42, 0x08, 0x42, 0x08, 0x42, 0x08, 0x42, 0x08, 0x42, 0x08, 0x42, 0x08,
  0x42, 0x08, 0x42, 0x08, 0x42, 0x08, 0x42, 0x08, 0x27, 0x19, 0x42, 0x08, 0x42, 0x08, 0x42, 0x08, 0x42, 0x08, 0x42, 0x08, 0x42, 0x08, 0x42, 0x08, 0x42, 0x08, 0x42, 0x08, 0x42, 0x08, 0x42, 0x08,
  0x83, 0x08, 0x42, 0x08, 0x26, 0x19, 0x42, 0x08, 0x42, 0x08, 0x42, 0x08, 0x42, 0x08, 0x42, 0x08, 0x42, 0x08, 0x42, 0x08, 0x42, 0x08, 0x42, 0x08, 0x42, 0x08, 0x42, 0x08, 0x42, 0x08, 0x42, 0x08,
  0x26, 0x19, 0x42, 0x08, 0x42, 0x08, 0x42, 0x08, 0x42, 0x08, 0x42, 0x08, 0x42, 0x08, 0x42, 0x08, 0x42, 0x08, 0x42, 0x08, 0x42, 0x08, 0x42, 0x08, 0x42, 0x08, 0x42, 0x08, 0x06, 0x19, 0x42, 0x08,
  0x83, 0x08, 0x42, 0x08, 0x42, 0x08, 0x42, 0x08, 0x42, 0x08, 0x42, 0x08, 0x42, 0x08, 0x42, 0x08, 0x42, 0x08, 0x42, 0x08, 0x42, 0x08, 0x42, 0x08, 0x06, 0x19, 0x42, 0x08, 0x42, 0x08, 0x42, 0x08,
  0x42, 0x08, 0x42, 0x08, 0x42, 0x08, 0x42, 0x08, 0x42, 0x08, 0x42, 0x08, 0x42, 0x08, 0x42, 0x08, 0x42, 0x08, 0x42, 0x08, 0x05, 0x19, 0x42, 0x08, 0x42, 0x08, 0x42, 0x08, 0x42, 0x08, 0x42, 0x08,
  0x83, 0x08, 0x42, 0x08, 0x42, 0x08, 0x42, 0x08, 0x42, 0x08, 0x42, 0x08, 0x42, 0x08, 0x42, 0x08, 0x05, 0x19, 0x42, 0x08, 0x42, 0x08, 0x42, 0x08, 0x42, 0x08, 0x42, 0x08, 0x42, 0x08, 0x42, 0x08,
  0x42, 0x08, 0x42, 0x08, 0x42, 0x08, 0x42, 0x08, 0x42, 0x08, 0x42, 0x08, 0xe5, 0x10, 0x42, 0x08, 0x42, 0x08, 0x42, 0x08, 0x42, 0x08, 0x42, 0x08, 0x42, 0x08, 0x42, 0x08, 0x42, 0x08, 0x42, 0x08,
  0x83, 0x08, 0x42, 0x08, 0x42, 0x08, 0x42, 0x08, 0xe5, 0x10, 0x42, 0x08, 0x42, 0x08, 0x42, 0x08, 0x42, 0x08, 0x42, 0x08, 0x42, 0x08, 0x42, 0x08, 0x42, 0x08, 0x42, 0x08, 0x42, 0x08, 0x42, 0x08,
  0x42, 0x08, 0x42, 0x08, 0xe4, 0x10, 0x42, 0x08, 0x42, 0x08, 0x42, 0x08, 0x42, 0x08, 0x42, 0x08, 0x42, 0x08, 0x42, 0x08, 0x42, 0x08, 0x42, 0x08, 0x42, 0x08, 0x42, 0x08, 0x42, 0x08, 0x42, 0x08,
  0x83, 0x08, 0x42, 0x08, 0x42, 0x08, 0x42, 0x08, 0x42, 0x08, 0x42, 0x08, 0x42, 0x08, 0x42, 0x08, 0x42, 0x08, 0x42, 0x08, 0x42, 0x08, 0x42, 0x08, 0x63, 0x08, 0x63, 0x08, 0xe4, 0x20, 0x21, 0x30,
  0x00, 0x20, 0x2c, 0x6b, 0xd7, 0x9d, 0x2c, 0x6b, 0xcb, 0x62, 0x34, 0x95, 0xd3, 0x8c, 0xcb, 0x62, 0x62, 0x30, 0x00, 0x20, 0x00, 0x20, 0x62, 0x30, 0xe3, 0x40, 0xa6, 0x49, 0x6a, 0x62, 0x4d, 0x73,
  0xef, 0x7b, 0xd3, 0x94, 0xd7, 0xad, 0xba, 0xc6, 0x1c, 0xcf, 0x5d, 0xd7, 0x7d, 0xdf, 0x5d, 0xd7, 0x5d, 0xd7, 0x5d, 0xd7, 0x7d, 0xdf, 0x9e, 0xe7, 0xbe, 0xe7, 0xbe, 0xe7, 0xbe, 0xe7, 0xbe, 0xe7,
  0xbe, 0xe7, 0xbe, 0xe7, 0x9e, 0xe7, 0x9e, 0xdf, 0x9e, 0xdf, 0x9e, 0xdf, 0x9e, 0xdf, 0x7e, 0xdf, 0x5d, 0xd7, 0x3d, 0xd7, 0x1c, 0xcf, 0x1c, 0xcf, 0xfc, 0xc6, 0xdb, 0xc6, 0xbb, 0xc6, 0x9a, 0xbe,
  0x79, 0xbe, 0x38, 0xae, 0x18, 0xa6, 0x18, 0xa6, 0x18, 0xae, 0x18, 0xae, 0x18, 0xae, 0x18, 0xa6, 0xd7, 0xa5, 0x96, 0x9d, 0xd3, 0x8c, 0x31, 0x7c, 0x4d, 0x63, 0xaa, 0x52, 0x6a, 0x4a, 0x65, 0x39,
  0xa7, 0x41, 0x65, 0x41, 0xc3, 0x38, 0x41, 0x30, 0x00, 0x28, 0x00, 0x28, 0x00, 0x28, 0x00, 0x28, 0x45, 0x41, 0x4d, 0x6b, 0xb6, 0x9d, 0xf3, 0x8c, 0xe7, 0x49, 0xcf, 0x73, 0x3c, 0xcf, 0x86, 0x51,
  0x00, 0x18, 0x04, 0x49, 0xe8, 0x39, 0x42, 0x08, 0x42, 0x08, 0x42, 0x08, 0x42, 0x08, 0x42, 0x08, 0x42, 0x08, 0x42, 0x08, 0x42, 0x08, 0x42, 0x08, 0x42, 0x08, 0x42, 0x08, 0x26, 0x19, 0x42, 0x08,
  0x42, 0x08, 0x42, 0x08, 0x42, 0x08, 0x42, 0x08, 0x42, 0x08, 0x42, 0x08, 0x42, 0x08, 0x42, 0x08, 0x42, 0x08, 0x42, 0x08, 0x42, 0x08, 0x42, 0x08, 0x26, 0x19, 0x42, 0x08, 0x42, 0x08, 0x42, 0x08,
  0x83, 0x08, 0x42, 0x08, 0x42, 0x08, 0x42, 0x08, 0x42, 0x08, 0x42, 0x08, 0x42, 0x08, 0x42, 0x08, 0x42, 0x08, 0x42, 0x08, 0x27, 0x19, 0x42, 0x08, 0x42, 0x08, 0x42, 0x08, 0x42, 0x08, 0x42, 0x08,
  0x42, 0x08, 0x42, 0x08, 0x42, 0x08, 0x42, 0x08, 0x42, 0x08, 0x42, 0x08, 0x42, 0x08, 0x42, 0x08, 0x27, 0x19, 0x42, 0x08, 0x42, 0x08, 0x42, 0x08, 0x42, 0x08, 0x42, 0x08, 0x42, 0x08, 0x42, 0x08,
  0x83, 0x08, 0x42, 0x08, 0x42, 0x08, 0x42, 0x08, 0x42, 0x08, 0x42, 0x08, 0x27, 0x19, 0x42, 0x08, 0x42, 0x08, 0x42, 0x08, 0x42, 0x08, 0x42, 0x08, 0x42, 0x08, 0x42, 0x08, 0x42, 0x08, 0x42, 0x08,
  0x42, 0x08, 0x42, 0x08, 0x42, 0x08, 0x42, 0x08, 0x27, 0x19, 0x42, 0x08, 0x42, 0x08, 0x42, 0x08, 0x42, 0x08, 0x42, 0x08, 0x42, 0x08, 0x42, 0x08, 0x42, 0x08, 0x42, 0x08, 0x42, 0x08, 0x42, 0x08,
  0x83, 0x08, 0x42, 0x08, 0x26, 0x19, 0x42, 0x08, 0x42, 0x08, 0x42, 0x08, 0x42, 0x08, 0x42, 0x08, 0x42, 0x08, 0x42, 0x08, 0x42, 0x08, 0x42, 0x08, 0x42, 0x08, 0x42, 0x08, 0x42, 0x08, 0x42, 0x08,
  0x26, 0x19, 0x42, 0x08, 0x42, 0x08, 0x42, 0x08, 0x42, 0x08, 0x42, 0x08, 0x42, 0x08, 0x42, 0x08, 0x42, 0x08, 0x42, 0x08, 0x42, 0x08, 0x42, 0x08, 0x42, 0x08, 0x42, 0x08, 0x06, 0x19, 0x42, 0x08,
  0x83, 0x08, 0x42, 0x08, 0x42, 0x08, 0x42, 0x08, 0x42, 0x08, 0x42, 0x08, 0x42, 0x08, 0x42, 0x08, 0x42, 0x08, 0x42, 0x08, 0x42, 0x08, 0x42, 0x08, 0x06, 0x19, 0x42, 0x08, 0x42, 0x08, 0x42, 0x08,
  0x42, 0x08, 0x42, 0x08, 0x42, 0x08, 0x42, 0x08, 0x42, 0x08, 0x42, 0x08, 0x42, 0x08, 0x42, 0x08, 0x42, 0x08, 0x42, 0x08, 0x05, 0x19, 0x42, 0x08, 0x42, 0x08, 0x42, 0x08, 0x42, 0x08, 0x42, 0x08,
  0x83, 0x08, 0x42, 0x08, 0x42, 0x08, 0x42, 0x08, 0x42, 0x08, 0x42, 0x08, 0x42, 0x08, 0x42, 0x08, 0x05, 0x19, 0x42, 0x08, 0x42, 0x08, 0x42, 0x08, 0x42, 0x08, 0x42, 0x08, 0x42, 0x08, 0x42, 0x08,
  0x42, 0x08, 0x42, 0x08, 0x42, 0x08, 0x42, 0x08, 0x42, 0x08, 0x42, 0x08, 0xe5, 0x10, 0x42, 0x08, 0x42, 0x08, 0x42, 0x08, 0x42, 0x08, 0x42, 0x08, 0x42, 0x08, 0x42, 0x08, 0x42, 0x08, 0x42, 0x08,
  0x83, 0x08, 0x42, 0x08, 0x42, 0x08, 0x42, 0x08, 0xe5, 0x10, 0x42, 0x08, 0x42, 0x08, 0x42, 0x08, 0x42, 0x08, 0x42, 0x08, 0x42, 0x08, 0x42, 0x08, 0x42, 0x08, 0x42, 0x08, 0x42, 0x08, 0x42, 0x08,
  0x42, 0x08, 0x42, 0x08, 0xe4, 0x10, 0x42, 0x08, 0x42, 0x08, 0x42, 0x08, 0x42, 0x08, 0x42, 0x08, 0x42, 0x08, 0x42, 0x08, 0x42, 0x08, 0x42, 0x08, 0x42, 0x08, 0x42, 0x08, 0x42, 0x08, 0x42, 0x08,
  0x83, 0x08, 0x42, 0x08, 0x42, 0x08, 0x42, 0x08, 0x42, 0x08, 0x42, 0x08, 0x42, 0x08, 0x42, 0x08, 0x42, 0x08, 0x42, 0x08, 0x42, 0x08, 0x42, 0x08, 0x63, 0x08, 0x63, 0x08, 0x63, 0x08, 0xc3, 0x28,
  0x00, 0x30, 0x82, 0x30, 0xd3, 0x8c, 0x8e, 0x6b, 0x0c, 0x63, 0x66, 0x41, 0x69, 0x5a, 0xb2, 0x8c, 0x14, 0x95, 0xef, 0x7b, 0x6a, 0x5a, 0xc3, 0x38, 0x00, 0x28, 0x00, 0x28, 0x41, 0x28, 0x04, 0x39,
  0x08, 0x52, 0xcb, 0x62, 0x6e, 0x73, 0x51, 0x84, 0xd3, 0x8c, 0x35, 0x95, 0xb6, 0x9d, 0xf7, 0xa5, 0x18, 0xae, 0x79, 0xae, 0x59, 0xb6, 0x79, 0xb6, 0x9a, 0xbe, 0xba, 0xbe, 0xdb, 0xc6, 0xfb, 0xc6,
  0x1c, 0xcf, 0x1c, 0xcf, 0x1c, 0xd7, 0x1c, 0xcf, 0x1c, 0xcf, 0xfc, 0xce, 0xfc, 0xc6, 0xdc, 0xc6, 0xbb, 0xbe, 0x79, 0xb6, 0x59, 0xae, 0x38, 0xae, 0x38, 0xae, 0x18, 0xae, 0x18, 0xa6, 0xf7, 0xa5,
  0xf7, 0xa5, 0xf7, 0xa5, 0x18, 0xa6, 0xf8, 0xa5, 0xd7, 0xa5, 0x96, 0x9d, 0x34, 0x8d, 0xb3, 0x84, 0x31, 0x7c, 0xaf, 0x6b, 0x2d, 0x63, 0x0c, 0x5b, 0xcb, 0x52, 0x6a, 0x52, 0x28, 0x4a, 0xa7, 0x49,
  0xe3, 0x38, 0x41, 0x30, 0x00, 0x28, 0x00, 0x28, 0x41, 0x30, 0x65, 0x49, 0xcb, 0x62, 0x31, 0x7c, 0xd3, 0x84, 0xf0, 0x73, 0xa6, 0x41, 0xc7, 0x49, 0x72, 0x84, 0xfb, 0xc6, 0x92, 0x94, 0x00, 0x20,
  0x41, 0x30, 0x6a, 0x5a, 0x42, 0x08, 0x42, 0x08, 0x42, 0x08, 0x42, 0x08, 0x42, 0x08, 0x42, 0x08, 0x42, 0x08, 0x42, 0x08, 0x42, 0x08, 0x42, 0x08, 0x42, 0x08, 0x42, 0x08, 0x26, 0x19, 0x42, 0x08,
  0x42, 0x08, 0x42, 0x08, 0x42, 0x08, 0x42, 0x08, 0x42, 0x08, 0x42, 0x08, 0x42, 0x08, 0x42, 0x08, 0x42, 0x08, 0x42, 0x08, 0x42, 0x08, 0x42, 0x08, 0x26, 0x19, 0x42, 0x08, 0x42, 0x08, 0x42, 0x08,
  0x83, 0x08, 0x42, 0x08, 0x42, 0x08, 0x42, 0x08, 0x42, 0x08, 0x42, 0x08, 0x42, 0x08, 0x42, 0x08, 0x42, 0x08, 0x42, 0x08, 0x27, 0x19, 0x42, 0x08, 0x42, 0x08, 0x42, 0x08, 0x42, 0x08, 0x42, 0x08,
  0x42, 0x08, 0x42, 0x08, 0x42, 0x08, 0x42, 0x08, 0x42, 0x08, 0x42, 0x08, 0x42, 0x08, 0x42, 0x08, 0x27, 0x19, 0x42, 0x08, 0x42, 0x08, 0x42, 0x08, 0x42, 0x08, 0x42, 0x08, 0x42, 0x08, 0x42, 0x08,
  0x83, 0x08, 0x42, 0x08, 0x42, 0x08, 0x42, 0x08, 0x42, 0x08, 0x42, 0x08, 0x27, 0x19, 0x42, 0x08, 0x42, 0x08, 0x42, 0x08, 0x42, 0x08, 0x42, 0x08, 0x42, 0x08, 0x42, 0x08, 0x42, 0x08, 0x42, 0x08,
  0x42, 0x08, 0x42, 0x08, 0x42, 0x08, 0x42, 0x08, 0x27, 0x19, 0x42, 0x08, 0x42, 0x08, 0x42, 0x08, 0x42, 0x08, 0x42, 0x08, 0x42, 0x08, 0x42, 0x08, 0x42, 0x08, 0x42, 0x08, 0x42, 0x08, 0x42, 0x08,
  0x83, 0x08, 0x42, 0x08, 0x26, 0x19, 0x42, 0x08, 0x42, 0x08, 0x42, 0x08, 0x42, 0x08, 0x42, 0x08, 0x42, 0x08, 0x42, 0x08, 0x42, 0x08, 0x42, 0x08, 0x42, 0x08, 0x42, 0x08, 0x42, 0x08, 0x42, 0x08,
  0x26, 0x19, 0x42, 0x08, 0x42, 0x08, 0x42, 0x08, 0x42, 0x08, 0x42, 0x08, 0x42, 0x08, 0x42, 0x08, 0x42, 0x08, 0x42, 0x08, 0x42, 0x08, 0x42, 0x08, 0x42, 0x08, 0x42, 0x08, 0x06, 0x19, 0x42, 0x08,
  0x83, 0x08, 0x42, 0x08, 0x42, 0x08, 0x42, 0x08, 0x42, 0x08, 0x42, 0x08, 0x42, 0x08, 0x42, 0x08, 0x42, 0x08, 0x42, 0x08, 0x42, 0x08, 0x42, 0x08, 0x06, 0x19, 0x42, 0x08, 0x42, 0x08, 0x42, 0x08,
  0x42, 0x08, 0x42, 0x08, 0x42, 0x08, 0x42, 0x08, 0x42, 0x08, 0x42, 0x08, 0x42, 0x08, 0x42, 0x08, 0x42, 0x08, 0x42, 0x08, 0x05, 0x19, 0x42, 0x08, 0x42, 0x08, 0x42, 0x08, 0x42, 0x08, 0x42, 0x08,
  0x83, 0x08, 0x42, 0x08, 0x42, 0x08, 0x42, 0x08, 0x42, 0x08, 0x42, 0x08, 0x42, 0x08, 0x42, 0x08, 0x05, 0x19, 0x42, 0x08, 0x42, 0x08, 0x42, 0x08, 0x42, 0x08, 0x42, 0x08, 0x42, 0x08, 0x42, 0x08,
  0x42, 0x08, 0x42, 0x08, 0x42, 0x08, 0x42, 0x08, 0x42, 0x08, 0x42, 0x08, 0xe5, 0x10, 0x42, 0x08, 0x42, 0x08, 0x42, 0x08, 0x42, 0x08, 0x42, 0x08, 0x42, 0x08, 0x42, 0x08, 0x42, 0x08, 0x42, 0x08,
  0x83, 0x08, 0x42, 0x08, 0x42, 0x08, 0x42, 0x08, 0xe5, 0x10, 0x42, 0x08, 0x42, 0x08, 0x42, 0x08, 0x42, 0x08, 0x42, 0x08, 0x42, 0x08, 0x42, 0x08, 0x42, 0x08, 0x42, 0x08, 0x42, 0x08, 0x42, 0x08,
  0x42, 0x08, 0x42, 0x08, 0xe4, 0x10, 0x42, 0x08, 0x42, 0x08, 0x42, 0x08, 0x42, 0x08, 0x42, 0x08, 0x42, 0x08, 0x42, 0x08, 0x42, 0x08, 0x42, 0x08, 0x42, 0x08, 0x42, 0x08, 0x42, 0x08, 0x42, 0x08,
  0x83, 0x08, 0x42, 0x08, 0x42, 0x08, 0x42, 0x08, 0x42, 0x08, 0x42, 0x08, 0x42, 0x08, 0x42, 0x08, 0x42, 0x08, 0x42, 0x08, 0x42, 0x08, 0x42, 0x08, 0xe4, 0x10, 0x42, 0x08, 0x42, 0x08, 0x83, 0x10,
  0x41, 0x30, 0x00, 0x28, 0x28, 0x52, 0x92, 0x84, 0x65, 0x41, 0xe7, 0x49, 0x25, 0x39, 0x21, 0x28, 0xe3, 0x38, 0x8a, 0x5a, 0xcf, 0x7b, 0x92, 0x84, 0x72, 0x84, 0xcf, 0x7b, 0xec, 0x6a, 0x08, 0x52,
  0x66, 0x49, 0x25, 0x41, 0x66, 0x41, 0xc7, 0x49, 0x29, 0x52, 0xec, 0x62, 0xb0, 0x73, 0x52, 0x84, 0xd3, 0x8c, 0x76, 0x9d, 0xf8, 0xa5, 0x39, 0xae, 0x39, 0xae, 0x39, 0xae, 0x39, 0xae, 0x39, 0xae,
  0x39, 0xae, 0x39, 0xae, 0x39, 0xae, 0x59, 0xae, 0x59, 0xae, 0x59, 0xae, 0x59, 0xae, 0x59, 0xb6, 0x59, 0xb6, 0x59, 0xae, 0x39, 0xae, 0x59, 0xae, 0x59, 0xae, 0x59, 0xae, 0x59, 0xae, 0x59, 0xae,
  0x59, 0xae, 0xf8, 0xa5, 0xd7, 0x9d, 0x96, 0x9d, 0x55, 0x95, 0xf4, 0x8c, 0xd4, 0x8c, 0x72, 0x84, 0xf0, 0x73, 0x2d, 0x63, 0xab, 0x5a, 0x09, 0x52, 0x45, 0x39, 0xa2, 0x30, 0x61, 0x30, 0xa2, 0x38,
  0x24, 0x41, 0x08, 0x52, 0x0c, 0x63, 0xcf, 0x73, 0x31, 0x74, 0x31, 0x7c, 0x6e, 0x6b, 0x86, 0x41, 0x41, 0x28, 0x04, 0x41, 0xcf, 0x7b, 0xd3, 0x8c, 0xb6, 0xad, 0xf7, 0xbd, 0xc3, 0x38, 0x00, 0x20,
  0xa7, 0x51, 0x25, 0x21, 0x42, 0x08, 0x42, 0x08, 0x42, 0x08, 0x42, 0x08, 0x42, 0x08, 0x42, 0x08, 0x42, 0x08, 0x42, 0x08, 0x42, 0x08, 0x42, 0x08, 0x42, 0x08, 0x42, 0x08, 0x26, 0x19, 0x42, 0x08,
  0x42, 0x08, 0x42, 0x08, 0x42, 0x08, 0x42, 0x08, 0x42, 0x08, 0x42, 0x08, 0x42, 0x08, 0x42, 0x08, 0x42, 0x08, 0x42, 0x08, 0x42, 0x08, 0x42, 0x08, 0x26, 0x19, 0x42, 0x08, 0x42, 0x08, 0x42, 0x08,
  0x83, 0x08, 0x42, 0x08, 0x42, 0x08, 0x42, 0x08, 0x42, 0x08, 0x42, 0x08, 0x42, 0x08, 0x42, 0x08, 0x42, 0x08, 0x42, 0x08, 0x27, 0x19, 0x42, 0x08, 0x42, 0x08, 0x42, 0x08, 0x42, 0x08, 0x42, 0x08,
  0x42, 0x08, 0x42, 0x08, 0x42, 0x08, 0x42, 0x08, 0x42, 0x08, 0x42, 0x08, 0x42, 0x08, 0x42, 0x08, 0x27, 0x19, 0x42, 0x08, 0x42, 0x08, 0x42, 0x08, 0x42, 0x08, 0x42, 0x08, 0x42, 0x08, 0x42, 0x08,
  0x83, 0x08, 0x42, 0x08, 0x42, 0x08, 0x42, 0x08, 0x42, 0x08, 0x42, 0x08, 0x27, 0x19, 0x42, 0x08, 0x42, 0x08, 0x42, 0x08, 0x42, 0x08, 0x42, 0x08, 0x42, 0x08, 0x42, 0x08, 0x42, 0x08, 0x42, 0x08,
  0x42, 0x08, 0x42, 0x08, 0x42, 0x08, 0x42, 0x08, 0x27, 0x19, 0x42, 0x08, 0x42, 0x08, 0x42, 0x08, 0x42, 0x08, 0x42, 0x08, 0x42, 0x08, 0x42, 0x08, 0x42, 0x08, 0x42, 0x08, 0x42, 0x08, 0x42, 0x08,
  0x83, 0x08, 0x42, 0x08, 0x26, 0x19, 0x42, 0x08, 0x42, 0x08, 0x42, 0x08, 0x42, 0x08, 0x42, 0x08, 0x42, 0x08, 0x42, 0x08, 0x42, 0x08, 0x42, 0x08, 0x42, 0x08, 0x42, 0x08, 0x42, 0x08, 0x42, 0x08,
  0x26, 0x19, 0x42, 0x08, 0x42, 0x08, 0x42, 0x08, 0x42, 0x08, 0x42, 0x08, 0x42, 0x08, 0x42, 0x08, 0x42, 0x08, 0x42, 0x08, 0x42, 0x08, 0x42, 0x08, 0x42, 0x08, 0x42, 0x08, 0x06, 0x19, 0x42, 0x08,
  0x83, 0x08, 0x42, 0x08, 0x42, 0x08, 0x42, 0x08, 0x42, 0x08, 0x42, 0x08, 0x42, 0x08, 0x42, 0x08, 0x42, 0x08, 0x42, 0x08, 0x42, 0x08, 0x42, 0x08, 0x06, 0x19, 0x42, 0x08, 0x42, 0x08, 0x42, 0x08,
  0x42, 0x08, 0x42, 0x08, 0x42, 0x08, 0x42, 0x08, 0x42, 0x08, 0x42, 0x08, 0x42, 0x08, 0x42, 0x08, 0x42, 0x08, 0x42, 0x08, 0x05, 0x19, 0x42, 0x08, 0x42, 0x08, 0x42, 0x08, 0x42, 0x08, 0x42, 0x08,
  0x83, 0x08, 0x42, 0x08, 0x42, 0x08, 0x42, 0x08, 0x42, 0x08, 0x42, 0x08, 0x42, 0x08, 0x42, 0x08, 0x05, 0x19, 0x42, 0x08, 0x42, 0x08, 0x42, 0x08, 0x42, 0x08, 0x42, 0x08, 0x42, 0x08, 0x42, 0x08,
  0x42, 0x08, 0x42, 0x08, 0x42, 0x08, 0x42, 0x08, 0x42, 0x08, 0x42, 0x08, 0xe5, 0x10, 0x42, 0x08, 0x42, 0x08, 0x42, 0x08, 0x42, 0x08, 0x42, 0x08, 0x42, 0x08, 0x42, 0x08, 0x42, 0x08, 0x42, 0x08,
  0x83, 0x08, 0x42, 0x08, 0x42, 0x08, 0x42, 0x08, 0xe5, 0x10, 0x42, 0x08, 0x42, 0x08, 0x42, 0x08, 0x42, 0x08, 0x42, 0x08, 0x42, 0x08, 0x42, 0x08, 0x42, 0x08, 0x42, 0x08, 0x42, 0x08, 0x42, 0x08,
  0x42, 0x08, 0x42, 0x08, 0xe4, 0x10, 0x42, 0x08, 0x42, 0x08, 0x42, 0x08, 0x42, 0x08, 0x42, 0x08, 0x42, 0x08, 0x42, 0x08, 0x42, 0x08, 0x42, 0x08, 0x42, 0x08, 0x42, 0x08, 0x42, 0x08, 0x42, 0x08,
  0x83, 0x08, 0x42, 0x08, 0x42, 0x08, 0x42, 0x08, 0x42, 0x08, 0x42, 0x08, 0x42, 0x08, 0x42, 0x08, 0x42, 0x08, 0x42, 0x08, 0x42, 0x08, 0x42, 0x08, 0xe4, 0x10, 0x42, 0x08, 0x42, 0x08, 0x42, 0x08,
  0xa3, 0x20, 0x00, 0x30, 0x00, 0x20, 0x49, 0x5a, 0x92, 0x84, 0x08, 0x52, 0x82, 0x30, 0x21, 0x28, 0x00, 0x28, 0x00, 0x20, 0x00, 0x20, 0x41, 0x30, 0x24, 0x41, 0x28, 0x52, 0x2c, 0x6b, 0xf0, 0x7b,
  0x72, 0x8c, 0xd3, 0x94, 0xd3, 0x94, 0x92, 0x8c, 0x51, 0x8c, 0xf0, 0x83, 0xcf, 0x7b, 0xaf, 0x73, 0xcf, 0x73, 0x10, 0x7c, 0x51, 0x84, 0xb3, 0x8c, 0x14, 0x95, 0x14, 0x95, 0x14, 0x8d, 0x14, 0x8d,
  0x14, 0x8d, 0x14, 0x8d, 0x34, 0x8d, 0x14, 0x8d, 0x34, 0x8d, 0x55, 0x95, 0x55, 0x95, 0x55, 0x95, 0x34, 0x95, 0x34, 0x95, 0x34, 0x8d, 0x14, 0x8d, 0x14, 0x8d, 0xf3, 0x8c, 0xf3, 0x8c, 0xd3, 0x8c,
  0xb2, 0x84, 0x71, 0x7c, 0x31, 0x7c, 0x10, 0x74, 0xaf, 0x73, 0x6e, 0x6b, 0x4d, 0x6b, 0x0c, 0x63, 0xec, 0x62, 0xec, 0x62, 0x0c, 0x6b, 0x4d, 0x6b, 0x8e, 0x73, 0xcf, 0x73, 0x10, 0x7c, 0x10, 0x7c,
  0xcf, 0x73, 0x4d, 0x6b, 0x8a, 0x5a, 0x66, 0x41, 0x82, 0x30, 0x00, 0x28, 0x00, 0x28, 0xe4, 0x38, 0xab, 0x62, 0x8e, 0x73, 0x4d, 0x6b, 0xd3, 0x9c, 0x34, 0xa5, 0x04, 0x41, 0x00, 0x20, 0xa3, 0x40,
  0x6a, 0x4a, 0x42, 0x08, 0x42, 0x08, 0x42, 0x08, 0x42, 0x08, 0x42, 0x08, 0x42, 0x08, 0x42, 0x08, 0x42, 0x08, 0x42, 0x08, 0x42, 0x08, 0x42, 0x08, 0x42, 0x08, 0x42, 0x08, 0x26, 0x19, 0x42, 0x08,
  0x42, 0x08, 0x42, 0x08, 0x42, 0x08, 0x42, 0x08, 0x42, 0x08, 0x42, 0x08, 0x42, 0x08, 0x42, 0x08, 0x42, 0x08, 0x42, 0x08, 0x42, 0x08, 0x42, 0x08, 0x26, 0x19, 0x42, 0x08, 0x42, 0x08, 0x42, 0x08,
  0x83, 0x08, 0x42, 0x08, 0x42, 0x08, 0x42, 0x08, 0x42, 0x08, 0x42, 0x08, 0x42, 0x08, 0x42, 0x08, 0x42, 0x08, 0x42, 0x08, 0x27, 0x19, 0x42, 0x08, 0x42, 0x08, 0x42, 0x08, 0x42, 0x08, 0x42, 0x08,
  0x42, 0x08, 0x42, 0x08, 0x42, 0x08, 0x42, 0x08, 0x42, 0x08, 0x42, 0x08, 0x42, 0x08, 0x42, 0x08, 0x27, 0x19, 0x42, 0x08, 0x42, 0x08, 0x42, 0x08, 0x42, 0x08, 0x42, 0x08, 0x42, 0x08, 0x42, 0x08,
  0x83, 0x08, 0x42, 0x08, 0x42, 0x08, 0x42, 0x08, 0x42, 0x08, 0x42, 0x08, 0x27, 0x19, 0x42, 0x08, 0x42, 0x08, 0x42, 0x08, 0x42, 0x08, 0x42, 0x08, 0x42, 0x08, 0x42, 0x08, 0x42, 0x08, 0x42, 0x08,
  0x42, 0x08, 0x42, 0x08, 0x42, 0x08, 0x42, 0x08, 0x27, 0x19, 0x42, 0x08, 0x42, 0x08, 0x42, 0x08, 0x42, 0x08, 0x42, 0x08, 0x42, 0x08, 0x42, 0x08, 0x42, 0x08, 0x42, 0x08, 0x42, 0x08, 0x42, 0x08,
  0x83, 0x08, 0x42, 0x08, 0x26, 0x19, 0x42, 0x08, 0x42, 0x08, 0x42, 0x08, 0x42, 0x08, 0x42, 0x08, 0x42, 0x08, 0x42, 0x08, 0x42, 0x08, 0x42, 0x08, 0x42, 0x08, 0x42, 0x08, 0x42, 0x08, 0x42, 0x08,
  0x26, 0x19, 0x42, 0x08, 0x42, 0x08, 0x42, 0x08, 0x42, 0x08, 0x42, 0x08, 0x42, 0x08, 0x42, 0x08, 0x42, 0x08, 0x42, 0x08, 0x42, 0x08, 0x42, 0x08, 0x42, 0x08, 0x42, 0x08, 0x06, 0x19, 0x42, 0x08,
  0x83, 0x08, 0x42, 0x08, 0x42, 0x08, 0x42, 0x08, 0x42, 0x08, 0x42, 0x08, 0x42, 0x08, 0x42, 0x08, 0x42, 0x08, 0x42, 0x08, 0x42, 0x08, 0x42, 0x08, 0x06, 0x19, 0x42, 0x08, 0x42, 0x08, 0x42, 0x08,
  0x42, 0x08, 0x42, 0x08, 0x42, 0x08, 0x42, 0x08, 0x42, 0x08, 0x42, 0x08, 0x42, 0x08, 0x42, 0x08, 0x42, 0x08, 0x42, 0x08, 0x05, 0x19, 0x42, 0x08, 0x42, 0x08, 0x42, 0x08, 0x42, 0x08, 0x42, 0x08,
  0x83, 0x08, 0x42, 0x08, 0x42, 0x08, 0x42, 0x08, 0x42, 0x08, 0x42, 0x08, 0x42, 0x08, 0x42, 0x08, 0x05, 0x19, 0x42, 0x08, 0x42, 0x08, 0x42, 0x08, 0x42, 0x08, 0x42, 0x08, 0x42, 0x08, 0x42, 0x08,
  0x42, 0x08, 0x42, 0x08, 0x42, 0x08, 0x42, 0x08, 0x42, 0x08, 0x42, 0x08, 0xe5, 0x10, 0x42, 0x08, 0x42, 0x08, 0x42, 0x08, 0x42, 0x08, 0x42, 0x08, 0x42, 0x08, 0x42, 0x08, 0x42, 0x08, 0x42, 0x08,
  0x83, 0x08, 0x42, 0x08, 0x42, 0x08, 0x42, 0x08, 0xe5, 0x10, 0x42, 0x08, 0x42, 0x08, 0x42, 0x08, 0x42, 0x08, 0x42, 0x08, 0x42, 0x08, 0x42, 0x08, 0x42, 0x08, 0x42, 0x08, 0x42, 0x08, 0x42, 0x08,
  0x42, 0x08, 0x42, 0x08, 0xe4, 0x10, 0x42, 0x08, 0x42, 0x08, 0x42, 0x08, 0x42, 0x08, 0x42, 0x08, 0x42, 0x08, 0x42, 0x08, 0x42, 0x08, 0x42, 0x08, 0x42, 0x08, 0x42, 0x08, 0x42, 0x08, 0x42, 0x08,
  0x83, 0x08, 0x42, 0x08, 0x42, 0x08, 0x42, 0x08, 0x42, 0x08, 0x42, 0x08, 0x42, 0x08, 0x42, 0x08, 0x42, 0x08, 0x42, 0x08, 0x42, 0x08, 0x42, 0x08, 0xe4, 0x10, 0x42, 0x08, 0x42, 0x08, 0x42, 0x08,
  0x42, 0x08, 0x04, 0x31, 0x21, 0x38, 0x00, 0x20, 0x82, 0x30, 0x4d, 0x6b, 0xcf, 0x73, 0x49, 0x52, 0xc3, 0x38, 0x00, 0x28, 0x00, 0x28, 0x00, 0x28, 0x82, 0x30, 0xc3, 0x38, 0x04, 0x39, 0x04, 0x39,
  0x04, 0x39, 0xe4, 0x38, 0x65, 0x41, 0xe8, 0x51, 0x8a, 0x62, 0x0c, 0x6b, 0x8e, 0x7b, 0xef, 0x83, 0x71, 0x8c, 0xb3, 0x8c, 0xf4, 0x94, 0x34, 0x9d, 0x75, 0x9d, 0x76, 0xa5, 0x76, 0xa5, 0x76, 0x9d,
  0x76, 0x9d, 0x76, 0xa5, 0x76, 0xa5, 0x35, 0x9d, 0xf4, 0x94, 0xf3, 0x94, 0xb3, 0x94, 0x92, 0x8c, 0x72, 0x8c, 0x71, 0x8c, 0x51, 0x84, 0x51, 0x84, 0x51, 0x84, 0x71, 0x84, 0x51, 0x84, 0x51, 0x84,
  0x72, 0x84, 0x72, 0x84, 0x51, 0x84, 0x51, 0x84, 0x31, 0x7c, 0x10, 0x7c, 0x11, 0x7c, 0xf0, 0x7b, 0xaf, 0x73, 0x6d, 0x6b, 0x0c, 0x63, 0xaa, 0x5a, 0x08, 0x52, 0x66, 0x41, 0x04, 0x39, 0x82, 0x30,
  0x41, 0x30, 0x00, 0x28, 0x00, 0x28, 0x00, 0x28, 0x00, 0x28, 0x00, 0x28, 0xc3, 0x38, 0xa6, 0x41, 0xcb, 0x62, 0x30, 0x7c, 0xd2, 0x94, 0xeb, 0x6a, 0x00, 0x28, 0x00, 0x20, 0xc3, 0x40, 0xe8, 0x41,
  0x46, 0x19, 0x42, 0x08, 0x42, 0x08, 0x42, 0x08, 0x42, 0x08, 0x42, 0x08, 0x42, 0x08, 0x42, 0x08, 0x42, 0x08, 0x42, 0x08, 0x42, 0x08, 0x42, 0x08, 0x42, 0x08, 0x42, 0x08, 0x26, 0x19, 0x42, 0x08,
  0x42, 0x08, 0x42, 0x08, 0x42, 0x08, 0x42, 0x08, 0x42, 0x08, 0x42, 0x08, 0x42, 0x08, 0x42, 0x08, 0x42, 0x08, 0x42, 0x08, 0x42, 0x08, 0x42, 0x08, 0x26, 0x19, 0x42, 0x08, 0x42, 0x08, 0x42, 0x08,
  0x83, 0x08, 0x42, 0x08, 0x42, 0x08, 0x42, 0x08, 0x42, 0x08, 0x42, 0x08, 0x42, 0x08, 0x42, 0x08, 0x42, 0x08, 0x42, 0x08, 0x27, 0x19, 0x42, 0x08, 0x42, 0x08, 0x42, 0x08, 0x42, 0x08, 0x42, 0x08,
  0x42, 0x08, 0x42, 0x08, 0x42, 0x08, 0x42, 0x08, 0x42, 0x08, 0x42, 0x08, 0x42, 0x08, 0x42, 0x08, 0x27, 0x19, 0x42, 0x08, 0x42, 0x08, 0x42, 0x08, 0x42, 0x08, 0x42, 0x08, 0x42, 0x08, 0x42, 0x08,
  0x83, 0x08, 0x42, 0x08, 0x42, 0x08, 0x42, 0x08, 0x42, 0x08, 0x42, 0x08, 0x27, 0x19, 0x42, 0x08, 0x42, 0x08, 0x42, 0x08, 0x42, 0x08, 0x42, 0x08, 0x42, 0x08, 0x42, 0x08, 0x42, 0x08, 0x42, 0x08,
  0x42, 0x08, 0x42, 0x08, 0x42, 0x08, 0x42, 0x08, 0x27, 0x19, 0x42, 0x08, 0x42, 0x08, 0x42, 0x08, 0x42, 0x08, 0x42, 0x08, 0x42, 0x08, 0x42, 0x08, 0x42, 0x08, 0x42, 0x08, 0x42, 0x08, 0x42, 0x08,
  0x83, 0x08, 0x42, 0x08, 0x26, 0x19, 0x42, 0x08, 0x42, 0x08, 0x42, 0x08, 0x42, 0x08, 0x42, 0x08, 0x42, 0x08, 0x42, 0x08, 0x42, 0x08, 0x42, 0x08, 0x42, 0x08, 0x42, 0x08, 0x42, 0x08, 0x42, 0x08,
  0x26, 0x19, 0x42, 0x08, 0x42, 0x08, 0x42, 0x08, 0x42, 0x08, 0x42, 0x08, 0x42, 0x08, 0x42, 0x08, 0x42, 0x08, 0x42, 0x08, 0x42, 0x08, 0x42, 0x08, 0x42, 0x08, 0x42, 0x08, 0x06, 0x19, 0x42, 0x08,
  0x83, 0x08, 0x42, 0x08, 0x42, 0x08, 0x42, 0x08, 0x42, 0x08, 0x42, 0x08, 0x42, 0x08, 0x42, 0x08, 0x42, 0x08, 0x42, 0x08, 0x42, 0x08, 0x42, 0x08, 0x06, 0x19, 0x42, 0x08, 0x42, 0x08, 0x42, 0x08,
  0x42, 0x08, 0x42, 0x08, 0x42, 0x08, 0x42, 0x08, 0x42, 0x08, 0x42, 0x08, 0x42, 0x08, 0x42, 0x08, 0x42, 0x08, 0x42, 0x08, 0x05, 0x19, 0x42, 0x08, 0x42, 0x08, 0x42, 0x08, 0x42, 0x08, 0x42, 0x08,
  0x83, 0x08, 0x42, 0x08, 0x42, 0x08, 0x42, 0x08, 0x42, 0x08, 0x42, 0x08, 0x42, 0x08, 0x42, 0x08, 0x05, 0x19, 0x42, 0x08, 0x42, 0x08, 0x42, 0x08, 0x42, 0x08, 0x42, 0x08, 0x42, 0x08, 0x42, 0x08,
  0x42, 0x08, 0x42, 0x08, 0x42, 0x08, 0x42, 0x08, 0x42, 0x08, 0x42, 0x08, 0xe5, 0x10, 0x42, 0x08, 0x42, 0x08, 0x42, 0x08, 0x42, 0x08, 0x42, 0x08, 0x42, 0x08, 0x42, 0x08, 0x42, 0x08, 0x42, 0x08,
  0x83, 0x08, 0x42, 0x08, 0x42, 0x08, 0x42, 0x08, 0xe5, 0x10, 0x42, 0x08, 0x42, 0x08, 0x42, 0x08, 0x42, 0x08, 0x42, 0x08, 0x42, 0x08, 0x42, 0x08, 0x42, 0x08, 0x42, 0x08, 0x42, 0x08, 0x42, 0x08,
  0x42, 0x08, 0x42, 0x08, 0xe4, 0x10, 0x42, 0x08, 0x42, 0x08, 0x42, 0x08, 0x42, 0x08, 0x42, 0x08, 0x42, 0x08, 0x42, 0x08, 0x42, 0x08, 0x42, 0x08, 0x42, 0x08, 0x42, 0x08, 0x42, 0x08, 0x42, 0x08,
  0x83, 0x08, 0x42, 0x08, 0x42, 0x08, 0x42, 0x08, 0x42, 0x08, 0x42, 0x08, 0x42, 0x08, 0x42, 0x08, 0x42, 0x08, 0x42, 0x08, 0x42, 0x08, 0x42, 0x08, 0xe4, 0x10, 0x42, 0x08, 0x42, 0x08, 0x42, 0x08,
  0x42, 0x08, 0x42, 0x08, 0x25, 0x31, 0x82, 0x38, 0x00, 0x28, 0x00, 0x20, 0x82, 0x30, 0x49, 0x52, 0x6d, 0x6b, 0x6d, 0x73, 0x6a, 0x5a, 0x24, 0x41, 0x21, 0x28, 0x00, 0x28, 0x00, 0x28, 0x82, 0x30,
  0x45, 0x41, 0xe8, 0x49, 0x29, 0x52, 0x29, 0x52, 0x29, 0x52, 0x08, 0x52, 0xe7, 0x51, 0xc7, 0x51, 0x86, 0x49, 0x66, 0x49, 0x65, 0x49, 0x65, 0x49, 0x66, 0x49, 0x86, 0x49, 0xc7, 0x51, 0x08, 0x52,
  0x28, 0x5a, 0x69, 0x62, 0xaa, 0x6a, 0xcb, 0x6a, 0xcb, 0x6a, 0xcb, 0x6a, 0xeb, 0x6a, 0xcb, 0x6a, 0xcb, 0x6a, 0xcb, 0x62, 0xaa, 0x62, 0x8a, 0x62, 0x69, 0x5a, 0x49, 0x5a, 0x28, 0x52, 0x08, 0x52,
  0x08, 0x4a, 0xe8, 0x49, 0xa7, 0x49, 0xa6, 0x49, 0xa6, 0x49, 0x86, 0x49, 0xa6, 0x49, 0xc7, 0x51, 0xc7, 0x51, 0xc7, 0x49, 0xa7, 0x49, 0x87, 0x41, 0xa7, 0x41, 0xa7, 0x41, 0x45, 0x39, 0xc3, 0x30,
  0x41, 0x30, 0x00, 0x28, 0x00, 0x28, 0x00, 0x28, 0x82, 0x38, 0xe7, 0x51, 0x6d, 0x73, 0x51, 0x84, 0x30, 0x84, 0x49, 0x5a, 0x00, 0x28, 0x00, 0x18, 0x20, 0x30, 0x45, 0x49, 0xc7, 0x39, 0x42, 0x08,
  0x46, 0x19, 0x42, 0x08, 0x42, 0x08, 0x42, 0x08, 0x42, 0x08, 0x42, 0x08, 0x42, 0x08, 0x42, 0x08, 0x42, 0x08, 0x42, 0x08, 0x42, 0x08, 0x42, 0x08, 0x42, 0x08, 0x42, 0x08, 0x26, 0x19, 0x42, 0x08,
  0x42, 0x08, 0x42, 0x08, 0x42, 0x08, 0x42, 0x08, 0x42, 0x08, 0x42, 0x08, 0x42, 0x08, 0x42, 0x08, 0x42, 0x08, 0x42, 0x08, 0x42, 0x08, 0x42, 0x08, 0x26, 0x19, 0x42, 0x08, 0x42, 0x08, 0x42, 0x08,
  0x83, 0x08, 0x42, 0x08, 0x42, 0x08, 0x42, 0x08, 0x42, 0x08, 0x42, 0x08, 0x42, 0x08, 0x42, 0x08, 0x42, 0x08, 0x42, 0x08, 0x27, 0x19, 0x42, 0x08, 0x42, 0x08, 0x42, 0x08, 0x42, 0x08, 0x42, 0x08,
  0x42, 0x08, 0x42, 0x08, 0x42, 0x08, 0x42, 0x08, 0x42, 0x08, 0x42, 0x08, 0x42, 0x08, 0x42, 0x08, 0x27, 0x19, 0x42, 0x08, 0x42, 0x08, 0x42, 0x08, 0x42, 0x08, 0x42, 0x08, 0x42, 0x08, 0x42, 0x08,
  0x83, 0x08, 0x42, 0x08, 0x42, 0x08, 0x42, 0x08, 0x42, 0x08, 0x42, 0x08, 0x27, 0x19, 0x42, 0x08, 0x42, 0x08, 0x42, 0x08, 0x42, 0x08, 0x42, 0x08, 0x42, 0x08, 0x42, 0x08, 0x42, 0x08, 0x42, 0x08,
  0x42, 0x08, 0x42, 0x08, 0x42, 0x08, 0x42, 0x08, 0x27, 0x19, 0x42, 0x08, 0x42, 0x08, 0x42, 0x08, 0x42, 0x08, 0x42, 0x08, 0x42, 0x08, 0x42, 0x08, 0x42, 0x08, 0x42, 0x08, 0x42, 0x08, 0x42, 0x08,
  0x83, 0x08, 0x42, 0x08, 0x26, 0x19, 0x42, 0x08, 0x42, 0x08, 0x42, 0x08, 0x42, 0x08, 0x42, 0x08, 0x42, 0x08, 0x42, 0x08, 0x42, 0x08, 0x42, 0x08, 0x42, 0x08, 0x42, 0x08, 0x42, 0x08, 0x42, 0x08,
  0x26, 0x19, 0x42, 0x08, 0x42, 0x08, 0x42, 0x08, 0x42, 0x08, 0x42, 0x08, 0x42, 0x08, 0x42, 0x08, 0x42, 0x08, 0x42, 0x08, 0x42, 0x08, 0x42, 0x08, 0x42, 0x08, 0x42, 0x08, 0x06, 0x19, 0x42, 0x08,
  0x83, 0x08, 0x42, 0x08, 0x42, 0x08, 0x42, 0x08, 0x42, 0x08, 0x42, 0x08, 0x42, 0x08, 0x42, 0x08, 0x42, 0x08, 0x42, 0x08, 0x42, 0x08, 0x42, 0x08, 0x06, 0x19, 0x42, 0x08, 0x42, 0x08, 0x42, 0x08,
  0x42, 0x08, 0x42, 0x08, 0x42, 0x08, 0x42, 0x08, 0x42, 0x08, 0x42, 0x08, 0x42, 0x08, 0x42, 0x08, 0x42, 0x08, 0x42, 0x08, 0x05, 0x19, 0x42, 0x08, 0x42, 0x08, 0x42, 0x08, 0x42, 0x08, 0x42, 0x08,
  0x83, 0x08, 0x42, 0x08, 0x42, 0x08, 0x42, 0x08, 0x42, 0x08, 0x42, 0x08, 0x42, 0x08, 0x42, 0x08, 0x05, 0x19, 0x42, 0x08, 0x42, 0x08, 0x42, 0x08, 0x42, 0x08, 0x42, 0x08, 0x42, 0x08, 0x42, 0x08,
  0x42, 0x08, 0x42, 0x08, 0x42, 0x08, 0x42, 0x08, 0x42, 0x08, 0x42, 0x08, 0xe5, 0x10, 0x42, 0x08, 0x42, 0x08, 0x42, 0x08, 0x42, 0x08, 0x42, 0x08, 0x42, 0x08, 0x42, 0x08, 0x42, 0x08, 0x42, 0x08,
  0x83, 0x08, 0x42, 0x08, 0x42, 0x08, 0x42, 0x08, 0xe5, 0x10, 0x42, 0x08, 0x42, 0x08, 0x42, 0x08, 0x42, 0x08, 0x42, 0x08, 0x42, 0x08, 0x42, 0x08, 0x42, 0x08, 0x42, 0x08, 0x42, 0x08, 0x42, 0x08,
  0x42, 0x08, 0x42, 0x08, 0xe4, 0x10, 0x42, 0x08, 0x42, 0x08, 0x42, 0x08, 0x42, 0x08, 0x42, 0x08, 0x42, 0x08, 0x42, 0x08, 0x42, 0x08, 0x42, 0x08, 0x42, 0x08, 0x42, 0x08, 0x42, 0x08, 0x42, 0x08,
  0x83, 0x08, 0x42, 0x08, 0x42, 0x08, 0x42, 0x08, 0x42, 0x08, 0x42, 0x08, 0x42, 0x08, 0x42, 0x08, 0x42, 0x08, 0x42, 0x08, 0x42, 0x08, 0x42, 0x08, 0xe4, 0x10, 0x42, 0x08, 0x42, 0x08, 0x42, 0x08,
  0x42, 0x08, 0x42, 0x08, 0x42, 0x08, 0xe4, 0x18, 0x04, 0x31, 0xa2, 0x38, 0x00, 0x30, 0x00, 0x28, 0x00, 0x28, 0xc3, 0x38, 0x49, 0x5a, 0x2d, 0x6b, 0x6e, 0x6b, 0x4d, 0x6b, 0x8a, 0x5a, 0x86, 0x49,
  0xe4, 0x38, 0x25, 0x39, 0x46, 0x39, 0x87, 0x41, 0x29, 0x4a, 0xab, 0x5a, 0x4d, 0x63, 0xd0, 0x73, 0x72, 0x7c, 0xd4, 0x8c, 0x35, 0x8d, 0x55, 0x95, 0x96, 0x9d, 0x96, 0x9d, 0x96, 0xa5, 0x96, 0xa5,
  0x96, 0xad, 0x96, 0xad, 0x55, 0xa5, 0x55, 0xa5, 0x55, 0xa5, 0x75, 0xa5, 0x55, 0xa5, 0x14, 0xa5, 0x14, 0xa5, 0x14, 0xa5, 0x14, 0xa5, 0x34, 0xa5, 0x55, 0xad, 0x55, 0xad, 0x96, 0xad, 0x96, 0xad,
  0x96, 0xb5, 0xd7, 0xb5, 0xf7, 0xbd, 0xf8, 0xb5, 0xd7, 0xb5, 0xb7, 0xad, 0x76, 0xa5, 0xf4, 0x94, 0x31, 0x7c, 0x8f, 0x6b, 0xab, 0x52, 0xc8, 0x41, 0x66, 0x39, 0xe4, 0x30, 0x82, 0x30, 0x82, 0x30,
  0x04, 0x41, 0xc7, 0x51, 0xab, 0x62, 0x8e, 0x6b, 0xcf, 0x73, 0x6d, 0x6b, 0x28, 0x52, 0x82, 0x30, 0x00, 0x18, 0x00, 0x20, 0x20, 0x30, 0x45, 0x49, 0xc7, 0x49, 0x46, 0x29, 0x42, 0x08, 0x42, 0x08,
  0x46, 0x19, 0x42, 0x08, 0x42, 0x08, 0x42, 0x08, 0x42, 0x08, 0x42, 0x08, 0x42, 0x08, 0x42, 0x08, 0x42, 0x08, 0x42, 0x08, 0x42, 0x08, 0x42, 0x08, 0x42, 0x08, 0x42, 0x08, 0x26, 0x19, 0x42, 0x08,
  0x42, 0x08, 0x42, 0x08, 0x42, 0x08, 0x42, 0x08, 0x42, 0x08, 0x42, 0x08, 0x42, 0x08, 0x42, 0x08, 0x42, 0x08, 0x42, 0x08, 0x42, 0x08, 0x42, 0x08, 0x26, 0x19, 0x42, 0x08, 0x42, 0x08, 0x42, 0x08,
  0x83, 0x08, 0x42, 0x08, 0x42, 0x08, 0x42, 0x08, 0x42, 0x08, 0x42, 0x08, 0x42, 0x08, 0x42, 0x08, 0x42, 0x08, 0x42, 0x08, 0x27, 0x19, 0x42, 0x08, 0x42, 0x08, 0x42, 0x08, 0x42, 0x08, 0x42, 0x08,
  0x42, 0x08, 0x42, 0x08, 0x42, 0x08, 0x42, 0x08, 0x42, 0x08, 0x42, 0x08, 0x42, 0x08, 0x42, 0x08, 0x27, 0x19, 0x42, 0x08, 0x42, 0x08, 0x42, 0x08, 0x42, 0x08, 0x42, 0x08, 0x42, 0x08, 0x42, 0x08,
  0x83, 0x08, 0x42, 0x08, 0x42, 0x08, 0x42, 0x08, 0x42, 0x08, 0x42, 0x08, 0x27, 0x19, 0x42, 0x08, 0x42, 0x08, 0x42, 0x08, 0x42, 0x08, 0x42, 0x08, 0x42, 0x08, 0x42, 0x08, 0x42, 0x08, 0x42, 0x08,
  0x42, 0x08, 0x42, 0x08, 0x42, 0x08, 0x42, 0x08, 0x27, 0x19, 0x42, 0x08, 0x42, 0x08, 0x42, 0x08, 0x42, 0x08, 0x42, 0x08, 0x42, 0x08, 0x42, 0x08, 0x42, 0x08, 0x42, 0x08, 0x42, 0x08, 0x42, 0x08,
  0x83, 0x08, 0x42, 0x08, 0x26, 0x19, 0x42, 0x08, 0x42, 0x08, 0x42, 0x08, 0x42, 0x08, 0x42, 0x08, 0x42, 0x08, 0x42, 0x08, 0x42, 0x08, 0x42, 0x08, 0x42, 0x08, 0x42, 0x08, 0x42, 0x08, 0x42, 0x08,
  0x26, 0x19, 0x42, 0x08, 0x42, 0x08, 0x42, 0x08, 0x42, 0x08, 0x42, 0x08, 0x42, 0x08, 0x42, 0x08, 0x42, 0x08, 0x42, 0x08, 0x42, 0x08, 0x42, 0x08, 0x42, 0x08, 0x42, 0x08, 0x06, 0x19, 0x42, 0x08,
  0x83, 0x08, 0x42, 0x08, 0x42, 0x08, 0x42, 0x08, 0x42, 0x08, 0x42, 0x08, 0x42, 0x08, 0x42, 0x08, 0x42, 0x08, 0x42, 0x08, 0x42, 0x08, 0x42, 0x08, 0x06, 0x19, 0x42, 0x08, 0x42, 0x08, 0x42, 0x08,
  0x42, 0x08, 0x42, 0x08, 0x42, 0x08, 0x42, 0x08, 0x42, 0x08, 0x42, 0x08, 0x42, 0x08, 0x42, 0x08, 0x42, 0x08, 0x42, 0x08, 0x05, 0x19, 0x42, 0x08, 0x42, 0x08, 0x42, 0x08, 0x42, 0x08, 0x42, 0x08,
  0x83, 0x08, 0x42, 0x08, 0x42, 0x08, 0x42, 0x08, 0x42, 0x08, 0x42, 0x08, 0x42, 0x08, 0x42, 0x08, 0x05, 0x19, 0x42, 0x08, 0x42, 0x08, 0x42, 0x08, 0x42, 0x08, 0x42, 0x08, 0x42, 0x08, 0x42, 0x08,
  0x42, 0x08, 0x42, 0x08, 0x42, 0x08, 0x42, 0x08, 0x42, 0x08, 0x42, 0x08, 0xe5, 0x10, 0x42, 0x08, 0x42, 0x08, 0x42, 0x08, 0x42, 0x08, 0x42, 0x08, 0x42, 0x08, 0x42, 0x08, 0x42, 0x08, 0x42, 0x08,
  0x83, 0x08, 0x42, 0x08, 0x42, 0x08, 0x42, 0x08, 0xe5, 0x10, 0x42, 0x08, 0x42, 0x08, 0x42, 0x08, 0x42, 0x08, 0x42, 0x08, 0x42, 0x08, 0x42, 0x08, 0x42, 0x08, 0x42, 0x08, 0x42, 0x08, 0x42, 0x08,
  0x42, 0x08, 0x42, 0x08, 0xe4, 0x10, 0x42, 0x08, 0x42, 0x08, 0x42, 0x08, 0x42, 0x08, 0x42, 0x08, 0x42, 0x08, 0x42, 0x08, 0x42, 0x08, 0x42, 0x08, 0x42, 0x08, 0x42, 0x08, 0x42, 0x08, 0x42, 0x08,
  0x83, 0x08, 0x42, 0x08, 0x42, 0x08, 0x42, 0x08, 0x42, 0x08, 0x42, 0x08, 0x42, 0x08, 0x42, 0x08, 0x42, 0x08, 0x42, 0x08, 0x42, 0x08, 0x42, 0x08, 0xe4, 0x10, 0x42, 0x08, 0x42, 0x08, 0x42, 0x08,
  0x42, 0x08, 0x42, 0x08, 0x42, 0x08, 0x42, 0x08, 0x42, 0x08, 0xc4, 0x18, 0xe4, 0x28, 0xc3, 0x30, 0x61, 0x38, 0x00, 0x28, 0x00, 0x20, 0x00, 0x20, 0x00, 0x28, 0xe3, 0x38, 0xc7, 0x49, 0xaa, 0x5a,
  0x4d, 0x6b, 0x6d, 0x6b, 0x6d, 0x6b, 0x2d, 0x6b, 0xec, 0x62, 0xeb, 0x62, 0xeb, 0x62, 0xab, 0x5a, 0xab, 0x5a, 0xec, 0x62, 0x4d, 0x6b, 0xaf, 0x73, 0x10, 0x7c, 0x92, 0x8c, 0x34, 0x9d, 0xd7, 0xad,
  0x39, 0xbe, 0xbb, 0xc6, 0x3d, 0xd7, 0x7e, 0xdf, 0xdf, 0xe7, 0xff, 0xef, 0xff, 0xef, 0xff, 0xef, 0xff, 0xef, 0xff, 0xef, 0xff, 0xef, 0xff, 0xef, 0xdf, 0xe7, 0x7e, 0xdf, 0x1c, 0xd7, 0x9a, 0xc6,
  0x39, 0xbe, 0xb6, 0xad, 0x14, 0x9d, 0x52, 0x84, 0xcf, 0x73, 0x2d, 0x6b, 0xab, 0x5a, 0x6a, 0x52, 0x49, 0x52, 0x49, 0x52, 0x8a, 0x5a, 0xab, 0x5a, 0xcb, 0x62, 0x0c, 0x63, 0x0c, 0x63, 0x0c, 0x63,
  0xeb, 0x62, 0x49, 0x52, 0xa6, 0x49, 0xa2, 0x30, 0x00, 0x28, 0x00, 0x20, 0x00, 0x20, 0x00, 0x30, 0xe3, 0x40, 0x86, 0x49, 0xe8, 0x49, 0x66, 0x29, 0x42, 0x08, 0x42, 0x08, 0x42, 0x08, 0x42, 0x08,
  0x46, 0x19, 0x42, 0x08, 0x42, 0x08, 0x42, 0x08, 0x42, 0x08, 0x42, 0x08, 0x42, 0x08, 0x42, 0x08, 0x42, 0x08, 0x42, 0x08, 0x42, 0x08, 0x42, 0x08, 0x42, 0x08, 0x42, 0x08, 0x26, 0x19, 0x42, 0x08,
  0x42, 0x08, 0x42, 0x08, 0x42, 0x08, 0x42, 0x08, 0x42, 0x08, 0x42, 0x08, 0x42, 0x08, 0x42, 0x08, 0x42, 0x08, 0x42, 0x08, 0x42, 0x08, 0x42, 0x08, 0x26, 0x19, 0x42, 0x08, 0x42, 0x08, 0x42, 0x08,
  0x83, 0x08, 0x42, 0x08, 0x42, 0x08, 0x42, 0x08, 0x42, 0x08, 0x42, 0x08, 0x42, 0x08, 0x42, 0x08, 0x42, 0x08, 0x42, 0x08, 0x26, 0x19, 0x42, 0x08, 0x42, 0x08, 0x42, 0x08, 0x42, 0x08, 0x42, 0x08,
  0x42, 0x08, 0x42, 0x08, 0x42, 0x08, 0x42, 0x08, 0x42, 0x08, 0x42, 0x08, 0x42, 0x08, 0x42, 0x08, 0x27, 0x19, 0x42, 0x08, 0x42, 0x08, 0x42, 0x08, 0x42, 0x08, 0x42, 0x08, 0x42, 0x08, 0x42, 0x08,
  0x83, 0x08, 0x42, 0x08, 0x42, 0x08, 0x42, 0x08, 0x42, 0x08, 0x42, 0x08, 0x27, 0x19, 0x42, 0x08, 0x42, 0x08, 0x42, 0x08, 0x42, 0x08, 0x42, 0x08, 0x42, 0x08, 0x42, 0x08, 0x42, 0x08, 0x42, 0x08,
  0x42, 0x08, 0x42, 0x08, 0x42, 0x08, 0x42, 0x08, 0x26, 0x19, 0x42, 0x08, 0x42, 0x08, 0x42, 0x08, 0x42, 0x08, 0x42, 0x08, 0x42, 0x08, 0x42, 0x08, 0x42, 0x08, 0x42, 0x08, 0x42, 0x08, 0x42, 0x08,
  0x83, 0x08, 0x42, 0x08, 0x26, 0x19, 0x42, 0x08, 0x42, 0x08, 0x42, 0x08, 0x42, 0x08, 0x42, 0x08, 0x42, 0x08, 0x42, 0x08, 0x42, 0x08, 0x42, 0x08, 0x42, 0x08, 0x42, 0x08, 0x42, 0x08, 0x42, 0x08,
  0x26, 0x19, 0x42, 0x08, 0x42, 0x08, 0x42, 0x08, 0x42, 0x08, 0x42, 0x08, 0x42, 0x08, 0x42, 0x08, 0x42, 0x08, 0x42, 0x08, 0x42, 0x08, 0x42, 0x08, 0x42, 0x08, 0x42, 0x08, 0x06, 0x19, 0x42, 0x08,
  0x83, 0x08, 0x42, 0x08, 0x42, 0x08, 0x42, 0x08, 0x42, 0x08, 0x42, 0x08, 0x42, 0x08, 0x42, 0x08, 0x42, 0x08, 0x42, 0x08, 0x42, 0x08, 0x42, 0x08, 0x06, 0x19, 0x42, 0x08, 0x42, 0x08, 0x42, 0x08,
  0x42, 0x08, 0x42, 0x08, 0x42, 0x08, 0x42, 0x08, 0x42, 0x08, 0x42, 0x08, 0x42, 0x08, 0x42, 0x08, 0x42, 0x08, 0x42, 0x08, 0x05, 0x19, 0x42, 0x08, 0x42, 0x08, 0x42, 0x08, 0x42, 0x08, 0x42, 0x08,
  0x83, 0x08, 0x42, 0x08, 0x42, 0x08, 0x42, 0x08, 0x42, 0x08, 0x42, 0x08, 0x42, 0x08, 0x42, 0x08, 0x05, 0x19, 0x42, 0x08, 0x42, 0x08, 0x42, 0x08, 0x42, 0x08, 0x42, 0x08, 0x42, 0x08, 0x42, 0x08,
  0x42, 0x08, 0x42, 0x08, 0x42, 0x08, 0x42, 0x08, 0x42, 0x08, 0x42, 0x08, 0xe5, 0x10, 0x42, 0x08, 0x42, 0x08, 0x42, 0x08, 0x42, 0x08, 0x42, 0x08, 0x42, 0x08, 0x42, 0x08, 0x42, 0x08, 0x42, 0x08,
  0x83, 0x08, 0x42, 0x08, 0x42, 0x08, 0x42, 0x08, 0xe5, 0x10, 0x42, 0x08, 0x42, 0x08, 0x42, 0x08, 0x42, 0x08, 0x42, 0x08, 0x42, 0x08, 0x42, 0x08, 0x42, 0x08, 0x42, 0x08, 0x42, 0x08, 0x42, 0x08,
  0x42, 0x08, 0x42, 0x08, 0xe4, 0x10, 0x42, 0x08, 0x42, 0x08, 0x42, 0x08, 0x42, 0x08, 0x42, 0x08, 0x42, 0x08, 0x42, 0x08, 0x42, 0x08, 0x42, 0x08, 0x42, 0x08, 0x42, 0x08, 0x42, 0x08, 0x42, 0x08,
  0xa4, 0x10, 0x83, 0x08, 0x83, 0x08, 0x83, 0x08, 0x83, 0x08, 0x83, 0x08, 0x83, 0x08, 0x83, 0x08, 0x83, 0x08, 0x83, 0x08, 0x83, 0x08, 0x83, 0x08, 0x05, 0x19, 0x83, 0x08, 0x83, 0x08, 0x83, 0x08,
  0x83, 0x08, 0x83, 0x08, 0x83, 0x08, 0x83, 0x08, 0x83, 0x08, 0x83, 0x08, 0x83, 0x08, 0xa3, 0x08, 0x25, 0x21, 0x66, 0x31, 0x45, 0x39, 0xa2, 0x30, 0x41, 0x30, 0x00, 0x30, 0x00, 0x28, 0x00, 0x20,
  0x00, 0x20, 0x00, 0x28, 0x41, 0x30, 0xe3, 0x38, 0x65, 0x49, 0x08, 0x52, 0x8a, 0x62, 0x0c, 0x6b, 0x4d, 0x73, 0x8e, 0x73, 0xcf, 0x7b, 0xef, 0x7b, 0xf0, 0x7b, 0x31, 0x7c, 0x72, 0x84, 0xb3, 0x84,
  0x14, 0x8d, 0x96, 0x9d, 0x18, 0xae, 0x59, 0xb6, 0x9a, 0xbe, 0xfc, 0xc6, 0x1c, 0xc7, 0x1d, 0xc7, 0x1d, 0xc7, 0x1c, 0xc7, 0xfc, 0xc6, 0xfc, 0xc6, 0xdc, 0xc6, 0x9a, 0xbe, 0x18, 0xb6, 0xb7, 0xa5,
  0x76, 0x9d, 0x14, 0x95, 0xb3, 0x84, 0x51, 0x84, 0x30, 0x7c, 0xcf, 0x73, 0x8e, 0x6b, 0x4d, 0x6b, 0x0c, 0x63, 0xcb, 0x5a, 0x49, 0x52, 0xc7, 0x49, 0x45, 0x41, 0xa3, 0x30, 0x20, 0x28, 0x00, 0x28,
  0x00, 0x20, 0x00, 0x20, 0x00, 0x28, 0x00, 0x30, 0x61, 0x38, 0x04, 0x41, 0xa6, 0x41, 0xc7, 0x39, 0xa7, 0x31, 0xe4, 0x10, 0x83, 0x08, 0x83, 0x08, 0x83, 0x08, 0x83, 0x08, 0x83, 0x08, 0x83, 0x08,
  0x67, 0x21, 0x83, 0x08, 0x83, 0x08, 0x83, 0x08, 0x83, 0x08, 0x83, 0x08, 0x83, 0x08, 0x83, 0x08, 0x83, 0x08, 0x83, 0x08, 0x83, 0x08, 0x83, 0x08, 0x83, 0x08, 0x83, 0x08, 0x47, 0x19, 0x83, 0x08,
  0x83, 0x08, 0x83, 0x08, 0x83, 0x08, 0x83, 0x08, 0x83, 0x08, 0x83, 0x08, 0x83, 0x08, 0x83, 0x08, 0x83, 0x08, 0x83, 0x08, 0x83, 0x08, 0x83, 0x08, 0x47, 0x19, 0x83, 0x08, 0x83, 0x08, 0x83, 0x08,
  0xa4, 0x10, 0x83, 0x08, 0x83, 0x08, 0x83, 0x08, 0x83, 0x08, 0x83, 0x08, 0x83, 0x08, 0x83, 0x08, 0x83, 0x08, 0x83, 0x08, 0x47, 0x19, 0x83, 0x08, 0x83, 0x08, 0x83, 0x08, 0x83, 0x08, 0x83, 0x08,
  0x83, 0x08, 0x83, 0x08, 0x83, 0x08, 0x83, 0x08, 0x83, 0x08, 0x83, 0x08, 0x83, 0x08, 0x83, 0x08, 0x47, 0x19, 0x83, 0x08, 0x83, 0x08, 0x83, 0x08, 0x83, 0x08, 0x83, 0x08, 0x83, 0x08, 0x83, 0x08,
  0xa4, 0x10, 0x83, 0x08, 0x83, 0x08, 0x83, 0x08, 0x83, 0x08, 0x83, 0x08, 0x47, 0x19, 0x83, 0x08, 0x83, 0x08, 0x83, 0x08, 0x83, 0x08, 0x83, 0x08, 0x83, 0x08, 0x83, 0x08, 0x83, 0x08, 0x83, 0x08,
  0x83, 0x08, 0x83, 0x08, 0x83, 0x08, 0x83, 0x08, 0x47, 0x19, 0x83, 0x08, 0x83, 0x08, 0x83, 0x08, 0x83, 0x08, 0x83, 0x08, 0x83, 0x08, 0x83, 0x08, 0x83, 0x08, 0x83, 0x08, 0x83, 0x08, 0x83, 0x08,
  0xa4, 0x10, 0x83, 0x08, 0x47, 0x19, 0x83, 0x08, 0x83, 0x08, 0x83, 0x08, 0x83, 0x08, 0x83, 0x08, 0x83, 0x08, 0x83, 0x08, 0x83, 0x08, 0x83, 0x08, 0x83, 0x08, 0x83, 0x08, 0x83, 0x08, 0x83, 0x08,
  0x47, 0x19, 0x83, 0x08, 0x83, 0x08, 0x83, 0x08, 0x83, 0x08, 0x83, 0x08, 0x83, 0x08, 0x83, 0x08, 0x83, 0x08, 0x83, 0x08, 0x83, 0x08, 0x83, 0x08, 0x83, 0x08, 0x83, 0x08, 0x46, 0x19, 0x83, 0x08,
  0xa4, 0x10, 0x83, 0x08, 0x83, 0x08, 0x83, 0x08, 0x83, 0x08, 0x83, 0x08, 0x83, 0x08, 0x83, 0x08, 0x83, 0x08, 0x83, 0x08, 0x83, 0x08, 0x83, 0x08, 0x46, 0x19, 0x83, 0x08, 0x83, 0x08, 0x83, 0x08,
  0x83, 0x08, 0x83, 0x08, 0x83, 0x08, 0x83, 0x08, 0x83, 0x08, 0x83, 0x08, 0x83, 0x08, 0x83, 0x08, 0x83, 0x08, 0x83, 0x08, 0x26, 0x19, 0x83, 0x08, 0x83, 0x08, 0x83, 0x08, 0x83, 0x08, 0x83, 0x08,
  0xa4, 0x10, 0x83, 0x08, 0x83, 0x08, 0x83, 0x08, 0x83, 0x08, 0x83, 0x08, 0x83, 0x08, 0x83, 0x08, 0x26, 0x19, 0x83, 0x08, 0x83, 0x08, 0x83, 0x08, 0x83, 0x08, 0x83, 0x08, 0x83, 0x08, 0x83, 0x08,
  0x83, 0x08, 0x83, 0x08, 0x83, 0x08, 0x83, 0x08, 0x83, 0x08, 0x83, 0x08, 0x25, 0x19, 0x83, 0x08, 0x83, 0x08, 0x83, 0x08, 0x83, 0x08, 0x83, 0x08, 0x83, 0x08, 0x83, 0x08, 0x83, 0x08, 0x83, 0x08,
  0xa4, 0x10, 0x83, 0x08, 0x83, 0x08, 0x83, 0x08, 0x05, 0x19, 0x83, 0x08, 0x83, 0x08, 0x83, 0x08, 0x83, 0x08, 0x83, 0x08, 0x83, 0x08, 0x83, 0x08, 0x83, 0x08, 0x83, 0x08, 0x83, 0x08, 0x83, 0x08,
  0x83, 0x08, 0x83, 0x08, 0x05, 0x19, 0x83, 0x08, 0x83, 0x08, 0x83, 0x08, 0x83, 0x08, 0x83, 0x08, 0x83, 0x08, 0x83, 0x08, 0x83, 0x08, 0x83, 0x08, 0x83, 0x08, 0x83, 0x08, 0x83, 0x08, 0x83, 0x08,
  0x83, 0x08, 0x42, 0x08, 0x42, 0x08, 0x42, 0x08, 0x42, 0x08, 0x42, 0x08, 0x42, 0x08, 0x42, 0x08, 0x42, 0x08, 0x42, 0x08, 0x42, 0x08, 0x42, 0x08, 0xe4, 0x10, 0x42, 0x08, 0x42, 0x08, 0x42, 0x08,
  0x42, 0x08, 0x42, 0x08, 0x42, 0x08, 0x42, 0x08, 0x42, 0x08, 0x42, 0x08, 0x42, 0x08, 0x42, 0x08, 0x42, 0x08, 0x42, 0x08, 0xe5, 0x10, 0xa3, 0x10, 0x05, 0x21, 0x45, 0x31, 0x45, 0x39, 0x25, 0x41,
  0xe4, 0x40, 0x61, 0x38, 0x20, 0x30, 0x00, 0x30, 0x00, 0x28, 0x00, 0x20, 0x00, 0x20, 0x00, 0x20, 0x00, 0x20, 0x00, 0x20, 0x00, 0x28, 0x00, 0x28, 0x41, 0x30, 0x82, 0x30, 0xa3, 0x38, 0xc3, 0x38,
  0x04, 0x39, 0x24, 0x41, 0x24, 0x41, 0x45, 0x41, 0x65, 0x41, 0x66, 0x41, 0x66, 0x41, 0x66, 0x41, 0x66, 0x41, 0x66, 0x41, 0x66, 0x41, 0x65, 0x41, 0x45, 0x41, 0x25, 0x41, 0x04, 0x39, 0xe4, 0x38,
  0xc3, 0x38, 0xa2, 0x38, 0x82, 0x30, 0x61, 0x30, 0x21, 0x30, 0x00, 0x28, 0x00, 0x28, 0x00, 0x20, 0x00, 0x20, 0x00, 0x20, 0x00, 0x20, 0x00, 0x20, 0x00, 0x28, 0x00, 0x30, 0x41, 0x38, 0xa2, 0x38,
  0x24, 0x41, 0x65, 0x41, 0xc8, 0x49, 0x86, 0x39, 0x05, 0x21, 0xe4, 0x18, 0x42, 0x08, 0x42, 0x08, 0x42, 0x08, 0x42, 0x08, 0x42, 0x08, 0x42, 0x08, 0x42, 0x08, 0x42, 0x08, 0x42, 0x08, 0x42, 0x08,
  0x46, 0x19, 0x42, 0x08, 0x42, 0x08, 0x42, 0x08, 0x42, 0x08, 0x42, 0x08, 0x42, 0x08, 0x42, 0x08, 0x42, 0x08, 0x42, 0x08, 0x42, 0x08, 0x42, 0x08, 0x42, 0x08, 0x42, 0x08, 0x26, 0x19, 0x42, 0x08,
  0x42, 0x08, 0x42, 0x08, 0x42, 0x08, 0x42, 0x08, 0x42, 0x08, 0x42, 0x08, 0x42, 0x08, 0x42, 0x08, 0x42, 0x08, 0x42, 0x08, 0x42, 0x08, 0x42, 0x08, 0x26, 0x19, 0x42, 0x08, 0x42, 0x08, 0x42, 0x08,
  0x83, 0x08, 0x42, 0x08, 0x42, 0x08, 0x42, 0x08, 0x42, 0x08, 0x42, 0x08, 0x42, 0x08, 0x42, 0x08, 0x42, 0x08, 0x42, 0x08, 0x26, 0x19, 0x42, 0x08, 0x42, 0x08, 0x42, 0x08, 0x42, 0x08, 0x42, 0x08,
  0x42, 0x08, 0x42, 0x08, 0x42, 0x08, 0x42, 0x08, 0x42, 0x08, 0x42, 0x08, 0x42, 0x08, 0x42, 0x08, 0x27, 0x19, 0x42, 0x08, 0x42, 0x08, 0x42, 0x08, 0x42, 0x08, 0x42, 0x08, 0x42, 0x08, 0x42, 0x08,
  0x83, 0x08, 0x42, 0x08, 0x42, 0x08, 0x42, 0x08, 0x42, 0x08, 0x42, 0x08, 0x27, 0x19, 0x42, 0x08, 0x42, 0x08, 0x42, 0x08, 0x42, 0x08, 0x42, 0x08, 0x42, 0x08, 0x42, 0x08, 0x42, 0x08, 0x42, 0x08,
  0x42, 0x08, 0x42, 0x08, 0x42, 0x08, 0x42, 0x08, 0x26, 0x19, 0x42, 0x08, 0x42, 0x08, 0x42, 0x08, 0x42, 0x08, 0x42, 0x08, 0x42, 0x08, 0x42, 0x08, 0x42, 0x08, 0x42, 0x08, 0x42, 0x08, 0x42, 0x08,
  0x83, 0x08, 0x42, 0x08, 0x26, 0x19, 0x42, 0x08, 0x42, 0x08, 0x42, 0x08, 0x42, 0x08, 0x42, 0x08, 0x42, 0x08, 0x42, 0x08, 0x42, 0x08, 0x42, 0x08, 0x42, 0x08, 0x42, 0x08, 0x42, 0x08, 0x42, 0x08,
  0x26, 0x19, 0x42, 0x08, 0x42, 0x08, 0x42, 0x08, 0x42, 0x08, 0x42, 0x08, 0x42, 0x08, 0x42, 0x08, 0x42, 0x08, 0x42, 0x08, 0x42, 0x08, 0x42, 0x08, 0x42, 0x08, 0x42, 0x08, 0x06, 0x19, 0x42, 0x08,
  0x83, 0x08, 0x42, 0x08, 0x42, 0x08, 0x42, 0x08, 0x42, 0x08, 0x42, 0x08, 0x42, 0x08, 0x42, 0x08, 0x42, 0x08, 0x42, 0x08, 0x42, 0x08, 0x42, 0x08, 0x06, 0x19, 0x42, 0x08, 0x42, 0x08, 0x42, 0x08,
  0x42, 0x08, 0x42, 0x08, 0x42, 0x08, 0x42, 0x08, 0x42, 0x08, 0x42, 0x08, 0x42, 0x08, 0x42, 0x08, 0x42, 0x08, 0x42, 0x08, 0x05, 0x19, 0x42, 0x08, 0x42, 0x08, 0x42, 0x08, 0x42, 0x08, 0x42, 0x08,
  0x83, 0x08, 0x42, 0x08, 0x42, 0x08, 0x42, 0x08, 0x42, 0x08, 0x42, 0x08, 0x42, 0x08, 0x42, 0x08, 0x05, 0x19, 0x42, 0x08, 0x42, 0x08, 0x42, 0x08, 0x42, 0x08, 0x42, 0x08, 0x42, 0x08, 0x42, 0x08,
  0x42, 0x08, 0x42, 0x08, 0x42, 0x08, 0x42, 0x08, 0x42, 0x08, 0x42, 0x08, 0xe5, 0x10, 0x42, 0x08, 0x42, 0x08, 0x42, 0x08, 0x42, 0x08, 0x42, 0x08, 0x42, 0x08, 0x42, 0x08, 0x42, 0x08, 0x42, 0x08,
  0x83, 0x08, 0x42, 0x08, 0x42, 0x08, 0x42, 0x08, 0xe5, 0x10, 0x42, 0x08, 0x42, 0x08, 0x42, 0x08, 0x42, 0x08, 0x42, 0x08, 0x42, 0x08, 0x42, 0x08, 0x42, 0x08, 0x42, 0x08, 0x42, 0x08, 0x42, 0x08,
  0x42, 0x08, 0x42, 0x08, 0xe4, 0x10, 0x42, 0x08, 0x42, 0x08, 0x42, 0x08, 0x42, 0x08, 0x42, 0x08, 0x42, 0x08, 0x42, 0x08, 0x42, 0x08, 0x42, 0x08, 0x42, 0x08, 0x42, 0x08, 0x42, 0x08, 0x42, 0x08,
  0x83, 0x08, 0x42, 0x08, 0x42, 0x08, 0x42, 0x08, 0x42, 0x08, 0x42, 0x08, 0x42, 0x08, 0x42, 0x08, 0x42, 0x08, 0x42, 0x08, 0x42, 0x08, 0x42, 0x08, 0xe4, 0x10, 0x42, 0x08, 0x42, 0x08, 0x42, 0x08,
  0x42, 0x08, 0x42, 0x08, 0x42, 0x08, 0x42, 0x08, 0x42, 0x08, 0x42, 0x08, 0x42, 0x08, 0x42, 0x08, 0x42, 0x08, 0x42, 0x08, 0xe5, 0x10, 0x42, 0x08, 0x42, 0x08, 0x42, 0x08, 0x42, 0x08, 0x62, 0x08,
  0x46, 0x21, 0xe4, 0x18, 0x46, 0x31, 0x45, 0x31, 0x45, 0x39, 0x65, 0x41, 0x04, 0x39, 0xe3, 0x38, 0x04, 0x41, 0xc3, 0x38, 0x82, 0x38, 0x61, 0x30, 0x61, 0x38, 0x20, 0x30, 0x00, 0x30, 0x00, 0x30,
  0x00, 0x28, 0x00, 0x28, 0x00, 0x28, 0x00, 0x28, 0x00, 0x28, 0x00, 0x28, 0x00, 0x28, 0x00, 0x28, 0x00, 0x28, 0x00, 0x28, 0x00, 0x28, 0x00, 0x28, 0x00, 0x28, 0x00, 0x28, 0x00, 0x28, 0x00, 0x28,
  0x00, 0x28, 0x00, 0x28, 0x00, 0x30, 0x20, 0x30, 0x41, 0x30, 0x82, 0x38, 0x82, 0x38, 0xc3, 0x38, 0x04, 0x41, 0x25, 0x41, 0x25, 0x39, 0x66, 0x41, 0x45, 0x39, 0x46, 0x31, 0x87, 0x39, 0x46, 0x29,
  0x25, 0x21, 0x83, 0x10, 0x06, 0x19, 0x42, 0x08, 0x42, 0x08, 0x42, 0x08, 0x42, 0x08, 0x42, 0x08, 0x42, 0x08, 0x42, 0x08, 0x42, 0x08, 0x42, 0x08, 0x42, 0x08, 0x42, 0x08, 0x42, 0x08, 0x42, 0x08,
  0x46, 0x19, 0x42, 0x08, 0x42, 0x08, 0x42, 0x08, 0x42, 0x08, 0x42, 0x08, 0x42, 0x08, 0x42, 0x08, 0x42, 0x08, 0x42, 0x08, 0x42, 0x08, 0x42, 0x08, 0x42, 0x08, 0x42, 0x08, 0x26, 0x19, 0x42, 0x08,
  0x42, 0x08, 0x42, 0x08, 0x42, 0x08, 0x42, 0x08, 0x42, 0x08, 0x42, 0x08, 0x42, 0x08, 0x42, 0x08, 0x42, 0x08, 0x42, 0x08, 0x42, 0x08, 0x42, 0x08, 0x26, 0x19, 0x42, 0x08, 0x42, 0x08, 0x42, 0x08,
  0x83, 0x08, 0x42, 0x08, 0x42, 0x08, 0x42, 0x08, 0x42, 0x08, 0x42, 0x08, 0x42, 0x08, 0x42, 0x08, 0x42, 0x08, 0x42, 0x08, 0x26, 0x19, 0x42, 0x08, 0x42, 0x08, 0x42, 0x08, 0x42, 0x08, 0x42, 0x08,
  0x42, 0x08, 0x42, 0x08, 0x42, 0x08, 0x42, 0x08, 0x42, 0x08, 0x42, 0x08, 0x42, 0x08, 0x42, 0x08, 0x27, 0x19, 0x42, 0x08, 0x42, 0x08, 0x42, 0x08, 0x42, 0x08, 0x42, 0x08, 0x42, 0x08, 0x42, 0x08,
  0x83, 0x08, 0x42, 0x08, 0x42, 0x08, 0x42, 0x08, 0x42, 0x08, 0x42, 0x08, 0x27, 0x19, 0x42, 0x08, 0x42, 0x08, 0x42, 0x08, 0x42, 0x08, 0x42, 0x08, 0x42, 0x08, 0x42, 0x08, 0x42, 0x08, 0x42, 0x08,
  0x42, 0x08, 0x42, 0x08, 0x42, 0x08, 0x42, 0x08, 0x26, 0x19, 0x42, 0x08, 0x42, 0x08, 0x42, 0x08, 0x42, 0x08, 0x42, 0x08, 0x42, 0x08, 0x42, 0x08, 0x42, 0x08, 0x42, 0x08, 0x42, 0x08, 0x42, 0x08,
  0x83, 0x08, 0x42, 0x08, 0x26, 0x19, 0x42, 0x08, 0x42, 0x08, 0x42, 0x08, 0x42, 0x08, 0x42, 0x08, 0x42, 0x08, 0x42, 0x08, 0x42, 0x08, 0x42, 0x08, 0x42, 0x08, 0x42, 0x08, 0x42, 0x08, 0x42, 0x08,
  0x26, 0x19, 0x42, 0x08, 0x42, 0x08, 0x42, 0x08, 0x42, 0x08, 0x42, 0x08, 0x42, 0x08, 0x42, 0x08, 0x42, 0x08, 0x42, 0x08, 0x42, 0x08, 0x42, 0x08, 0x42, 0x08, 0x42, 0x08, 0x06, 0x19, 0x42, 0x08,
  0x83, 0x08, 0x42, 0x08, 0x42, 0x08, 0x42, 0x08, 0x42, 0x08, 0x42, 0x08, 0x42, 0x08, 0x42, 0x08, 0x42, 0x08, 0x42, 0x08, 0x42, 0x08, 0x42, 0x08, 0x06, 0x19, 0x42, 0x08, 0x42, 0x08, 0x42, 0x08,
  0x42, 0x08, 0x42, 0x08, 0x42, 0x08, 0x42, 0x08, 0x42, 0x08, 0x42, 0x08, 0x42, 0x08, 0x42, 0x08, 0x42, 0x08, 0x42, 0x08, 0x05, 0x19, 0x42, 0x08, 0x42, 0x08, 0x42, 0x08, 0x42, 0x08, 0x42, 0x08,
  0x83, 0x08, 0x42, 0x08, 0x42, 0x08, 0x42, 0x08, 0x42, 0x08, 0x42, 0x08, 0x42, 0x08, 0x42, 0x08, 0x05, 0x19, 0x42, 0x08, 0x42, 0x08, 0x42, 0x08, 0x42, 0x08, 0x42, 0x08, 0x42, 0x08, 0x42, 0x08,
  0x42, 0x08, 0x42, 0x08, 0x42, 0x08, 0x42, 0x08, 0x42, 0x08, 0x42, 0x08, 0xe5, 0x10, 0x42, 0x08, 0x42, 0x08, 0x42, 0x08, 0x42, 0x08, 0x42, 0x08, 0x42, 0x08, 0x42, 0x08, 0x42, 0x08, 0x42, 0x08,
  0x83, 0x08, 0x42, 0x08, 0x42, 0x08, 0x42, 0x08, 0xe5, 0x10, 0x42, 0x08, 0x42, 0x08, 0x42, 0x08, 0x42, 0x08, 0x42, 0x08, 0x42, 0x08, 0x42, 0x08, 0x42, 0x08, 0x42, 0x08, 0x42, 0x08, 0x42, 0x08,
  0x42, 0x08, 0x42, 0x08, 0xe4, 0x10, 0x42, 0x08, 0x42, 0x08, 0x42, 0x08, 0x42, 0x08, 0x42, 0x08, 0x42, 0x08, 0x42, 0x08, 0x42, 0x08, 0x42, 0x08, 0x42, 0x08, 0x42, 0x08, 0x42, 0x08, 0x42, 0x08,
  0x83, 0x08, 0x42, 0x08, 0x42, 0x08, 0x42, 0x08, 0x42, 0x08, 0x42, 0x08, 0x42, 0x08, 0x42, 0x08, 0x42, 0x08, 0x42, 0x08, 0x42, 0x08, 0x42, 0x08, 0xe4, 0x10, 0x42, 0x08, 0x42, 0x08, 0x42, 0x08,
  0x42, 0x08, 0x42, 0x08, 0x42, 0x08, 0x42, 0x08, 0x42, 0x08, 0x42, 0x08, 0x42, 0x08, 0x42, 0x08, 0x42, 0x08, 0x42, 0x08, 0xe5, 0x10, 0x42, 0x08, 0x42, 0x08, 0x42, 0x08, 0x42, 0x08, 0x42, 0x08,
  0x83, 0x08, 0x42, 0x08, 0x42, 0x08, 0x42, 0x08, 0x42, 0x08, 0x42, 0x08, 0x42, 0x08, 0x62, 0x08, 0xa8, 0x29, 0x05, 0x21, 0xe4, 0x20, 0x66, 0x29, 0xc7, 0x39, 0xa7, 0x39, 0x66, 0x39, 0x45, 0x31,
  0x45, 0x31, 0x66, 0x39, 0x86, 0x41, 0x86, 0x41, 0x86, 0x41, 0x86, 0x41, 0xa6, 0x41, 0x45, 0x39, 0x45, 0x39, 0x45, 0x39, 0x45, 0x39, 0x45, 0x39, 0x66, 0x39, 0x65, 0x39, 0x46, 0x39, 0x66, 0x39,
  0x86, 0x39, 0x66, 0x39, 0x66, 0x39, 0xa7, 0x39, 0x29, 0x4a, 0xc8, 0x39, 0x66, 0x29, 0x05, 0x21, 0x25, 0x21, 0xe4, 0x18, 0x42, 0x08, 0x42, 0x08, 0x42, 0x08, 0x42, 0x08, 0x42, 0x08, 0x42, 0x08,
  0x42, 0x08, 0x42, 0x08, 0x06, 0x19, 0x42, 0x08, 0x42, 0x08, 0x42, 0x08, 0x42, 0x08, 0x42, 0x08, 0x42, 0x08, 0x42, 0x08, 0x42, 0x08, 0x42, 0x08, 0x42, 0x08, 0x42, 0x08, 0x42, 0x08, 0x42, 0x08,
  0x46, 0x19, 0x42, 0x08, 0x42, 0x08, 0x42, 0x08, 0x42, 0x08, 0x42, 0x08, 0x42, 0x08, 0x42, 0x08, 0x42, 0x08, 0x42, 0x08, 0x42, 0x08, 0x42, 0x08, 0x42, 0x08, 0x42, 0x08, 0x26, 0x19, 0x42, 0x08,
  0x42, 0x08, 0x42, 0x08, 0x42, 0x08, 0x42, 0x08, 0x42, 0x08, 0x42, 0x08, 0x42, 0x08, 0x42, 0x08, 0x42, 0x08, 0x42, 0x08, 0x42, 0x08, 0x42, 0x08, 0x26, 0x19, 0x42, 0x08, 0x42, 0x08, 0x42, 0x08,
  0x83, 0x08, 0x42, 0x08, 0x42, 0x08, 0x42, 0x08, 0x42, 0x08, 0x42, 0x08, 0x42, 0x08, 0x42, 0x08, 0x42, 0x08, 0x42, 0x08, 0x26, 0x19, 0x42, 0x08, 0x42, 0x08, 0x42, 0x08, 0x42, 0x08, 0x42, 0x08,
  0x42, 0x08, 0x42, 0x08, 0x42, 0x08, 0x42, 0x08, 0x42, 0x08, 0x42, 0x08, 0x42, 0x08, 0x42, 0x08, 0x27, 0x19, 0x42, 0x08, 0x42, 0x08, 0x42, 0x08, 0x42, 0x08, 0x42, 0x08, 0x42, 0x08, 0x42, 0x08,
  0x83, 0x08, 0x42, 0x08, 0x42, 0x08, 0x42, 0x08, 0x42, 0x08, 0x42, 0x08, 0x27, 0x19, 0x42, 0x08, 0x42, 0x08, 0x42, 0x08, 0x42, 0x08, 0x42, 0x08, 0x42, 0x08, 0x42, 0x08, 0x42, 0x08, 0x42, 0x08,
  0x42, 0x08, 0x42, 0x08, 0x42, 0x08, 0x42, 0x08, 0x26, 0x19, 0x42, 0x08, 0x42, 0x08, 0x42, 0x08, 0x42, 0x08, 0x42, 0x08, 0x42, 0x08, 0x42, 0x08, 0x42, 0x08, 0x42, 0x08, 0x42, 0x08, 0x42, 0x08,
  0x83, 0x08, 0x42, 0x08, 0x26, 0x19, 0x42, 0x08, 0x42, 0x08, 0x42, 0x08, 0x42, 0x08, 0x42, 0x08, 0x42, 0x08, 0x42, 0x08, 0x42, 0x08, 0x42, 0x08, 0x42, 0x08, 0x42, 0x08, 0x42, 0x08, 0x42, 0x08,
  0x26, 0x19, 0x42, 0x08, 0x42, 0x08, 0x42, 0x08, 0x42, 0x08, 0x42, 0x08, 0x42, 0x08, 0x42, 0x08, 0x42, 0x08, 0x42, 0x08, 0x42, 0x08, 0x42, 0x08, 0x42, 0x08, 0x42, 0x08, 0x06, 0x19, 0x42, 0x08,
  0x83, 0x08, 0x42, 0x08, 0x42, 0x08, 0x42, 0x08, 0x42, 0x08, 0x42, 0x08, 0x42, 0x08, 0x42, 0x08, 0x42, 0x08, 0x42, 0x08, 0x42, 0x08, 0x42, 0x08, 0x06, 0x19, 0x42, 0x08, 0x42, 0x08, 0x42, 0x08,
  0x42, 0x08, 0x42, 0x08, 0x42, 0x08, 0x42, 0x08, 0x42, 0x08, 0x42, 0x08, 0x42, 0x08, 0x42, 0x08, 0x42, 0x08, 0x42, 0x08, 0x05, 0x19, 0x42, 0x08, 0x42, 0x08, 0x42, 0x08, 0x42, 0x08, 0x42, 0x08,
  0x83, 0x08, 0x42, 0x08, 0x42, 0x08, 0x42, 0x08, 0x42, 0x08, 0x42, 0x08, 0x42, 0x08, 0x42, 0x08, 0x05, 0x19, 0x42, 0x08, 0x42, 0x08, 0x42, 0x08, 0x42, 0x08, 0x42, 0x08, 0x42, 0x08, 0x42, 0x08,
  0x42, 0x08, 0x42, 0x08, 0x42, 0x08, 0x42, 0x08, 0x42, 0x08, 0x42, 0x08, 0xe5, 0x10, 0x42, 0x08, 0x42, 0x08, 0x42, 0x08, 0x42, 0x08, 0x42, 0x08, 0x42, 0x08, 0x42, 0x08, 0x42, 0x08, 0x42, 0x08,
  0x83, 0x08, 0x42, 0x08, 0x42, 0x08, 0x42, 0x08, 0xe5, 0x10, 0x42, 0x08, 0x42, 0x08, 0x42, 0x08, 0x42, 0x08, 0x42, 0x08, 0x42, 0x08, 0x42, 0x08, 0x42, 0x08, 0x42, 0x08, 0x42, 0x08, 0x42, 0x08,
  0x42, 0x08, 0x42, 0x08, 0xe4, 0x10, 0x42, 0x08, 0x42, 0x08, 0x42, 0x08, 0x42, 0x08, 0x42, 0x08, 0x42, 0x08, 0x42, 0x08, 0x42, 0x08, 0x42, 0x08, 0x42, 0x08, 0x42, 0x08, 0x42, 0x08, 0x42, 0x08,
  0x83, 0x08, 0x42, 0x08, 0x42, 0x08, 0x42, 0x08, 0x42, 0x08, 0x42, 0x08, 0x42, 0x08, 0x42, 0x08, 0x42, 0x08, 0x42, 0x08, 0x42, 0x08, 0x42, 0x08, 0xe4, 0x10, 0x42, 0x08, 0x42, 0x08, 0x42, 0x08,
  0x42, 0x08, 0x42, 0x08, 0x42, 0x08, 0x42, 0x08, 0x42, 0x08, 0x42, 0x08, 0x42, 0x08, 0x42, 0x08, 0x42, 0x08, 0x42, 0x08, 0xe5, 0x10, 0x42, 0x08, 0x42, 0x08, 0x42, 0x08, 0x42, 0x08, 0x42, 0x08,
  0x83, 0x08, 0x42, 0x08, 0x42, 0x08, 0x42, 0x08, 0x42, 0x08, 0x42, 0x08, 0x42, 0x08, 0x42, 0x08, 0xe5, 0x10, 0x42, 0x08, 0x42, 0x08, 0x42, 0x08, 0x42, 0x08, 0x42, 0x08, 0x42, 0x08, 0x42, 0x08,
  0x42, 0x08, 0x42, 0x08, 0x42, 0x08, 0x42, 0x08, 0x42, 0x08, 0x42, 0x08, 0x05, 0x19, 0x42, 0x08, 0x42, 0x08, 0x42, 0x08, 0x42, 0x08, 0x42, 0x08, 0x42, 0x08, 0x42, 0x08, 0x42, 0x08, 0x42, 0x08,
  0x83, 0x08, 0x42, 0x08, 0x42, 0x08, 0x42, 0x08, 0x05, 0x19, 0x42, 0x08, 0x42, 0x08, 0x42, 0x08, 0x42, 0x08, 0x42, 0x08, 0x42, 0x08, 0x42, 0x08, 0x42, 0x08, 0x42, 0x08, 0x42, 0x08, 0x42, 0x08,
  0x42, 0x08, 0x42, 0x08, 0x06, 0x19, 0x42, 0x08, 0x42, 0x08, 0x42, 0x08, 0x42, 0x08, 0x42, 0x08, 0x42, 0x08, 0x42, 0x08, 0x42, 0x08, 0x42, 0x08, 0x42, 0x08, 0x42, 0x08, 0x42, 0x08, 0x42, 0x08,
  0x46, 0x19, 0x42, 0x08, 0x42, 0x08, 0x42, 0x08, 0x42, 0x08, 0x42, 0x08, 0x42, 0x08, 0x42, 0x08, 0x42, 0x08, 0x42, 0x08, 0x42, 0x08, 0x42, 0x08, 0x42, 0x08, 0x42, 0x08, 0x26, 0x19, 0x42, 0x08,
  0x42, 0x08, 0x42, 0x08, 0x42, 0x08, 0x42, 0x08, 0x42, 0x08, 0x42, 0x08, 0x42, 0x08, 0x42, 0x08, 0x42, 0x08, 0x42, 0x08, 0x42, 0x08, 0x42, 0x08, 0x26, 0x19, 0x42, 0x08, 0x42, 0x08, 0x42, 0x08,
  0x83, 0x08, 0x42, 0x08, 0x42, 0x08, 0x42, 0x08, 0x42, 0x08, 0x42, 0x08, 0x42, 0x08, 0x42, 0x08, 0x42, 0x08, 0x42, 0x08, 0x26, 0x19, 0x42, 0x08, 0x42, 0x08, 0x42, 0x08, 0x42, 0x08, 0x42, 0x08,
  0x42, 0x08, 0x42, 0x08, 0x42, 0x08, 0x42, 0x08, 0x42, 0x08, 0x42, 0x08, 0x42, 0x08, 0x42, 0x08, 0x27, 0x19, 0x42, 0x08, 0x42, 0x08, 0x42, 0x08, 0x42, 0x08, 0x42, 0x08, 0x42, 0x08, 0x42, 0x08,
  0x83, 0x08, 0x42, 0x08, 0x42, 0x08, 0x42, 0x08, 0x42, 0x08, 0x42, 0x08, 0x27, 0x19, 0x42, 0x08, 0x42, 0x08, 0x42, 0x08, 0x42, 0x08, 0x42, 0x08, 0x42, 0x08, 0x42, 0x08, 0x42, 0x08, 0x42, 0x08,
  0x42, 0x08, 0x42, 0x08, 0x42, 0x08, 0x42, 0x08, 0x26, 0x19, 0x42, 0x08, 0x42, 0x08, 0x42, 0x08, 0x42, 0x08, 0x42, 0x08, 0x42, 0x08, 0x42, 0x08, 0x42, 0x08, 0x42, 0x08, 0x42, 0x08, 0x42, 0x08,
  0x83, 0x08, 0x42, 0x08, 0x26, 0x19, 0x42, 0x08, 0x42, 0x08, 0x42, 0x08, 0x42, 0x08, 0x42, 0x08, 0x42, 0x08, 0x42, 0x08, 0x42, 0x08, 0x42, 0x08, 0x42, 0x08, 0x42, 0x08, 0x42, 0x08, 0x42, 0x08,
  0x26, 0x19, 0x42, 0x08, 0x42, 0x08, 0x42, 0x08, 0x42, 0x08, 0x42, 0x08, 0x42, 0x08, 0x42, 0x08, 0x42, 0x08, 0x42, 0x08, 0x42, 0x08, 0x42, 0x08, 0x42, 0x08, 0x42, 0x08, 0x06, 0x19, 0x42, 0x08,
  0x83, 0x08, 0x42, 0x08, 0x42, 0x08, 0x42, 0x08, 0x42, 0x08, 0x42, 0x08, 0x42, 0x08, 0x42, 0x08, 0x42, 0x08, 0x42, 0x08, 0x42, 0x08, 0x42, 0x08, 0x06, 0x19, 0x42, 0x08, 0x42, 0x08, 0x42, 0x08,
  0x42, 0x08, 0x42, 0x08, 0x42, 0x08, 0x42, 0x08, 0x42, 0x08, 0x42, 0x08, 0x42, 0x08, 0x42, 0x08, 0x42, 0x08, 0x42, 0x08, 0x05, 0x19, 0x42, 0x08, 0x42, 0x08, 0x42, 0x08, 0x42, 0x08, 0x42, 0x08,
  0x83, 0x08, 0x42, 0x08, 0x42, 0x08, 0x42, 0x08, 0x42, 0x08, 0x42, 0x08, 0x42, 0x08, 0x42, 0x08, 0x05, 0x19, 0x42, 0x08, 0x42, 0x08, 0x42, 0x08, 0x42, 0x08, 0x42, 0x08, 0x42, 0x08, 0x42, 0x08,
  0x42, 0x08, 0x42, 0x08, 0x42, 0x08, 0x42, 0x08, 0x42, 0x08, 0x42, 0x08, 0xe5, 0x10, 0x42, 0x08, 0x42, 0x08, 0x42, 0x08, 0x42, 0x08, 0x42, 0x08, 0x42, 0x08, 0x42, 0x08, 0x42, 0x08, 0x42, 0x08,
  0x83, 0x08, 0x42, 0x08, 0x42, 0x08, 0x42, 0x08, 0xe5, 0x10, 0x42, 0x08, 0x42, 0x08, 0x42, 0x08, 0x42, 0x08, 0x42, 0x08, 0x42, 0x08, 0x42, 0x08, 0x42, 0x08, 0x42, 0x08, 0x42, 0x08, 0x42, 0x08,
  0x42, 0x08, 0x42, 0x08, 0xe4, 0x10, 0x42, 0x08, 0x42, 0x08, 0x42, 0x08, 0x42, 0x08, 0x42, 0x08, 0x42, 0x08, 0x42, 0x08, 0x42, 0x08, 0x42, 0x08, 0x42, 0x08, 0x42, 0x08, 0x42, 0x08, 0x42, 0x08,
  0x83, 0x08, 0x42, 0x08, 0x42, 0x08, 0x42, 0x08, 0x42, 0x08, 0x42, 0x08, 0x42, 0x08, 0x42, 0x08, 0x42, 0x08, 0x42, 0x08, 0x42, 0x08, 0x42, 0x08, 0xe4, 0x10, 0x42, 0x08, 0x42, 0x08, 0x42, 0x08,
  0x42, 0x08, 0x42, 0x08, 0x42, 0x08, 0x42, 0x08, 0x42, 0x08, 0x42, 0x08, 0x42, 0x08, 0x42, 0x08, 0x42, 0x08, 0x42, 0x08, 0xe5, 0x10, 0x42, 0x08, 0x42, 0x08, 0x42, 0x08, 0x42, 0x08, 0x42, 0x08,
  0x83, 0x08, 0x42, 0x08, 0x42, 0x08, 0x42, 0x08, 0x42, 0x08, 0x42, 0x08, 0x42, 0x08, 0x42, 0x08, 0xe5, 0x10, 0x42, 0x08, 0x42, 0x08, 0x42, 0x08, 0x42, 0x08, 0x42, 0x08, 0x42, 0x08, 0x42, 0x08,
  0x42, 0x08, 0x42, 0x08, 0x42, 0x08, 0x42, 0x08, 0x42, 0x08, 0x42, 0x08, 0x05, 0x19, 0x42, 0x08, 0x42, 0x08, 0x42, 0x08, 0x42, 0x08, 0x42, 0x08, 0x42, 0x08, 0x42, 0x08, 0x42, 0x08, 0x42, 0x08,
  0x83, 0x08, 0x42, 0x08, 0x42, 0x08, 0x42, 0x08, 0x05, 0x19, 0x42, 0x08, 0x42, 0x08, 0x42, 0x08, 0x42, 0x08, 0x42, 0x08, 0x42, 0x08, 0x42, 0x08, 0x42, 0x08, 0x42, 0x08, 0x42, 0x08, 0x42, 0x08,
  0x42, 0x08, 0x42, 0x08, 0x06, 0x19, 0x42, 0x08, 0x42, 0x08, 0x42, 0x08, 0x42, 0x08, 0x42, 0x08, 0x42, 0x08, 0x42, 0x08, 0x42, 0x08, 0x42, 0x08, 0x42, 0x08, 0x42, 0x08, 0x42, 0x08, 0x42, 0x08,
  0x46, 0x19, 0x42, 0x08, 0x42, 0x08, 0x42, 0x08, 0x42, 0x08, 0x42, 0x08, 0x42, 0x08, 0x42, 0x08, 0x42, 0x08, 0x42, 0x08, 0x42, 0x08, 0x42, 0x08, 0x42, 0x08, 0x42, 0x08, 0x26, 0x19, 0x42, 0x08,
  0x42, 0x08, 0x42, 0x08, 0x42, 0x08, 0x42, 0x08, 0x42, 0x08, 0x42, 0x08, 0x42, 0x08, 0x42, 0x08, 0x42, 0x08, 0x42, 0x08, 0x42, 0x08, 0x42, 0x08, 0x26, 0x19, 0x42, 0x08, 0x42, 0x08, 0x42, 0x08,
  0x83, 0x08, 0x42, 0x08, 0x42, 0x08, 0x42, 0x08, 0x42, 0x08, 0x42, 0x08, 0x42, 0x08, 0x42, 0x08, 0x42, 0x08, 0x42, 0x08, 0x26, 0x19, 0x42, 0x08, 0x42, 0x08, 0x42, 0x08, 0x42, 0x08, 0x42, 0x08,
  0x42, 0x08, 0x42, 0x08, 0x42, 0x08, 0x42, 0x08, 0x42, 0x08, 0x42, 0x08, 0x42, 0x08, 0x42, 0x08, 0x27, 0x19, 0x42, 0x08, 0x42, 0x08, 0x42, 0x08, 0x42, 0x08, 0x42, 0x08, 0x42, 0x08, 0x42, 0x08,
  0x83, 0x08, 0x42, 0x08, 0x42, 0x08, 0x42, 0x08, 0x42, 0x08, 0x42, 0x08, 0x27, 0x19, 0x42, 0x08, 0x42, 0x08, 0x42, 0x08, 0x42, 0x08, 0x42, 0x08, 0x42, 0x08, 0x42, 0x08, 0x42, 0x08, 0x42, 0x08,
  0x42, 0x08, 0x42, 0x08, 0x42, 0x08, 0x42, 0x08, 0x26, 0x19, 0x42, 0x08, 0x42, 0x08, 0x42, 0x08, 0x42, 0x08, 0x42, 0x08, 0x42, 0x08, 0x42, 0x08, 0x42, 0x08, 0x42, 0x08, 0x42, 0x08, 0x42, 0x08,
  0x83, 0x08, 0x42, 0x08, 0x26, 0x19, 0x42, 0x08, 0x42, 0x08, 0x42, 0x08, 0x42, 0x08, 0x42, 0x08, 0x42, 0x08, 0x42, 0x08, 0x42, 0x08, 0x42, 0x08, 0x42, 0x08, 0x42, 0x08, 0x42, 0x08, 0x42, 0x08,
  0x26, 0x19, 0x42, 0x08, 0x42, 0x08, 0x42, 0x08, 0x42, 0x08, 0x42, 0x08, 0x42, 0x08, 0x42, 0x08, 0x42, 0x08, 0x42, 0x08, 0x42, 0x08, 0x42, 0x08, 0x42, 0x08, 0x42, 0x08, 0x06, 0x19, 0x42, 0x08,
  0x83, 0x08, 0x42, 0x08, 0x42, 0x08, 0x42, 0x08, 0x42, 0x08, 0x42, 0x08, 0x42, 0x08, 0x42, 0x08, 0x42, 0x08, 0x42, 0x08, 0x42, 0x08, 0x42, 0x08, 0x06, 0x19, 0x42, 0x08, 0x42, 0x08, 0x42, 0x08,
  0x42, 0x08, 0x42, 0x08, 0x42, 0x08, 0x42, 0x08, 0x42, 0x08, 0x42, 0x08, 0x42, 0x08, 0x42, 0x08, 0x42, 0x08, 0x42, 0x08, 0x05, 0x19, 0x42, 0x08, 0x42, 0x08, 0x42, 0x08, 0x42, 0x08, 0x42, 0x08,
  0x83, 0x08, 0x42, 0x08, 0x42, 0x08, 0x42, 0x08, 0x42, 0x08, 0x42, 0x08, 0x42, 0x08, 0x42, 0x08, 0x05, 0x19, 0x42, 0x08, 0x42, 0x08, 0x42, 0x08, 0x42, 0x08, 0x42, 0x08, 0x42, 0x08, 0x42, 0x08,
  0x42, 0x08, 0x42, 0x08, 0x42, 0x08, 0x42, 0x08, 0x42, 0x08, 0x42, 0x08, 0xe5, 0x10, 0x42, 0x08, 0x42, 0x08, 0x42, 0x08, 0x42, 0x08, 0x42, 0x08, 0x42, 0x08, 0x42, 0x08, 0x42, 0x08, 0x42, 0x08,
  0x83, 0x08, 0x42, 0x08, 0x42, 0x08, 0x42, 0x08, 0xe5, 0x10, 0x42, 0x08, 0x42, 0x08, 0x42, 0x08, 0x42, 0x08, 0x42, 0x08, 0x42, 0x08, 0x42, 0x08, 0x42, 0x08, 0x42, 0x08, 0x42, 0x08, 0x42, 0x08,
  0x42, 0x08, 0x42, 0x08, 0xe4, 0x10, 0x42, 0x08, 0x42, 0x08, 0x42, 0x08, 0x42, 0x08, 0x42, 0x08, 0x42, 0x08, 0x42, 0x08, 0x42, 0x08, 0x42, 0x08, 0x42, 0x08, 0x42, 0x08, 0x42, 0x08, 0x42, 0x08,
  0x83, 0x08, 0x42, 0x08, 0x42, 0x08, 0x42, 0x08, 0x42, 0x08, 0x42, 0x08, 0x42, 0x08, 0x42, 0x08, 0x42, 0x08, 0x42, 0x08, 0x42, 0x08, 0x42, 0x08, 0xe4, 0x10, 0x42, 0x08, 0x42, 0x08, 0x42, 0x08,
  0x42, 0x08, 0x42, 0x08, 0x42, 0x08, 0x42, 0x08, 0x42, 0x08, 0x42, 0x08, 0x42, 0x08, 0x42, 0x08, 0x42, 0x08, 0x42, 0x08, 0xe5, 0x10, 0x42, 0x08, 0x42, 0x08, 0x42, 0x08, 0x42, 0x08, 0x42, 0x08,
  0x83, 0x08, 0x42, 0x08, 0x42, 0x08, 0x42, 0x08, 0x42, 0x08, 0x42, 0x08, 0x42, 0x08, 0x42, 0x08, 0xe5, 0x10, 0x42, 0x08, 0x42, 0x08, 0x42, 0x08, 0x42, 0x08, 0x42, 0x08, 0x42, 0x08, 0x42, 0x08,
  0x42, 0x08, 0x42, 0x08, 0x42, 0x08, 0x42, 0x08, 0x42, 0x08, 0x42, 0x08, 0x05, 0x19, 0x42, 0x08, 0x42, 0x08, 0x42, 0x08, 0x42, 0x08, 0x42, 0x08, 0x42, 0x08, 0x42, 0x08, 0x42, 0x08, 0x42, 0x08,
  0x83, 0x08, 0x42, 0x08, 0x42, 0x08, 0x42, 0x08, 0x05, 0x19, 0x42, 0x08, 0x42, 0x08, 0x42, 0x08, 0x42, 0x08, 0x42, 0x08, 0x42, 0x08, 0x42, 0x08, 0x42, 0x08, 0x42, 0x08, 0x42, 0x08, 0x42, 0x08,
  0x42, 0x08, 0x42, 0x08, 0x06, 0x19, 0x42, 0x08, 0x42, 0x08, 0x42, 0x08, 0x42, 0x08, 0x42, 0x08, 0x42, 0x08, 0x42, 0x08, 0x42, 0x08, 0x42, 0x08, 0x42, 0x08, 0x42, 0x08, 0x42, 0x08, 0x42, 0x08,
  0x46, 0x19, 0x42, 0x08, 0x42, 0x08, 0x42, 0x08, 0x42, 0x08, 0x42, 0x08, 0x42, 0x08, 0x42, 0x08, 0x42, 0x08, 0x42, 0x08, 0x42, 0x08, 0x42, 0x08, 0x42, 0x08, 0x42, 0x08, 0x26, 0x19, 0x42, 0x08,
  0x42, 0x08, 0x42, 0x08, 0x42, 0x08, 0x42, 0x08, 0x42, 0x08, 0x42, 0x08, 0x42, 0x08, 0x42, 0x08, 0x42, 0x08, 0x42, 0x08, 0x42, 0x08, 0x42, 0x08, 0x26, 0x19, 0x42, 0x08, 0x42, 0x08, 0x42, 0x08,
  0x83, 0x08, 0x42, 0x08, 0x42, 0x08, 0x42, 0x08, 0x42, 0x08, 0x42, 0x08, 0x42, 0x08, 0x42, 0x08, 0x42, 0x08, 0x42, 0x08, 0x26, 0x19, 0x42, 0x08, 0x42, 0x08, 0x42, 0x08, 0x42, 0x08, 0x42, 0x08,
  0x42, 0x08, 0x42, 0x08, 0x42, 0x08, 0x42, 0x08, 0x42, 0x08, 0x42, 0x08, 0x42, 0x08, 0x42, 0x08, 0x27, 0x19, 0x42, 0x08, 0x42, 0x08, 0x42, 0x08, 0x42, 0x08, 0x42, 0x08, 0x42, 0x08, 0x42, 0x08,
  0x83, 0x08, 0x42, 0x08, 0x42, 0x08, 0x42, 0x08, 0x42, 0x08, 0x42, 0x08, 0x27, 0x19, 0x42, 0x08, 0x42, 0x08, 0x42, 0x08, 0x42, 0x08, 0x42, 0x08, 0x42, 0x08, 0x42, 0x08, 0x42, 0x08, 0x42, 0x08,
  0x42, 0x08, 0x42, 0x08, 0x42, 0x08, 0x42, 0x08, 0x26, 0x19, 0x42, 0x08, 0x42, 0x08, 0x42, 0x08, 0x42, 0x08, 0x42, 0x08, 0x42, 0x08, 0x42, 0x08, 0x42, 0x08, 0x42, 0x08, 0x42, 0x08, 0x42, 0x08,
  0x83, 0x08, 0x42, 0x08, 0x26, 0x19, 0x42, 0x08, 0x42, 0x08, 0x42, 0x08, 0x42, 0x08, 0x42, 0x08, 0x42, 0x08, 0x42, 0x08, 0x42, 0x08, 0x42, 0x08, 0x42, 0x08, 0x42, 0x08, 0x42, 0x08, 0x42, 0x08,
  0x26, 0x19, 0x42, 0x08, 0x42, 0x08, 0x42, 0x08, 0x42, 0x08, 0x42, 0x08, 0x42, 0x08, 0x42, 0x08, 0x42, 0x08, 0x42, 0x08, 0x42, 0x08, 0x42, 0x08, 0x42, 0x08, 0x42, 0x08, 0x06, 0x19, 0x42, 0x08,
  0x83, 0x08, 0x42, 0x08, 0x42, 0x08, 0x42, 0x08, 0x42, 0x08, 0x42, 0x08, 0x42, 0x08, 0x42, 0x08, 0x42, 0x08, 0x42, 0x08, 0x42, 0x08, 0x42, 0x08, 0x06, 0x19, 0x42, 0x08, 0x42, 0x08, 0x42, 0x08,
  0x42, 0x08, 0x42, 0x08, 0x42, 0x08, 0x42, 0x08, 0x42, 0x08, 0x42, 0x08, 0x42, 0x08, 0x42, 0x08, 0x42, 0x08, 0x42, 0x08, 0x05, 0x19, 0x42, 0x08, 0x42, 0x08, 0x42, 0x08, 0x42, 0x08, 0x42, 0x08,
  0x83, 0x08, 0x42, 0x08, 0x42, 0x08, 0x42, 0x08, 0x42, 0x08, 0x42, 0x08, 0x42, 0x08, 0x42, 0x08, 0x05, 0x19, 0x42, 0x08, 0x42, 0x08, 0x42, 0x08, 0x42, 0x08, 0x42, 0x08, 0x42, 0x08, 0x42, 0x08,
  0x42, 0x08, 0x42, 0x08, 0x42, 0x08, 0x42, 0x08, 0x42, 0x08, 0x42, 0x08, 0xe5, 0x10, 0x42, 0x08, 0x42, 0x08, 0x42, 0x08, 0x42, 0x08, 0x42, 0x08, 0x42, 0x08, 0x42, 0x08, 0x42, 0x08, 0x42, 0x08,
  0x83, 0x08, 0x42, 0x08, 0x42, 0x08, 0x42, 0x08, 0xe5, 0x10, 0x42, 0x08, 0x42, 0x08, 0x42, 0x08, 0x42, 0x08, 0x42, 0x08, 0x42, 0x08, 0x42, 0x08, 0x42, 0x08, 0x42, 0x08, 0x42, 0x08, 0x42, 0x08,
  0x42, 0x08, 0x42, 0x08, 0xe4, 0x10, 0x42, 0x08, 0x42, 0x08, 0x42, 0x08, 0x42, 0x08, 0x42, 0x08, 0x42, 0x08, 0x42, 0x08, 0x42, 0x08, 0x42, 0x08, 0x42, 0x08, 0x42, 0x08, 0x42, 0x08, 0x42, 0x08,
  0x83, 0x08, 0x42, 0x08, 0x42, 0x08, 0x42, 0x08, 0x42, 0x08, 0x42, 0x08, 0x42, 0x08, 0x42, 0x08, 0x42, 0x08, 0x42, 0x08, 0x42, 0x08, 0x42, 0x08, 0xe4, 0x10, 0x42, 0x08, 0x42, 0x08, 0x42, 0x08,
  0x42, 0x08, 0x42, 0x08, 0x42, 0x08, 0x42, 0x08, 0x42, 0x08, 0x42, 0x08, 0x42, 0x08, 0x42, 0x08, 0x42, 0x08, 0x42, 0x08, 0xe5, 0x10, 0x42, 0x08, 0x42, 0x08, 0x42, 0x08, 0x42, 0x08, 0x42, 0x08,
  0x83, 0x08, 0x42, 0x08, 0x42, 0x08, 0x42, 0x08, 0x42, 0x08, 0x42, 0x08, 0x42, 0x08, 0x42, 0x08, 0xe5, 0x10, 0x42, 0x08, 0x42, 0x08, 0x42, 0x08, 0x42, 0x08, 0x42, 0x08, 0x42, 0x08, 0x42, 0x08,
  0x42, 0x08, 0x42, 0x08, 0x42, 0x08, 0x42, 0x08, 0x42, 0x08, 0x42, 0x08, 0x05, 0x19, 0x42, 0x08, 0x42, 0x08, 0x42, 0x08, 0x42, 0x08, 0x42, 0x08, 0x42, 0x08, 0x42, 0x08, 0x42, 0x08, 0x42, 0x08,
  0x83, 0x08, 0x42, 0x08, 0x42, 0x08, 0x42, 0x08, 0x05, 0x19, 0x42, 0x08, 0x42, 0x08, 0x42, 0x08, 0x42, 0x08, 0x42, 0x08, 0x42, 0x08, 0x42, 0x08, 0x42, 0x08, 0x42, 0x08, 0x42, 0x08, 0x42, 0x08,
  0x42, 0x08, 0x42, 0x08, 0x06, 0x19, 0x42, 0x08, 0x42, 0x08, 0x42, 0x08, 0x42, 0x08, 0x42, 0x08, 0x42, 0x08, 0x42, 0x08, 0x42, 0x08, 0x42, 0x08, 0x42, 0x08, 0x42, 0x08, 0x42, 0x08, 0x42, 0x08,
  0x46, 0x19, 0x42, 0x08, 0x42, 0x08, 0x42, 0x08, 0x42, 0x08, 0x42, 0x08, 0x42, 0x08, 0x42, 0x08, 0x42, 0x08, 0x42, 0x08, 0x42, 0x08, 0x42, 0x08, 0x42, 0x08, 0x42, 0x08, 0x26, 0x19, 0x42, 0x08,
  0x42, 0x08, 0x42, 0x08, 0x42, 0x08, 0x42, 0x08, 0x42, 0x08, 0x42, 0x08, 0x42, 0x08, 0x42, 0x08, 0x42, 0x08, 0x42, 0x08, 0x42, 0x08, 0x42, 0x08, 0x26, 0x19, 0x42, 0x08, 0x42, 0x08, 0x42, 0x08,
  0x83, 0x08, 0x42, 0x08, 0x42, 0x08, 0x42, 0x08, 0x42, 0x08, 0x42, 0x08, 0x42, 0x08, 0x42, 0x08, 0x42, 0x08, 0x42, 0x08, 0x26, 0x19, 0x42, 0x08, 0x42, 0x08, 0x42, 0x08, 0x42, 0x08, 0x42, 0x08,
  0x42, 0x08, 0x42, 0x08, 0x42, 0x08, 0x42, 0x08, 0x42, 0x08, 0x42, 0x08, 0x42, 0x08, 0x42, 0x08, 0x27, 0x19, 0x42, 0x08, 0x42, 0x08, 0x42, 0x08, 0x42, 0x08, 0x42, 0x08, 0x42, 0x08, 0x42, 0x08,
  0x83, 0x08, 0x42, 0x08, 0x42, 0x08, 0x42, 0x08, 0x42, 0x08, 0x42, 0x08, 0x27, 0x19, 0x42, 0x08, 0x42, 0x08, 0x42, 0x08, 0x42, 0x08, 0x42, 0x08, 0x42, 0x08, 0x42, 0x08, 0x42, 0x08, 0x42, 0x08,
  0x42, 0x08, 0x42, 0x08, 0x42, 0x08, 0x42, 0x08, 0x26, 0x19, 0x42, 0x08, 0x42, 0x08, 0x42, 0x08, 0x42, 0x08, 0x42, 0x08, 0x42, 0x08, 0x42, 0x08, 0x42, 0x08, 0x42, 0x08, 0x42, 0x08, 0x42, 0x08,
  0x83, 0x08, 0x42, 0x08, 0x26, 0x19, 0x42, 0x08, 0x42, 0x08, 0x42, 0x08, 0x42, 0x08, 0x42, 0x08, 0x42, 0x08, 0x42, 0x08, 0x42, 0x08, 0x42, 0x08, 0x42, 0x08, 0x42, 0x08, 0x42, 0x08, 0x42, 0x08,
  0x26, 0x19, 0x42, 0x08, 0x42, 0x08, 0x42, 0x08, 0x42, 0x08, 0x42, 0x08, 0x42, 0x08, 0x42, 0x08, 0x42, 0x08, 0x42, 0x08, 0x42, 0x08, 0x42, 0x08, 0x42, 0x08, 0x42, 0x08, 0x06, 0x19, 0x42, 0x08,
  0x83, 0x08, 0x42, 0x08, 0x42, 0x08, 0x42, 0x08, 0x42, 0x08, 0x42, 0x08, 0x42, 0x08, 0x42, 0x08, 0x42, 0x08, 0x42, 0x08, 0x42, 0x08, 0x42, 0x08, 0x06, 0x19, 0x42, 0x08, 0x42, 0x08, 0x42, 0x08,
  0x42, 0x08, 0x42, 0x08, 0x42, 0x08, 0x42, 0x08, 0x42, 0x08, 0x42, 0x08, 0x42, 0x08, 0x42, 0x08, 0x42, 0x08, 0x42, 0x08, 0x05, 0x19, 0x42, 0x08, 0x42, 0x08, 0x42, 0x08, 0x42, 0x08, 0x42, 0x08,
  0x83, 0x08, 0x42, 0x08, 0x42, 0x08, 0x42, 0x08, 0x42, 0x08, 0x42, 0x08, 0x42, 0x08, 0x42, 0x08, 0x05, 0x19, 0x42, 0x08, 0x42, 0x08, 0x42, 0x08, 0x42, 0x08, 0x42, 0x08, 0x42, 0x08, 0x42, 0x08,
  0x42, 0x08, 0x42, 0x08, 0x42, 0x08, 0x42, 0x08, 0x42, 0x08, 0x42, 0x08, 0xe5, 0x10, 0x42, 0x08, 0x42, 0x08, 0x42, 0x08, 0x42, 0x08, 0x42, 0x08, 0x42, 0x08, 0x42, 0x08, 0x42, 0x08, 0x42, 0x08,
  0x83, 0x08, 0x42, 0x08, 0x42, 0x08, 0x42, 0x08, 0xe5, 0x10, 0x42, 0x08, 0x42, 0x08, 0x42, 0x08, 0x42, 0x08, 0x42, 0x08, 0x42, 0x08, 0x42, 0x08, 0x42, 0x08, 0x42, 0x08, 0x42, 0x08, 0x42, 0x08,
  0x42, 0x08, 0x42, 0x08, 0xe4, 0x10, 0x42, 0x08, 0x42, 0x08, 0x42, 0x08, 0x42, 0x08, 0x42, 0x08, 0x42, 0x08, 0x42, 0x08, 0x42, 0x08, 0x42, 0x08, 0x42, 0x08, 0x42, 0x08, 0x42, 0x08, 0x42, 0x08,
  0x83, 0x08, 0x42, 0x08, 0x42, 0x08, 0x42, 0x08, 0x42, 0x08, 0x42, 0x08, 0x42, 0x08, 0x42, 0x08, 0x42, 0x08, 0x42, 0x08, 0x42, 0x08, 0x42, 0x08, 0xe4, 0x10, 0x42, 0x08, 0x42, 0x08, 0x42, 0x08,
  0x42, 0x08, 0x42, 0x08, 0x42, 0x08, 0x42, 0x08, 0x42, 0x08, 0x42, 0x08, 0x42, 0x08, 0x42, 0x08, 0x42, 0x08, 0x42, 0x08, 0xe5, 0x10, 0x42, 0x08, 0x42, 0x08, 0x42, 0x08, 0x42, 0x08, 0x42, 0x08,
  0x83, 0x08, 0x42, 0x08, 0x42, 0x08, 0x42, 0x08, 0x42, 0x08, 0x42, 0x08, 0x42, 0x08, 0x42, 0x08, 0xe5, 0x10, 0x42, 0x08, 0x42, 0x08, 0x42, 0x08, 0x42, 0x08, 0x42, 0x08, 0x42, 0x08, 0x42, 0x08,
  0x42, 0x08, 0x42, 0x08, 0x42, 0x08, 0x42, 0x08, 0x42, 0x08, 0x42, 0x08, 0x05, 0x19, 0x42, 0x08, 0x42, 0x08, 0x42, 0x08, 0x42, 0x08, 0x42, 0x08, 0x42, 0x08, 0x42, 0x08, 0x42, 0x08, 0x42, 0x08,
  0x83, 0x08, 0x42, 0x08, 0x42, 0x08, 0x42, 0x08, 0x05, 0x19, 0x42, 0x08, 0x42, 0x08, 0x42, 0x08, 0x42, 0x08, 0x42, 0x08, 0x42, 0x08, 0x42, 0x08, 0x42, 0x08, 0x42, 0x08, 0x42, 0x08, 0x42, 0x08,
  0x42, 0x08, 0x42, 0x08, 0x06, 0x19, 0x42, 0x08, 0x42, 0x08, 0x42, 0x08, 0x42, 0x08, 0x42, 0x08, 0x42, 0x08, 0x42, 0x08, 0x42, 0x08, 0x42, 0x08, 0x42, 0x08, 0x42, 0x08, 0x42, 0x08, 0x42, 0x08,
  0x46, 0x19, 0x42, 0x08, 0x42, 0x08, 0x42, 0x08, 0x42, 0x08, 0x42, 0x08, 0x42, 0x08, 0x42, 0x08, 0x42, 0x08, 0x42, 0x08, 0x42, 0x08, 0x42, 0x08, 0x42, 0x08, 0x42, 0x08, 0x26, 0x19, 0x42, 0x08,
  0x42, 0x08, 0x42, 0x08, 0x42, 0x08, 0x42, 0x08, 0x42, 0x08, 0x42, 0x08, 0x42, 0x08, 0x42, 0x08, 0x42, 0x08, 0x42, 0x08, 0x42, 0x08, 0x42, 0x08, 0x26, 0x19, 0x42, 0x08, 0x42, 0x08, 0x42, 0x08,
  0x83, 0x08, 0x42, 0x08, 0x42, 0x08, 0x42, 0x08, 0x42, 0x08, 0x42, 0x08, 0x42, 0x08, 0x42, 0x08, 0x42, 0x08, 0x42, 0x08, 0x26, 0x19, 0x42, 0x08, 0x42, 0x08, 0x42, 0x08, 0x42, 0x08, 0x42, 0x08,
  0x42, 0x08, 0x42, 0x08, 0x42, 0x08, 0x42, 0x08, 0x42, 0x08, 0x42, 0x08, 0x42, 0x08, 0x42, 0x08, 0x27, 0x19, 0x42, 0x08, 0x42, 0x08, 0x42, 0x08, 0x42, 0x08, 0x42, 0x08, 0x42, 0x08, 0x42, 0x08,
  0x83, 0x08, 0x42, 0x08, 0x42, 0x08, 0x42, 0x08, 0x42, 0x08, 0x42, 0x08, 0x27, 0x19, 0x42, 0x08, 0x42, 0x08, 0x42, 0x08, 0x42, 0x08, 0x42, 0x08, 0x42, 0x08, 0x42, 0x08, 0x42, 0x08, 0x42, 0x08,
  0x42, 0x08, 0x42, 0x08, 0x42, 0x08, 0x42, 0x08, 0x26, 0x19, 0x42, 0x08, 0x42, 0x08, 0x42, 0x08, 0x42, 0x08, 0x42, 0x08, 0x42, 0x08, 0x42, 0x08, 0x42, 0x08, 0x42, 0x08, 0x42, 0x08, 0x42, 0x08,
  0x83, 0x08, 0x42, 0x08, 0x26, 0x19, 0x42, 0x08, 0x42, 0x08, 0x42, 0x08, 0x42, 0x08, 0x42, 0x08, 0x42, 0x08, 0x42, 0x08, 0x42, 0x08, 0x42, 0x08, 0x42, 0x08, 0x42, 0x08, 0x42, 0x08, 0x42, 0x08,
  0x26, 0x19, 0x42, 0x08, 0x42, 0x08, 0x42, 0x08, 0x42, 0x08, 0x42, 0x08, 0x42, 0x08, 0x42, 0x08, 0x42, 0x08, 0x42, 0x08, 0x42, 0x08, 0x42, 0x08, 0x42, 0x08, 0x42, 0x08, 0x06, 0x19, 0x42, 0x08,
  0x83, 0x08, 0x42, 0x08, 0x42, 0x08, 0x42, 0x08, 0x42, 0x08, 0x42, 0x08, 0x42, 0x08, 0x42, 0x08, 0x42, 0x08, 0x42, 0x08, 0x42, 0x08, 0x42, 0x08, 0x06, 0x19, 0x42, 0x08, 0x42, 0x08, 0x42, 0x08,
  0x42, 0x08, 0x42, 0x08, 0x42, 0x08, 0x42, 0x08, 0x42, 0x08, 0x42, 0x08, 0x42, 0x08, 0x42, 0x08, 0x42, 0x08, 0x42, 0x08, 0x05, 0x19, 0x42, 0x08, 0x42, 0x08, 0x42, 0x08, 0x42, 0x08, 0x42, 0x08,
  0x83, 0x08, 0x42, 0x08, 0x42, 0x08, 0x42, 0x08, 0x42, 0x08, 0x42, 0x08, 0x42, 0x08, 0x42, 0x08, 0x05, 0x19, 0x42, 0x08, 0x42, 0x08, 0x42, 0x08, 0x42, 0x08, 0x42, 0x08, 0x42, 0x08, 0x42, 0x08,
  0x42, 0x08, 0x42, 0x08, 0x42, 0x08, 0x42, 0x08, 0x42, 0x08, 0x42, 0x08, 0xe5, 0x10, 0x42, 0x08, 0x42, 0x08, 0x42, 0x08, 0x42, 0x08, 0x42, 0x08, 0x42, 0x08, 0x42, 0x08, 0x42, 0x08, 0x42, 0x08,
  0x83, 0x08, 0x42, 0x08, 0x42, 0x08, 0x42, 0x08, 0xe5, 0x10, 0x42, 0x08, 0x42, 0x08, 0x42, 0x08, 0x42, 0x08, 0x42, 0x08, 0x42, 0x08, 0x42, 0x08, 0x42, 0x08, 0x42, 0x08, 0x42, 0x08, 0x42, 0x08,
  0x42, 0x08, 0x42, 0x08, 0xe4, 0x10, 0x42, 0x08, 0x42, 0x08, 0x42, 0x08, 0x42, 0x08, 0x42, 0x08, 0x42, 0x08, 0x42, 0x08, 0x42, 0x08, 0x42, 0x08, 0x42, 0x08, 0x42, 0x08, 0x42, 0x08, 0x42, 0x08,
  0x83, 0x08, 0x42, 0x08, 0x42, 0x08, 0x42, 0x08, 0x42, 0x08, 0x42, 0x08, 0x42, 0x08, 0x42, 0x08, 0x42, 0x08, 0x42, 0x08, 0x42, 0x08, 0x42, 0x08, 0xe4, 0x10, 0x42, 0x08, 0x42, 0x08, 0x42, 0x08,
  0x42, 0x08, 0x42, 0x08, 0x42, 0x08, 0x42, 0x08, 0x42, 0x08, 0x42, 0x08, 0x42, 0x08, 0x42, 0x08, 0x42, 0x08, 0x42, 0x08, 0xe5, 0x10, 0x42, 0x08, 0x42, 0x08, 0x42, 0x08, 0x42, 0x08, 0x42, 0x08,
  0x83, 0x08, 0x42, 0x08, 0x42, 0x08, 0x42, 0x08, 0x42, 0x08, 0x42, 0x08, 0x42, 0x08, 0x42, 0x08, 0xe5, 0x10, 0x42, 0x08, 0x42, 0x08, 0x42, 0x08, 0x42, 0x08, 0x42, 0x08, 0x42, 0x08, 0x42, 0x08,
  0x42, 0x08, 0x42, 0x08, 0x42, 0x08, 0x42, 0x08, 0x42, 0x08, 0x42, 0x08, 0x05, 0x19, 0x42, 0x08, 0x42, 0x08, 0x42, 0x08, 0x42, 0x08, 0x42, 0x08, 0x42, 0x08, 0x42, 0x08, 0x42, 0x08, 0x42, 0x08,
  0x83, 0x08, 0x42, 0x08, 0x42, 0x08, 0x42, 0x08, 0x05, 0x19, 0x42, 0x08, 0x42, 0x08, 0x42, 0x08, 0x42, 0x08, 0x42, 0x08, 0x42, 0x08, 0x42, 0x08, 0x42, 0x08, 0x42, 0x08, 0x42, 0x08, 0x42, 0x08,
  0x42, 0x08, 0x42, 0x08, 0x06, 0x19, 0x42, 0x08, 0x42, 0x08, 0x42, 0x08, 0x42, 0x08, 0x42, 0x08, 0x42, 0x08, 0x42, 0x08, 0x42, 0x08, 0x42, 0x08, 0x42, 0x08, 0x42, 0x08, 0x42, 0x08, 0x42, 0x08,
  0x46, 0x19, 0x42, 0x08, 0x42, 0x08, 0x42, 0x08, 0x42, 0x08, 0x42, 0x08, 0x42, 0x08, 0x42, 0x08, 0x42, 0x08, 0x42, 0x08, 0x42, 0x08, 0x42, 0x08, 0x42, 0x08, 0x42, 0x08, 0x26, 0x19, 0x42, 0x08,
  0x42, 0x08, 0x42, 0x08, 0x42, 0x08, 0x42, 0x08, 0x42, 0x08, 0x42, 0x08, 0x42, 0x08, 0x42, 0x08, 0x42, 0x08, 0x42, 0x08, 0x42, 0x08, 0x42, 0x08, 0x26, 0x19, 0x42, 0x08, 0x42, 0x08, 0x42, 0x08,
  0x83, 0x08, 0x42, 0x08, 0x42, 0x08, 0x42, 0x08, 0x42, 0x08, 0x42, 0x08, 0x42, 0x08, 0x42, 0x08, 0x42, 0x08, 0x42, 0x08, 0x26, 0x19, 0x42, 0x08, 0x42, 0x08, 0x42, 0x08, 0x42, 0x08, 0x42, 0x08,
  0x42, 0x08, 0x42, 0x08, 0x42, 0x08, 0x42, 0x08, 0x42, 0x08, 0x42, 0x08, 0x42, 0x08, 0x42, 0x08, 0x27, 0x19, 0x42, 0x08, 0x42, 0x08, 0x42, 0x08, 0x42, 0x08, 0x42, 0x08, 0x42, 0x08, 0x42, 0x08,
  0x83, 0x08, 0x42, 0x08, 0x42, 0x08, 0x42, 0x08, 0x42, 0x08, 0x42, 0x08, 0x27, 0x19, 0x42, 0x08, 0x42, 0x08, 0x42, 0x08, 0x42, 0x08, 0x42, 0x08, 0x42, 0x08, 0x42, 0x08, 0x42, 0x08, 0x42, 0x08,
  0x42, 0x08, 0x42, 0x08, 0x42, 0x08, 0x42, 0x08, 0x26, 0x19, 0x42, 0x08, 0x42, 0x08, 0x42, 0x08, 0x42, 0x08, 0x42, 0x08, 0x42, 0x08, 0x42, 0x08, 0x42, 0x08, 0x42, 0x08, 0x42, 0x08, 0x42, 0x08,
  0x83, 0x08, 0x42, 0x08, 0x26, 0x19, 0x42, 0x08, 0x42, 0x08, 0x42, 0x08, 0x42, 0x08, 0x42, 0x08, 0x42, 0x08, 0x42, 0x08, 0x42, 0x08, 0x42, 0x08, 0x42, 0x08, 0x42, 0x08, 0x42, 0x08, 0x42, 0x08,
  0x26, 0x19, 0x42, 0x08, 0x42, 0x08, 0x42, 0x08, 0x42, 0x08, 0x42, 0x08, 0x42, 0x08, 0x42, 0x08, 0x42, 0x08, 0x42, 0x08, 0x42, 0x08, 0x42, 0x08, 0x42, 0x08, 0x42, 0x08, 0x06, 0x19, 0x42, 0x08,
  0x83, 0x08, 0x42, 0x08, 0x42, 0x08, 0x42, 0x08, 0x42, 0x08, 0x42, 0x08, 0x42, 0x08, 0x42, 0x08, 0x42, 0x08, 0x42, 0x08, 0x42, 0x08, 0x42, 0x08, 0x06, 0x19, 0x42, 0x08, 0x42, 0x08, 0x42, 0x08,
  0x42, 0x08, 0x42, 0x08, 0x42, 0x08, 0x42, 0x08, 0x42, 0x08, 0x42, 0x08, 0x42, 0x08, 0x42, 0x08, 0x42, 0x08, 0x42, 0x08, 0x05, 0x19, 0x42, 0x08, 0x42, 0x08, 0x42, 0x08, 0x42, 0x08, 0x42, 0x08,
  0x83, 0x08, 0x42, 0x08, 0x42, 0x08, 0x42, 0x08, 0x42, 0x08, 0x42, 0x08, 0x42, 0x08, 0x42, 0x08, 0x05, 0x19, 0x42, 0x08, 0x42, 0x08, 0x42, 0x08, 0x42, 0x08, 0x42, 0x08, 0x42, 0x08, 0x42, 0x08,
  0x42, 0x08, 0x42, 0x08, 0x42, 0x08, 0x42, 0x08, 0x42, 0x08, 0x42, 0x08, 0xe5, 0x10, 0x42, 0x08, 0x42, 0x08, 0x42, 0x08, 0x42, 0x08, 0x42, 0x08, 0x42, 0x08, 0x42, 0x08, 0x42, 0x08, 0x42, 0x08,
  0x83, 0x08, 0x42, 0x08, 0x42, 0x08, 0x42, 0x08, 0xe5, 0x10, 0x42, 0x08, 0x42, 0x08, 0x42, 0x08, 0x42, 0x08, 0x42, 0x08, 0x42, 0x08, 0x42, 0x08, 0x42, 0x08, 0x42, 0x08, 0x42, 0x08, 0x42, 0x08,
  0x42, 0x08, 0x42, 0x08, 0xe4, 0x10, 0x42, 0x08, 0x42, 0x08, 0x42, 0x08, 0x42, 0x08, 0x42, 0x08, 0x42, 0x08, 0x42, 0x08, 0x42, 0x08, 0x42, 0x08, 0x42, 0x08, 0x42, 0x08, 0x42, 0x08, 0x42, 0x08,
};

const lv_image_dsc_t bathwater = {
  .header.cf = LV_COLOR_FORMAT_RGB565,
  .header.magic = LV_IMAGE_HEADER_MAGIC,
  .header.w = 320,
  .header.h = 170,
  .data_size = 54400 * 2,
  .data = bathwater_map,
};
